host_id,ts,n_flows,n_distinct_ports,n_distinct_dsts,total_bytes,mean_duration,failed_logins,top_service,n_alerts,attack_family,label
h000,2024-03-01 00:00:00,21,5,8,61512,0.43392653343863974,0,http,0,benign,0
h001,2024-03-01 00:00:00,13,5,8,37256,0.4580671640545112,0,http,0,benign,0
h002,2024-03-01 00:00:00,11,3,7,31383,0.3182062712507804,1,http,0,benign,0
h003,2024-03-01 00:00:00,2,2,2,5973,0.7226639943505682,0,http,0,benign,0
h004,2024-03-01 00:00:00,2,2,2,572972,8.418579873835204,0,ssh,0,benign,0
h005,2024-03-01 00:00:00,6,3,4,76837,0.45085045583880223,0,dns,0,benign,0
h006,2024-03-01 00:00:00,14,4,6,63296,0.48676007781711983,0,http,1,benign,0
h007,2024-03-01 00:00:00,14,4,5,33076,0.7326768510268852,0,http,0,benign,0
h008,2024-03-01 00:00:00,8,4,4,10474,0.42385550353231294,0,http,0,benign,0
h009,2024-03-01 00:00:00,17,5,6,78475,0.6092662445959862,0,http,0,benign,0
h010,2024-03-01 00:00:00,13,5,8,41397,0.44712668842810754,0,http,0,benign,0
h011,2024-03-01 00:00:00,12,3,8,87650,0.8431671491108378,0,http,0,benign,0
h012,2024-03-01 00:00:00,13,5,7,85330,0.3731928229192699,1,http,0,benign,0
h013,2024-03-01 00:00:00,11,4,6,23538,0.51572014695232,0,http,0,benign,0
h014,2024-03-01 00:00:00,26,5,8,71866,0.42189428820976216,0,http,0,benign,0
h015,2024-03-01 00:00:00,16,4,7,133160,0.998385929506687,0,http,0,benign,0
h016,2024-03-01 00:00:00,11,5,6,76078,0.5052029695056663,0,http,0,benign,0
h017,2024-03-01 00:00:00,6,3,3,24269,0.5859464392317181,0,dns,0,benign,0
h018,2024-03-01 00:00:00,13,5,6,85306,0.7357608755618921,0,http,0,benign,0
h019,2024-03-01 00:00:00,7,3,4,27876,0.7215392824571991,0,http,0,benign,0
h020,2024-03-01 00:00:00,11,5,5,28113,0.6593927979432117,0,http,0,benign,0
h021,2024-03-01 00:00:00,4,2,3,18886,0.7524343595895089,0,http,0,benign,0
h022,2024-03-01 00:00:00,14,4,6,25719,0.5742754827241053,0,http,0,benign,0
h023,2024-03-01 00:00:00,20,4,6,45462,0.6161369710202338,0,http,0,benign,0
h024,2024-03-01 00:00:00,4,3,3,8076,0.6883522494996523,0,http,0,benign,0
h025,2024-03-01 00:00:00,55,53,33,146814,0.4783719929218988,0,other,0,benign,0
h026,2024-03-01 00:00:00,10,3,6,48271,0.9507498541723421,0,http,0,benign,0
h027,2024-03-01 00:00:00,1,1,1,1707,0.37021228665229566,0,http,0,benign,0
h028,2024-03-01 00:00:00,7,3,4,6036,0.3434159022916802,0,http,0,benign,0
h029,2024-03-01 00:00:00,23,4,8,97317,0.41691851763103616,0,http,0,benign,0
h030,2024-03-01 00:00:00,9,4,6,62243,0.31926313750182733,0,http,0,benign,0
h031,2024-03-01 00:00:00,24,5,8,84643,0.5358668415615518,1,http,0,benign,0
h032,2024-03-01 00:00:00,12,4,7,65822,0.6863027389534775,0,http,0,benign,0
h033,2024-03-01 00:00:00,10,5,6,28097,0.23745267829412753,0,http,0,benign,0
h034,2024-03-01 00:00:00,59,57,31,181977,0.7747526777760768,0,other,0,benign,0
h035,2024-03-01 00:00:00,7,4,5,16885,1.1918694759558641,0,http,0,benign,0
h036,2024-03-01 00:00:00,6,4,5,44421,1.0378780091505606,0,http,0,benign,0
h037,2024-03-01 00:00:00,18,5,7,60315,0.36419128519873106,2,http,0,benign,0
h038,2024-03-01 00:00:00,16,4,7,39725,0.3364912579732571,1,http,0,benign,0
h039,2024-03-01 00:00:00,25,5,7,55332,0.5316694680548021,0,http,0,benign,0
h040,2024-03-01 00:00:00,87,78,57,5250,0.059652649430516444,0,other,1,portscan,1
h041,2024-03-01 00:00:00,6,4,4,21383,0.9884094186730307,0,http,0,benign,0
h042,2024-03-01 00:00:00,80,76,58,5242,0.05716309747301644,0,other,1,portscan,1
h043,2024-03-01 00:00:00,4,3,3,18205,0.2392599115360647,0,http,0,benign,0
h044,2024-03-01 00:00:00,10,4,5,127231,0.35547818672993403,0,http,0,benign,0
h045,2024-03-01 00:00:00,6,4,4,26345,0.43410467129394464,0,http,0,benign,0
h046,2024-03-01 00:00:00,48,5,8,302996,0.6456811551866338,0,http,0,benign,0
h047,2024-03-01 00:00:00,8,4,7,89529,0.8014678013547412,0,http,0,benign,0
h048,2024-03-01 00:00:00,32,5,8,100988,0.6220464560013563,1,http,0,benign,0
h049,2024-03-01 00:00:00,16,5,8,56786,0.5056844267014576,0,http,0,benign,0
h050,2024-03-01 00:00:00,12,4,6,52851,0.5517211932830716,0,http,0,benign,0
h051,2024-03-01 00:00:00,13,4,6,63003,0.7717681045609704,0,http,0,benign,0
h052,2024-03-01 00:00:00,59,55,32,185891,0.7143919760858749,0,other,0,benign,0
h053,2024-03-01 00:00:00,28,5,8,89919,0.7253671436800619,1,http,0,benign,0
h054,2024-03-01 00:00:00,55,48,32,238528,0.35729356908709076,0,other,0,benign,0
h055,2024-03-01 00:00:00,3,3,3,6493,0.32643074011563805,0,http,0,benign,0
h056,2024-03-01 00:00:00,5,2,2,4281427,16.513654120635895,0,ssh,0,benign,0
h057,2024-03-01 00:00:00,14,4,7,46261,1.3984634360211423,0,http,0,benign,0
h058,2024-03-01 00:00:00,5,2,2,1742806,11.07598358399195,0,ssh,0,benign,0
h059,2024-03-01 00:00:00,14,5,7,51251,0.4329579958229036,0,http,0,benign,0
h000,2024-03-01 01:00:00,5,3,4,21101,0.5133378712258866,0,ssh,0,benign,0
h001,2024-03-01 01:00:00,8,3,5,34925,0.4816266293131557,1,http,0,benign,0
h002,2024-03-01 01:00:00,10,5,7,41083,1.2532791680473365,0,http,0,benign,0
h003,2024-03-01 01:00:00,58,55,38,4357,0.052884177239849325,0,other,1,portscan,1
h004,2024-03-01 01:00:00,1,1,1,376,0.5388697433242776,0,smtp,0,benign,0
h005,2024-03-01 01:00:00,9,4,6,44438,0.43445017347692283,1,http,0,benign,0
h006,2024-03-01 01:00:00,1,1,1,1539,0.054526740732868346,0,http,0,benign,0
h007,2024-03-01 01:00:00,13,4,7,160371,0.7006974897684672,0,http,0,benign,0
h008,2024-03-01 01:00:00,13,5,6,33556,0.47846534174987104,0,http,0,benign,0
h009,2024-03-01 01:00:00,17,5,5,46438,0.6872478745158174,0,http,0,benign,0
h010,2024-03-01 01:00:00,2,2,2,9421,0.7212134347365983,0,dns,0,benign,0
h011,2024-03-01 01:00:00,12,3,8,48901,0.5598943082494958,0,http,0,benign,0
h012,2024-03-01 01:00:00,26,5,8,74607,0.7558895827797532,0,http,0,benign,0
h013,2024-03-01 01:00:00,7,3,6,85336,0.6508279968884055,0,http,0,benign,0
h014,2024-03-01 01:00:00,6,3,4,13355,0.1856119423836813,0,http,0,benign,0
h015,2024-03-01 01:00:00,41,5,8,196088,0.8557798129396925,0,http,0,benign,0
h016,2024-03-01 01:00:00,21,5,8,138017,0.4719086299667105,0,http,0,benign,0
h017,2024-03-01 01:00:00,16,5,7,70677,0.5095090199159811,0,http,0,benign,0
h018,2024-03-01 01:00:00,1,1,1,708,0.09759351901884822,0,ssh,0,benign,0
h019,2024-03-01 01:00:00,5,3,4,5140,1.0708263564352922,0,http,0,benign,0
h020,2024-03-01 01:00:00,22,5,8,74810,0.5963296351851777,0,http,0,benign,0
h021,2024-03-01 01:00:00,6,4,4,14302,0.7959610406703854,0,http,0,benign,0
h022,2024-03-01 01:00:00,14,4,7,28196,0.6202958049179311,0,http,0,benign,0
h023,2024-03-01 01:00:00,1,1,1,5532,3.822388391104362,0,http,0,benign,0
h024,2024-03-01 01:00:00,5,3,5,11621,0.4456611953044648,0,http,0,benign,0
h025,2024-03-01 01:00:00,6,3,5,23674,0.8369149094704126,0,http,0,benign,0
h026,2024-03-01 01:00:00,14,3,6,56992,0.84227255164239,0,http,0,benign,0
h027,2024-03-01 01:00:00,18,4,7,42607,0.5356526758073089,0,http,0,benign,0
h028,2024-03-01 01:00:00,8,4,6,79752,0.7408232111560145,0,http,0,benign,0
h029,2024-03-01 01:00:00,3,1,2,1363421,12.208605605302251,0,ssh,0,benign,0
h030,2024-03-01 01:00:00,14,4,6,55989,0.3809323215625434,0,http,0,benign,0
h031,2024-03-01 01:00:00,6,3,4,3924,0.5117802323888611,0,http,0,benign,0
h032,2024-03-01 01:00:00,3,2,2,2771,0.4363459787498262,0,http,0,benign,0
h033,2024-03-01 01:00:00,32,4,8,182345,0.36399863851236175,0,http,0,benign,0
h034,2024-03-01 01:00:00,8,2,5,25009,0.6041811634365688,0,http,0,benign,0
h035,2024-03-01 01:00:00,11,4,5,39362,0.6342815325530492,0,http,0,benign,0
h036,2024-03-01 01:00:00,13,4,6,39804,0.40967721800422213,0,http,0,benign,0
h037,2024-03-01 01:00:00,50,1,3,7828,0.27580807671527036,34,ssh,1,bruteforce,1
h038,2024-03-01 01:00:00,15,4,7,67726,0.52717372623862,0,http,0,benign,0
h039,2024-03-01 01:00:00,49,47,28,149178,0.50277165869033,0,other,0,benign,0
h040,2024-03-01 01:00:00,5,4,3,27602,0.20902516939653237,0,ssh,0,benign,0
h041,2024-03-01 01:00:00,6,3,5,13573,0.6613953824144251,0,http,0,benign,0
h042,2024-03-01 01:00:00,8,5,4,18358,0.8300619075147324,0,http,0,benign,0
h043,2024-03-01 01:00:00,12,5,5,82903,0.3368618664366611,0,http,0,benign,0
h044,2024-03-01 01:00:00,16,4,7,65938,0.5646241766062479,0,http,0,benign,0
h045,2024-03-01 01:00:00,117,105,83,7401,0.05287299134773338,0,other,0,benign,0
h046,2024-03-01 01:00:00,9,3,6,32408,0.5095815986909337,0,http,0,benign,0
h047,2024-03-01 01:00:00,9,3,4,33056,1.0231047860397362,0,http,0,benign,0
h048,2024-03-01 01:00:00,10,4,6,22705,0.4702607182902714,0,http,0,benign,0
h049,2024-03-01 01:00:00,18,5,6,61424,0.49519519335187945,0,http,0,benign,0
h050,2024-03-01 01:00:00,3,2,2,1109596,4.5223504472977405,0,http,0,benign,0
h051,2024-03-01 01:00:00,1,1,1,509,0.27327081093493577,0,http,0,benign,0
h052,2024-03-01 01:00:00,11,5,6,22370,0.519253981386221,0,http,0,benign,0
h053,2024-03-01 01:00:00,15,5,6,45414,0.9908978065067827,0,http,0,benign,0
h054,2024-03-01 01:00:00,9,5,6,34914,1.3038451890285203,0,http,0,benign,0
h055,2024-03-01 01:00:00,28,4,8,99708,0.5331428018437198,0,http,0,benign,0
h056,2024-03-01 01:00:00,1,1,1,1955,2.706292222088335,0,http,0,benign,0
h057,2024-03-01 01:00:00,3,3,3,49603,0.17124770220146754,0,http,0,benign,0
h058,2024-03-01 01:00:00,11,4,7,51734,0.575139516987552,0,http,0,benign,0
h059,2024-03-01 01:00:00,17,4,8,202898,0.8907395899132894,0,http,0,benign,0
h000,2024-03-01 02:00:00,47,5,8,288689,0.5381250293264261,0,http,0,benign,0
h001,2024-03-01 02:00:00,52,1,3,9486,0.25807659463951177,45,ssh,1,bruteforce,1
h002,2024-03-01 02:00:00,4,3,3,9522,0.5158169905236424,0,ssh,0,benign,0
h003,2024-03-01 02:00:00,4,1,4,17523,0.7571541665204603,0,http,0,benign,0
h004,2024-03-01 02:00:00,52,48,28,156902,0.4524517134061208,0,other,0,benign,0
h005,2024-03-01 02:00:00,4,3,3,15571,0.6899740845621612,0,http,0,benign,0
h006,2024-03-01 02:00:00,10,4,4,33693,0.33579841580375913,0,http,0,benign,0
h007,2024-03-01 02:00:00,15,4,7,110237,0.7160549984220984,0,http,0,benign,0
h008,2024-03-01 02:00:00,6,4,4,22816,0.3724959811056514,0,http,0,benign,0
h009,2024-03-01 02:00:00,17,4,5,68916,0.5366848117671068,0,http,0,benign,0
h010,2024-03-01 02:00:00,7,3,4,16083,0.3565771118176646,0,http,0,benign,0
h011,2024-03-01 02:00:00,7,3,4,40547,0.2997584063301244,1,http,0,benign,0
h012,2024-03-01 02:00:00,3,2,2,3522,0.4450928034979686,0,http,0,benign,0
h013,2024-03-01 02:00:00,5,3,4,37106,0.49987050278598416,1,http,0,benign,0
h014,2024-03-01 02:00:00,82,79,58,5280,0.060423024695536065,0,other,1,portscan,1
h015,2024-03-01 02:00:00,26,5,8,92226,0.8880969799942527,0,http,0,benign,0
h016,2024-03-01 02:00:00,16,5,7,64738,0.6537591277648995,0,http,0,benign,0
h017,2024-03-01 02:00:00,25,5,8,139631,0.6925068124036193,1,http,0,benign,0
h018,2024-03-01 02:00:00,9,4,6,162698,0.7473773560189518,0,http,1,benign,0
h019,2024-03-01 02:00:00,14,3,6,48509,0.5209472607291262,0,http,0,benign,0
h020,2024-03-01 02:00:00,12,4,7,38554,0.5566172294171344,0,http,0,benign,0
h021,2024-03-01 02:00:00,12,3,6,52547,0.5017609869547305,0,http,0,benign,0
h022,2024-03-01 02:00:00,6,3,5,45235,0.7461300325817869,0,http,0,benign,0
h023,2024-03-01 02:00:00,5,3,5,9044,0.5824664716298783,0,http,0,benign,0
h024,2024-03-01 02:00:00,16,4,8,61090,0.574779468212208,0,http,0,benign,0
h025,2024-03-01 02:00:00,104,95,72,7448,0.05341394475579753,0,other,1,portscan,1
h026,2024-03-01 02:00:00,5,2,3,15236,0.6114131370906141,0,http,0,benign,0
h027,2024-03-01 02:00:00,25,5,8,149977,0.49542246393341144,0,http,0,benign,0
h028,2024-03-01 02:00:00,48,45,25,104827,0.6775627188628254,0,other,0,benign,0
h029,2024-03-01 02:00:00,8,4,6,34207,0.6100119604070328,0,http,0,benign,0
h030,2024-03-01 02:00:00,8,4,6,43333,0.45540000087109644,0,http,0,benign,0
h031,2024-03-01 02:00:00,17,4,8,58011,1.231298348613561,0,http,0,benign,0
h032,2024-03-01 02:00:00,5,2,5,14386,0.5016014874922393,0,http,0,benign,0
h033,2024-03-01 02:00:00,39,5,8,229544,0.7108259953946913,0,http,0,benign,0
h034,2024-03-01 02:00:00,10,4,4,26745,0.6610016618581701,0,http,0,benign,0
h035,2024-03-01 02:00:00,6,3,5,73571,1.0171496396810893,0,http,0,benign,0
h036,2024-03-01 02:00:00,15,5,6,71376,0.6321238749326313,0,http,0,benign,0
h037,2024-03-01 02:00:00,7,3,4,17616,0.4564451248761037,0,http,0,benign,0
h038,2024-03-01 02:00:00,8,2,5,29315,0.41540632497073054,0,http,0,benign,0
h039,2024-03-01 02:00:00,10,4,6,39156,0.5589867812306423,0,http,0,benign,0
h040,2024-03-01 02:00:00,12,3,6,37289,0.6552238517534715,0,http,0,benign,0
h041,2024-03-01 02:00:00,24,4,8,97716,0.44379357713074624,0,http,0,benign,0
h042,2024-03-01 02:00:00,16,4,7,40575,0.7829014978668494,0,http,0,benign,0
h043,2024-03-01 02:00:00,13,3,5,63861,0.36288957778332964,0,http,0,benign,0
h044,2024-03-01 02:00:00,16,4,7,24704,0.43071718748604837,0,http,0,benign,0
h045,2024-03-01 02:00:00,17,5,8,42704,0.44982521645474166,0,http,0,benign,0
h046,2024-03-01 02:00:00,2,1,1,4323,0.3480510110909898,0,http,0,benign,0
h047,2024-03-01 02:00:00,3,2,3,24466,0.4624271306183137,0,http,0,benign,0
h048,2024-03-01 02:00:00,62,51,31,192079,0.6104396868968477,0,other,0,benign,0
h049,2024-03-01 02:00:00,60,57,28,210862,0.582394612942258,0,other,0,benign,0
h050,2024-03-01 02:00:00,14,4,8,92977,0.44433831973699967,0,http,0,benign,0
h051,2024-03-01 02:00:00,47,45,30,124686,0.8038832117046211,0,other,0,benign,0
h052,2024-03-01 02:00:00,22,5,8,92948,0.8167107825851588,0,http,0,benign,0
h053,2024-03-01 02:00:00,3,2,3,25227,1.5175870743350917,0,http,0,benign,0
h054,2024-03-01 02:00:00,11,4,7,44394,0.5353460365730816,0,http,0,benign,0
h055,2024-03-01 02:00:00,3,3,3,5090,0.4103188998343496,0,http,0,benign,0
h056,2024-03-01 02:00:00,14,4,5,31388,0.49384652230642284,1,http,0,benign,0
h057,2024-03-01 02:00:00,7,3,4,18917,0.5489839877608699,0,http,0,benign,0
h058,2024-03-01 02:00:00,10,3,7,73795,0.9275821068961783,0,http,0,benign,0
h059,2024-03-01 02:00:00,9,4,6,29314,0.9260066096612228,0,ssh,0,benign,0
h000,2024-03-01 03:00:00,25,5,7,69291,0.4900368907366673,0,http,0,benign,0
h001,2024-03-01 03:00:00,12,5,7,18910,0.9387383797848727,0,http,0,benign,0
h002,2024-03-01 03:00:00,2,2,1,626,0.20407903170488612,0,ssh,0,benign,0
h003,2024-03-01 03:00:00,1,1,1,418,0.22184725088242385,0,dns,0,benign,0
h004,2024-03-01 03:00:00,40,5,8,106544,0.6000275841803174,0,http,0,benign,0
h005,2024-03-01 03:00:00,6,4,4,13163,0.5717869041298154,1,http,0,benign,0
h006,2024-03-01 03:00:00,13,4,6,56165,0.4665057475314626,0,http,0,benign,0
h007,2024-03-01 03:00:00,5,3,3,23466,0.7985274484023744,0,http,0,benign,0
h008,2024-03-01 03:00:00,10,3,5,28199,0.26125088494883186,0,http,0,benign,0
h009,2024-03-01 03:00:00,6,4,3,23109,0.6363246758043746,0,http,0,benign,0
h010,2024-03-01 03:00:00,9,2,2,4226638,19.35048579824578,0,ssh,0,benign,0
h011,2024-03-01 03:00:00,4,2,3,50388,0.6819634483106485,0,http,0,benign,0
h012,2024-03-01 03:00:00,5,3,3,15118,0.5218304917292589,0,http,0,benign,0
h013,2024-03-01 03:00:00,8,4,7,171211,0.1805855194976656,0,http,0,benign,0
h014,2024-03-01 03:00:00,6,2,3,26052,0.6407928754183334,0,http,0,benign,0
h015,2024-03-01 03:00:00,50,48,28,108025,0.5179818436574551,0,other,1,benign,0
h016,2024-03-01 03:00:00,8,4,6,63661,0.13753373393301002,0,http,0,benign,0
h017,2024-03-01 03:00:00,14,4,7,61768,0.7547642536372875,0,http,0,benign,0
h018,2024-03-01 03:00:00,5,2,4,19765,0.3942458582550525,0,http,0,benign,0
h019,2024-03-01 03:00:00,6,4,4,21965,0.1677135205447214,0,http,0,benign,0
h020,2024-03-01 03:00:00,7,3,6,17707,0.3083446003202827,0,http,0,benign,0
h021,2024-03-01 03:00:00,11,4,7,29572,0.6715125947060007,0,dns,0,benign,0
h022,2024-03-01 03:00:00,20,5,8,85739,0.8650896461050209,1,http,0,benign,0
h023,2024-03-01 03:00:00,4,3,4,18670,0.5173813470482163,0,http,0,benign,0
h024,2024-03-01 03:00:00,7,4,4,17194,0.5100217525453555,0,http,0,benign,0
h025,2024-03-01 03:00:00,2,1,2,12433,0.6726915164548795,0,dns,0,benign,0
h026,2024-03-01 03:00:00,50,49,28,135254,0.5563757302462239,0,other,0,benign,0
h027,2024-03-01 03:00:00,1,1,1,3067,0.2080851869238667,0,http,0,benign,0
h028,2024-03-01 03:00:00,7,5,5,44999,0.45242404242696743,0,http,0,benign,0
h029,2024-03-01 03:00:00,39,1,3,6064,0.24855066208620571,34,ssh,1,bruteforce,1
h030,2024-03-01 03:00:00,13,4,8,93228,0.46534358438628953,0,http,0,benign,0
h031,2024-03-01 03:00:00,8,2,2,5143733,12.268397871542073,0,ssh,0,benign,0
h032,2024-03-01 03:00:00,16,4,5,59980,0.6019732485508664,0,http,0,benign,0
h033,2024-03-01 03:00:00,2,2,2,50420,0.8842747149573698,0,http,0,benign,0
h034,2024-03-01 03:00:00,5,3,3,35597,0.2565210939243469,0,http,0,benign,0
h035,2024-03-01 03:00:00,2,2,2,5007,0.6583926904486923,0,smtp,0,benign,0
h036,2024-03-01 03:00:00,6,3,5,16164,0.3136674996089973,0,http,0,benign,0
h037,2024-03-01 03:00:00,10,3,8,86742,0.7283716020166148,0,http,0,benign,0
h038,2024-03-01 03:00:00,29,5,7,76806,1.1943730896800624,0,http,0,benign,0
h039,2024-03-01 03:00:00,11,5,6,25901,0.4542093520256297,0,http,0,benign,0
h040,2024-03-01 03:00:00,23,4,8,122852,0.48083580898684725,0,http,0,benign,0
h041,2024-03-01 03:00:00,9,4,5,55037,0.3238760910138988,2,http,0,benign,0
h042,2024-03-01 03:00:00,6,2,4,22727,0.2963910831128684,0,http,0,benign,0
h043,2024-03-01 03:00:00,10,4,6,56259,0.47792381201032574,0,http,0,benign,0
h044,2024-03-01 03:00:00,19,5,8,131070,1.0968627088371024,0,http,0,benign,0
h045,2024-03-01 03:00:00,3,2,3,14496,0.44512822882358205,0,http,0,benign,0
h046,2024-03-01 03:00:00,13,5,5,25978,0.47760575437158637,1,http,0,benign,0
h047,2024-03-01 03:00:00,3,2,3,35736,0.8691079219691145,0,http,0,benign,0
h048,2024-03-01 03:00:00,2,2,2,5053,0.17091604471666977,0,ssh,0,benign,0
h049,2024-03-01 03:00:00,14,5,7,38571,0.3602113388045442,0,http,0,benign,0
h050,2024-03-01 03:00:00,16,4,8,48544,0.48981885849793405,0,http,0,benign,0
h051,2024-03-01 03:00:00,4,3,4,5527,0.5391927891827885,1,dns,0,benign,0
h052,2024-03-01 03:00:00,3,2,2,16495,0.9196633150065203,0,http,0,benign,0
h053,2024-03-01 03:00:00,21,5,8,78092,0.5658349773173222,0,http,0,benign,0
h054,2024-03-01 03:00:00,51,1,3,7432,0.25146409715510326,43,ssh,0,benign,0
h055,2024-03-01 03:00:00,11,4,6,44447,0.28274408337109097,0,http,0,benign,0
h056,2024-03-01 03:00:00,6,2,5,20406,0.8661183983861221,0,http,0,benign,0
h057,2024-03-01 03:00:00,12,4,7,37471,0.5349981127931003,0,http,0,benign,0
h058,2024-03-01 03:00:00,70,66,49,4438,0.054038358643684004,0,other,1,portscan,1
h059,2024-03-01 03:00:00,22,4,7,60285,0.8160810847598796,0,http,0,benign,0
h000,2024-03-01 04:00:00,14,4,7,46781,0.6506422264613115,0,http,0,benign,0
h001,2024-03-01 04:00:00,18,5,7,70630,0.4143561413849915,0,http,0,benign,0
h002,2024-03-01 04:00:00,18,4,8,40342,0.6096260072493538,0,http,0,benign,0
h003,2024-03-01 04:00:00,5,3,4,4754,0.9564919607918079,0,http,0,benign,0
h004,2024-03-01 04:00:00,31,4,7,609781,0.5384806209438731,0,http,0,benign,0
h005,2024-03-01 04:00:00,20,5,7,124969,0.5304403235435633,0,http,0,benign,0
h006,2024-03-01 04:00:00,35,5,8,133078,0.5471799015544003,1,http,0,benign,0
h007,2024-03-01 04:00:00,12,4,7,166516,0.6589516143145009,0,http,0,benign,0
h008,2024-03-01 04:00:00,47,44,25,110580,0.658556583697539,0,other,0,benign,0
h009,2024-03-01 04:00:00,9,3,5,22974,0.8119582023983771,0,http,0,benign,0
h010,2024-03-01 04:00:00,5,3,4,12689,0.4470232738988149,1,http,0,benign,0
h011,2024-03-01 04:00:00,17,5,7,67089,0.5287237723627112,0,http,0,benign,0
h012,2024-03-01 04:00:00,24,5,7,68346,0.6482768675969158,2,http,0,benign,0
h013,2024-03-01 04:00:00,19,5,8,57076,0.4290612480264737,0,http,0,benign,0
h014,2024-03-01 04:00:00,21,4,8,41770,0.9211939282509657,1,http,0,benign,0
h015,2024-03-01 04:00:00,10,5,7,32502,0.9677502792309459,0,dns,0,benign,0
h016,2024-03-01 04:00:00,8,2,2,3546243,24.882398425968802,0,http,0,benign,0
h017,2024-03-01 04:00:00,4,2,3,10676,0.3636112210170317,0,http,0,benign,0
h018,2024-03-01 04:00:00,20,5,8,109434,0.4558770761875207,0,http,0,benign,0
h019,2024-03-01 04:00:00,3,1,2,6142,0.6448109142835045,0,http,0,benign,0
h020,2024-03-01 04:00:00,13,5,8,56343,0.7304217786113759,0,http,0,benign,0
h021,2024-03-01 04:00:00,8,4,6,32054,0.16121038017425657,0,http,0,benign,0
h022,2024-03-01 04:00:00,3,2,2,1098658,14.528886604068314,0,ssh,0,benign,0
h023,2024-03-01 04:00:00,20,5,7,84294,0.34991488161027456,0,http,0,benign,0
h024,2024-03-01 04:00:00,5,2,2,2152539,17.755078164132506,0,ssh,0,benign,0
h025,2024-03-01 04:00:00,15,4,7,25762,0.7288121883082876,1,http,0,benign,0
h026,2024-03-01 04:00:00,25,5,8,83910,1.024619628039986,0,http,0,benign,0
h027,2024-03-01 04:00:00,21,5,8,62693,0.8440092669731862,1,http,0,benign,0
h028,2024-03-01 04:00:00,7,3,5,25934,1.3446458939567392,0,http,0,benign,0
h029,2024-03-01 04:00:00,22,4,7,66329,0.6369830176846872,0,http,0,benign,0
h030,2024-03-01 04:00:00,14,3,7,67777,0.528864225950619,0,http,0,benign,0
h031,2024-03-01 04:00:00,4,3,3,8981,0.36078288075404097,0,http,0,benign,0
h032,2024-03-01 04:00:00,14,5,7,37411,0.7318816954031325,0,http,0,benign,0
h033,2024-03-01 04:00:00,12,5,6,121561,0.5614520275524756,0,http,0,benign,0
h034,2024-03-01 04:00:00,4,1,3,20365,0.5734022112536762,0,http,0,benign,0
h035,2024-03-01 04:00:00,10,5,6,83630,0.6696249925046687,0,http,0,benign,0
h036,2024-03-01 04:00:00,12,5,6,57853,0.6394632011402438,0,http,0,benign,0
h037,2024-03-01 04:00:00,36,5,8,141181,0.7415806236919881,0,http,0,benign,0
h038,2024-03-01 04:00:00,12,5,6,78157,0.4297020515322134,0,http,0,benign,0
h039,2024-03-01 04:00:00,8,3,4,13699,0.39938542526642734,0,http,0,benign,0
h040,2024-03-01 04:00:00,30,5,7,121915,0.49722192331880677,0,http,0,benign,0
h041,2024-03-01 04:00:00,3,2,3,33650,0.15695364871523565,0,http,0,benign,0
h042,2024-03-01 04:00:00,20,4,7,73882,0.4003035820433444,1,http,0,benign,0
h043,2024-03-01 04:00:00,2,2,2,8887,0.47122123674356675,0,http,0,benign,0
h044,2024-03-01 04:00:00,30,5,8,116204,0.7824451063259157,0,http,0,benign,0
h045,2024-03-01 04:00:00,8,4,5,17926,1.405402728218041,0,http,0,benign,0
h046,2024-03-01 04:00:00,13,3,7,52270,0.7149826212870332,1,http,0,benign,0
h047,2024-03-01 04:00:00,14,4,7,34305,0.6931618632674933,0,http,0,benign,0
h048,2024-03-01 04:00:00,22,5,8,66964,0.7051273141745367,0,http,0,benign,0
h049,2024-03-01 04:00:00,11,4,7,39449,0.42603196093290696,0,http,0,benign,0
h050,2024-03-01 04:00:00,19,4,8,60638,0.5543871998249792,0,http,0,benign,0
h051,2024-03-01 04:00:00,88,1,3,15370,0.2768333611290589,85,ssh,1,bruteforce,1
h052,2024-03-01 04:00:00,33,5,8,128222,0.6371537855911907,0,http,0,benign,0
h053,2024-03-01 04:00:00,15,5,8,29493,0.7292836496909004,0,http,0,benign,0
h054,2024-03-01 04:00:00,4,3,4,7074,0.4849338102024202,0,http,0,benign,0
h055,2024-03-01 04:00:00,9,4,6,15398,0.9761019725231268,0,http,0,benign,0
h056,2024-03-01 04:00:00,17,4,6,55940,0.49227938423983075,0,http,0,benign,0
h057,2024-03-01 04:00:00,3,2,2,741850,11.442163221780184,0,http,0,benign,0
h058,2024-03-01 04:00:00,5,2,2,3139930,17.39708309147611,0,ssh,0,benign,0
h059,2024-03-01 04:00:00,20,4,7,63728,0.6502724636036997,0,http,0,benign,0
h000,2024-03-01 05:00:00,13,3,7,57601,0.5625385499800452,0,http,0,benign,0
h001,2024-03-01 05:00:00,10,3,7,23771,0.51373662579692,1,http,0,benign,0
h002,2024-03-01 05:00:00,10,4,6,32382,0.42211711423353016,0,http,0,benign,0
h003,2024-03-01 05:00:00,19,4,8,91597,0.6739429045786008,0,http,0,benign,0
h004,2024-03-01 05:00:00,14,3,4,61347,0.3547989510046197,0,http,0,benign,0
h005,2024-03-01 05:00:00,50,44,28,161928,0.5317450281631055,0,other,0,benign,0
h006,2024-03-01 05:00:00,50,47,27,152656,0.8639040284502559,0,other,0,benign,0
h007,2024-03-01 05:00:00,3,2,3,3483,0.5647762908806278,0,ssh,0,benign,0
h008,2024-03-01 05:00:00,6,3,4,76399,0.2014247423236956,0,http,0,benign,0
h009,2024-03-01 05:00:00,148,135,99,10140,0.0579168639933006,0,other,1,portscan,1
h010,2024-03-01 05:00:00,27,5,8,97259,0.5078856087714573,0,http,0,benign,0
h011,2024-03-01 05:00:00,6,3,5,9696,0.47929857506670864,0,ssh,0,benign,0
h012,2024-03-01 05:00:00,10,4,5,54469,0.5333116287299717,0,http,0,benign,0
h013,2024-03-01 05:00:00,10,4,5,35525,0.3949138164539304,0,http,0,benign,0
h014,2024-03-01 05:00:00,6,2,1,1424179,19.20768067893655,0,http,1,exfil,1
h015,2024-03-01 05:00:00,36,5,8,120114,0.6458874721250477,0,http,0,benign,0
h016,2024-03-01 05:00:00,6,3,5,33421,0.5470935539218743,0,http,0,benign,0
h017,2024-03-01 05:00:00,9,2,1,8246790,35.70435717235132,0,ssh,1,exfil,1
h018,2024-03-01 05:00:00,3,2,3,120606,0.5939031347297785,0,dns,0,benign,0
h019,2024-03-01 05:00:00,5,2,4,13077,0.5108080788721534,0,http,0,benign,0
h020,2024-03-01 05:00:00,9,4,6,18221,0.4768580848845257,0,http,0,benign,0
h021,2024-03-01 05:00:00,31,5,8,162046,0.5009986668814387,0,http,0,benign,0
h022,2024-03-01 05:00:00,11,3,5,28787,0.470768531838128,0,http,0,benign,0
h023,2024-03-01 05:00:00,23,4,8,288521,0.4721581618520211,1,http,0,benign,0
h024,2024-03-01 05:00:00,2,2,1,1509,0.2938862495847344,0,http,0,benign,0
h025,2024-03-01 05:00:00,25,5,8,66504,0.8190450999547061,1,http,0,benign,0
h026,2024-03-01 05:00:00,21,4,7,51070,1.0308210966707194,0,http,0,benign,0
h027,2024-03-01 05:00:00,25,5,8,71108,0.4907764239595358,0,http,0,benign,0
h028,2024-03-01 05:00:00,11,4,6,42417,0.46802303424782427,0,http,0,benign,0
h029,2024-03-01 05:00:00,9,3,5,24496,0.4191884884439896,0,http,0,benign,0
h030,2024-03-01 05:00:00,7,2,2,2026643,27.167456496511555,0,ssh,0,benign,0
h031,2024-03-01 05:00:00,4,2,3,2568,0.5564881599116371,0,http,0,benign,0
h032,2024-03-01 05:00:00,14,4,7,89435,0.5547162516864783,0,http,0,benign,0
h033,2024-03-01 05:00:00,27,4,8,130577,0.4637249184191948,0,http,0,benign,0
h034,2024-03-01 05:00:00,11,3,7,30448,0.5114808188634723,0,http,0,benign,0
h035,2024-03-01 05:00:00,22,5,6,136672,0.49969334306515645,0,http,0,benign,0
h036,2024-03-01 05:00:00,45,43,28,135097,0.8450536650760975,0,other,0,benign,0
h037,2024-03-01 05:00:00,23,4,7,90210,0.45976915417332914,0,http,0,benign,0
h038,2024-03-01 05:00:00,2,1,2,560956,10.46863832849262,0,ssh,0,benign,0
h039,2024-03-01 05:00:00,90,85,71,5610,0.060226552447502295,0,other,0,benign,0
h040,2024-03-01 05:00:00,8,3,5,97206,0.6401204905034332,0,http,0,benign,0
h041,2024-03-01 05:00:00,16,4,7,52412,0.41151280463612516,0,http,0,benign,0
h042,2024-03-01 05:00:00,8,3,5,39262,0.7306517294472655,1,http,0,benign,0
h043,2024-03-01 05:00:00,12,4,7,97384,0.6969186333363062,1,http,0,benign,0
h044,2024-03-01 05:00:00,28,5,8,180784,0.5182794338997174,0,http,0,benign,0
h045,2024-03-01 05:00:00,13,5,7,86837,0.4529216594378261,0,http,0,benign,0
h046,2024-03-01 05:00:00,31,4,8,85813,0.5860600752278838,0,http,0,benign,0
h047,2024-03-01 05:00:00,13,3,7,39194,0.6581353012248802,0,http,0,benign,0
h048,2024-03-01 05:00:00,6,4,3,20644,0.466558673082162,0,http,0,benign,0
h049,2024-03-01 05:00:00,3,2,3,10658,0.6164346366833823,0,http,0,benign,0
h050,2024-03-01 05:00:00,12,4,8,84456,0.41067391297928935,0,http,0,benign,0
h051,2024-03-01 05:00:00,10,5,5,58518,0.7169805462054752,0,http,0,benign,0
h052,2024-03-01 05:00:00,13,3,8,42131,0.6895186208157027,0,http,0,benign,0
h053,2024-03-01 05:00:00,38,5,8,131911,0.4899767964726761,0,http,0,benign,0
h054,2024-03-01 05:00:00,2,1,2,600917,12.751632486817407,0,ssh,0,benign,0
h055,2024-03-01 05:00:00,13,5,8,38908,1.090590596051456,0,http,0,benign,0
h056,2024-03-01 05:00:00,8,2,5,17777,0.5278397185889041,0,http,0,benign,0
h057,2024-03-01 05:00:00,8,4,6,29624,0.680909709961582,0,http,0,benign,0
h058,2024-03-01 05:00:00,6,3,5,29813,0.6832601380380582,0,http,0,benign,0
h059,2024-03-01 05:00:00,7,3,6,24662,0.41592285090201525,0,dns,0,benign,0
h000,2024-03-01 06:00:00,14,3,8,84553,0.33823702892498625,0,http,0,benign,0
h001,2024-03-01 06:00:00,6,3,4,15370,0.4312430054397729,0,http,0,benign,0
h002,2024-03-01 06:00:00,6,3,5,5578,0.38643688024238027,0,http,0,benign,0
h003,2024-03-01 06:00:00,45,41,30,168911,0.7778762055124858,0,other,0,benign,0
h004,2024-03-01 06:00:00,8,4,6,22686,0.39074999453578785,0,http,0,benign,0
h005,2024-03-01 06:00:00,10,3,6,27460,0.6302980741298981,0,http,0,benign,0
h006,2024-03-01 06:00:00,3,2,2,66901,0.4499445434598519,0,ssh,0,benign,0
h007,2024-03-01 06:00:00,12,3,7,30189,0.9653337415148912,0,http,0,benign,0
h008,2024-03-01 06:00:00,31,1,3,4847,0.2427663964618124,23,ssh,1,bruteforce,1
h009,2024-03-01 06:00:00,14,4,7,49331,0.6440321924470432,0,http,0,benign,0
h010,2024-03-01 06:00:00,15,5,7,52960,0.39679690935491413,1,http,0,benign,0
h011,2024-03-01 06:00:00,72,5,8,394723,0.579276033303004,1,http,0,benign,0
h012,2024-03-01 06:00:00,18,5,7,137492,0.4220207947185596,0,http,0,benign,0
h013,2024-03-01 06:00:00,45,41,29,121451,0.6186293249234198,0,other,0,benign,0
h014,2024-03-01 06:00:00,75,5,8,364447,0.658275417544167,1,http,0,benign,0
h015,2024-03-01 06:00:00,15,4,7,55002,0.5292673068691017,0,http,0,benign,0
h016,2024-03-01 06:00:00,12,5,6,67901,0.7430410502898631,0,http,0,benign,0
h017,2024-03-01 06:00:00,5,3,3,14216,0.3893517119906329,0,http,0,benign,0
h018,2024-03-01 06:00:00,7,3,6,83339,0.577210675602764,0,http,0,benign,0
h019,2024-03-01 06:00:00,11,3,6,46378,0.6846954966430036,1,http,0,benign,0
h020,2024-03-01 06:00:00,12,4,5,55984,0.5451474687956662,0,http,0,benign,0
h021,2024-03-01 06:00:00,9,4,5,24021,0.38565722763687255,0,http,0,benign,0
h022,2024-03-01 06:00:00,4,3,3,4182,0.8202968016188529,0,http,0,benign,0
h023,2024-03-01 06:00:00,6,2,2,2210919,35.553051238379275,0,http,0,benign,0
h024,2024-03-01 06:00:00,4,3,3,44243,1.1603280698085143,0,http,1,benign,0
h025,2024-03-01 06:00:00,7,3,4,18211,1.7861599187689023,0,http,0,benign,0
h026,2024-03-01 06:00:00,27,4,8,109903,0.4777247804649384,0,http,0,benign,0
h027,2024-03-01 06:00:00,4,2,1,4142468,31.329292072016187,0,ssh,1,exfil,1
h028,2024-03-01 06:00:00,7,2,5,21289,0.4087522551610277,0,http,0,benign,0
h029,2024-03-01 06:00:00,4,4,4,17191,2.125565135837246,0,http,0,benign,0
h030,2024-03-01 06:00:00,12,4,7,118330,0.6364111391002054,0,http,0,benign,0
h031,2024-03-01 06:00:00,22,4,8,85866,0.7131696575542509,0,http,0,benign,0
h032,2024-03-01 06:00:00,15,3,8,80594,0.6200135862575427,1,http,0,benign,0
h033,2024-03-01 06:00:00,12,5,7,48955,0.512378741126207,0,http,0,benign,0
h034,2024-03-01 06:00:00,5,4,3,38952,1.4921531272197008,0,http,0,benign,0
h035,2024-03-01 06:00:00,2,2,2,3228,0.4019567472014741,0,http,0,benign,0
h036,2024-03-01 06:00:00,7,3,6,18060,0.5730189025298912,0,http,0,benign,0
h037,2024-03-01 06:00:00,2,2,2,9815,0.8135573433616177,0,http,0,benign,0
h038,2024-03-01 06:00:00,7,2,4,20106,1.207108381999512,0,http,0,benign,0
h039,2024-03-01 06:00:00,9,4,6,11368,0.50129267251831,0,http,0,benign,0
h040,2024-03-01 06:00:00,22,5,8,88529,0.7786999546635034,2,http,1,benign,0
h041,2024-03-01 06:00:00,41,37,25,107826,0.5089895092010549,0,other,0,benign,0
h042,2024-03-01 06:00:00,25,4,8,109190,0.607005305079549,0,http,0,benign,0
h043,2024-03-01 06:00:00,6,2,3,6397,0.5971518308372119,0,http,0,benign,0
h044,2024-03-01 06:00:00,26,5,7,118676,0.6234559595607608,0,http,0,benign,0
h045,2024-03-01 06:00:00,5,3,4,9212,0.5859269185715942,0,http,0,benign,0
h046,2024-03-01 06:00:00,71,1,3,12231,0.2835706169125475,68,ssh,0,benign,0
h047,2024-03-01 06:00:00,13,4,8,45824,0.8626684416438012,0,http,0,benign,0
h048,2024-03-01 06:00:00,54,51,29,223549,0.5187436836706704,0,other,0,benign,0
h049,2024-03-01 06:00:00,21,5,8,77027,0.9335901735507907,0,http,0,benign,0
h050,2024-03-01 06:00:00,11,5,6,26217,0.43265942091459414,1,http,0,benign,0
h051,2024-03-01 06:00:00,9,2,6,53161,0.7530651743049017,0,http,0,benign,0
h052,2024-03-01 06:00:00,51,48,29,118504,0.6087618454998108,0,other,0,benign,0
h053,2024-03-01 06:00:00,121,111,84,7152,0.05782858209441109,0,other,1,portscan,1
h054,2024-03-01 06:00:00,17,4,7,39729,0.5949058149313795,0,http,0,benign,0
h055,2024-03-01 06:00:00,4,3,4,13736,0.40406313012114276,0,http,0,benign,0
h056,2024-03-01 06:00:00,24,5,8,92542,1.072657889923897,2,http,0,benign,0
h057,2024-03-01 06:00:00,2,2,2,2619,1.0459206267457237,0,dns,1,benign,0
h058,2024-03-01 06:00:00,7,2,4,30649,0.4854062316594587,0,http,0,benign,0
h059,2024-03-01 06:00:00,15,4,6,48858,0.6078840968641938,0,http,0,benign,0
h000,2024-03-01 07:00:00,8,3,4,17095,0.2879215877294788,0,http,0,benign,0
h001,2024-03-01 07:00:00,8,5,7,14654,0.35939694594188754,0,http,0,benign,0
h002,2024-03-01 07:00:00,4,2,3,10021,0.48598416966347047,0,http,0,benign,0
h003,2024-03-01 07:00:00,12,5,6,33907,0.483597100477921,0,http,0,benign,0
h004,2024-03-01 07:00:00,11,3,6,33583,0.5572734873925214,0,http,0,benign,0
h005,2024-03-01 07:00:00,3,2,3,9647,0.8622296896307371,0,http,0,benign,0
h006,2024-03-01 07:00:00,4,2,3,29004,0.43945148173853443,0,http,0,benign,0
h007,2024-03-01 07:00:00,27,5,7,101646,0.5484865868869702,0,http,0,benign,0
h008,2024-03-01 07:00:00,10,4,8,24743,0.832719764998204,0,http,0,benign,0
h009,2024-03-01 07:00:00,8,4,4,53219,0.21254182189218015,0,http,0,benign,0
h010,2024-03-01 07:00:00,7,4,3,20870,0.7018399755535524,0,http,1,benign,0
h011,2024-03-01 07:00:00,9,4,7,31418,0.5745581678469918,0,http,0,benign,0
h012,2024-03-01 07:00:00,19,5,7,62844,0.5216685400129798,0,http,0,benign,0
h013,2024-03-01 07:00:00,4,3,3,23295,0.20885365110068377,0,http,0,benign,0
h014,2024-03-01 07:00:00,38,5,8,249507,0.5398876499134276,0,http,0,benign,0
h015,2024-03-01 07:00:00,40,1,3,6658,0.23610734023038815,30,ssh,1,bruteforce,1
h016,2024-03-01 07:00:00,109,101,69,7377,0.061861256511251024,0,other,1,portscan,1
h017,2024-03-01 07:00:00,2,1,1,248975,5.025244169299972,0,http,0,benign,0
h018,2024-03-01 07:00:00,7,3,4,34402,0.6591117346690112,0,http,0,benign,0
h019,2024-03-01 07:00:00,7,2,2,2160444,13.735553661148998,0,http,0,benign,0
h020,2024-03-01 07:00:00,21,5,8,67561,1.0390279488551406,0,http,0,benign,0
h021,2024-03-01 07:00:00,11,4,5,32677,0.7506733263542522,0,http,0,benign,0
h022,2024-03-01 07:00:00,4,2,2,1133629,19.399555498293168,0,http,0,benign,0
h023,2024-03-01 07:00:00,7,4,5,19042,0.3531884709966011,0,http,0,benign,0
h024,2024-03-01 07:00:00,1,1,1,299528,32.742816040385485,0,ssh,0,benign,0
h025,2024-03-01 07:00:00,31,4,7,154581,0.6769607252751391,0,http,0,benign,0
h026,2024-03-01 07:00:00,5,1,4,7502,0.2581616042936722,0,http,0,benign,0
h027,2024-03-01 07:00:00,17,5,6,70638,0.40876318231348063,0,http,0,benign,0
h028,2024-03-01 07:00:00,39,5,7,190806,0.7935784936691709,1,http,0,benign,0
h029,2024-03-01 07:00:00,6,3,6,44366,0.7587818731647965,0,http,0,benign,0
h030,2024-03-01 07:00:00,2,2,2,10096,1.6061441767193507,0,http,0,benign,0
h031,2024-03-01 07:00:00,7,2,5,21989,0.2784107830174448,0,http,0,benign,0
h032,2024-03-01 07:00:00,19,5,8,71869,0.28790427139632735,1,http,0,benign,0
h033,2024-03-01 07:00:00,7,3,5,53002,0.7755312280101225,0,http,0,benign,0
h034,2024-03-01 07:00:00,3,2,3,16183,1.9243217939788344,0,http,0,benign,0
h035,2024-03-01 07:00:00,6,2,2,1735066,29.575096737389476,0,http,0,benign,0
h036,2024-03-01 07:00:00,8,4,6,23162,0.8121695674637591,0,http,0,benign,0
h037,2024-03-01 07:00:00,7,4,5,29361,0.6152985318462995,0,http,0,benign,0
h038,2024-03-01 07:00:00,19,4,8,47355,0.7303546707851851,1,http,0,benign,0
h039,2024-03-01 07:00:00,23,5,8,153883,0.47072968027798784,0,http,0,benign,0
h040,2024-03-01 07:00:00,5,2,4,22696,0.4659771858992025,0,http,0,benign,0
h041,2024-03-01 07:00:00,7,4,5,52310,0.7315954720901284,0,http,0,benign,0
h042,2024-03-01 07:00:00,9,4,5,25466,0.26477437837850637,0,http,0,benign,0
h043,2024-03-01 07:00:00,16,5,6,39064,0.5802549727971353,1,http,0,benign,0
h044,2024-03-01 07:00:00,5,2,5,19382,0.49139069332859364,0,http,0,benign,0
h045,2024-03-01 07:00:00,11,4,7,126041,0.4776180531519549,0,http,0,benign,0
h046,2024-03-01 07:00:00,30,5,8,157807,0.455079191208946,0,http,0,benign,0
h047,2024-03-01 07:00:00,2,1,2,1791637,9.64423204053535,0,ssh,0,benign,0
h048,2024-03-01 07:00:00,13,4,7,52312,0.8086185786508895,1,http,0,benign,0
h049,2024-03-01 07:00:00,14,4,6,35073,0.7147199468334479,0,http,0,benign,0
h050,2024-03-01 07:00:00,4,2,4,2693,0.5354077064750651,0,http,0,benign,0
h051,2024-03-01 07:00:00,20,5,7,40136,0.7379218560510389,1,http,0,benign,0
h052,2024-03-01 07:00:00,13,4,6,40426,0.8539593136446129,1,http,0,benign,0
h053,2024-03-01 07:00:00,17,5,8,73782,0.8202576659631229,0,http,0,benign,0
h054,2024-03-01 07:00:00,12,5,7,28579,0.6817179936641123,0,http,0,benign,0
h055,2024-03-01 07:00:00,26,5,8,95992,0.5976985255245034,3,http,0,benign,0
h056,2024-03-01 07:00:00,11,4,6,34862,0.7282736201789386,0,http,0,benign,0
h057,2024-03-01 07:00:00,8,4,6,35028,1.0547291069700642,0,http,0,benign,0
h058,2024-03-01 07:00:00,16,4,8,24142,0.4930025871081101,0,http,0,benign,0
h059,2024-03-01 07:00:00,16,4,6,55305,0.7391237403497395,0,http,0,benign,0
h000,2024-03-01 08:00:00,22,5,7,104777,0.5011829014996079,0,http,0,benign,0
h001,2024-03-01 08:00:00,27,5,7,126797,0.49605504490946584,1,http,0,benign,0
h002,2024-03-01 08:00:00,3,2,3,50026,0.42614856624281616,0,http,0,benign,0
h003,2024-03-01 08:00:00,9,4,7,12351,0.4868242187195428,0,http,0,benign,0
h004,2024-03-01 08:00:00,16,5,8,76710,0.6593100932806055,0,http,0,benign,0
h005,2024-03-01 08:00:00,36,5,8,66624,0.5171503420674872,0,http,0,benign,0
h006,2024-03-01 08:00:00,9,5,5,72382,0.542880030669957,0,http,0,benign,0
h007,2024-03-01 08:00:00,4,3,4,10428,0.3553186062790672,0,http,0,benign,0
h008,2024-03-01 08:00:00,6,4,5,6458,0.10968490331654336,0,http,0,benign,0
h009,2024-03-01 08:00:00,4,2,3,25410,0.3870342232215378,0,http,0,benign,0
h010,2024-03-01 08:00:00,19,4,7,110216,0.5881576977736819,0,http,0,benign,0
h011,2024-03-01 08:00:00,33,5,8,133716,0.4995101662404159,0,http,0,benign,0
h012,2024-03-01 08:00:00,20,4,7,98936,0.8720348848369973,0,http,0,benign,0
h013,2024-03-01 08:00:00,3,3,3,6601,0.24420462058858675,0,http,0,benign,0
h014,2024-03-01 08:00:00,6,2,2,2511635,11.763248787863246,0,ssh,0,benign,0
h015,2024-03-01 08:00:00,8,2,5,26782,0.33437111212854853,0,http,0,benign,0
h016,2024-03-01 08:00:00,8,5,5,20643,0.18411879886978327,0,http,0,benign,0
h017,2024-03-01 08:00:00,21,5,8,64271,1.0345413970041175,0,http,0,benign,0
h018,2024-03-01 08:00:00,5,2,5,33250,0.6464093040507651,0,http,0,benign,0
h019,2024-03-01 08:00:00,12,3,6,23483,0.313683478895179,0,http,0,benign,0
h020,2024-03-01 08:00:00,4,2,3,21752,0.3369826918419529,0,http,0,benign,0
h021,2024-03-01 08:00:00,18,4,8,56540,0.8929548596059518,0,http,0,benign,0
h022,2024-03-01 08:00:00,7,2,4,16309,0.8943931807446114,0,http,0,benign,0
h023,2024-03-01 08:00:00,1,1,1,108,0.08036584544747906,0,http,0,benign,0
h024,2024-03-01 08:00:00,1,1,1,175,0.36855428410517527,0,ssh,0,benign,0
h025,2024-03-01 08:00:00,55,51,29,132224,0.602998338477508,0,other,0,benign,0
h026,2024-03-01 08:00:00,14,5,8,34384,0.4779542771362398,0,http,0,benign,0
h027,2024-03-01 08:00:00,64,63,31,220713,0.5878239653002618,0,other,0,benign,0
h028,2024-03-01 08:00:00,40,38,25,106197,0.5950304046130456,0,other,0,benign,0
h029,2024-03-01 08:00:00,12,4,6,31055,0.5253435961770715,0,http,0,benign,0
h030,2024-03-01 08:00:00,1,1,1,418,0.502521928441506,0,http,0,benign,0
h031,2024-03-01 08:00:00,4,3,3,5835,0.3186500609600566,0,http,0,benign,0
h032,2024-03-01 08:00:00,52,49,29,120265,0.3616321163230787,0,other,0,benign,0
h033,2024-03-01 08:00:00,9,4,6,40988,0.32721970190749,0,http,0,benign,0
h034,2024-03-01 08:00:00,11,3,8,20580,0.541783112000244,0,http,0,benign,0
h035,2024-03-01 08:00:00,5,3,4,13033,0.34313356630972797,0,dns,0,benign,0
h036,2024-03-01 08:00:00,29,5,8,95652,0.569838164321936,0,http,0,benign,0
h037,2024-03-01 08:00:00,18,5,7,107750,0.7377539636282432,0,http,0,benign,0
h038,2024-03-01 08:00:00,32,4,7,109587,0.664264136535713,0,http,0,benign,0
h039,2024-03-01 08:00:00,7,4,5,56360,0.6607690258651328,0,http,0,benign,0
h040,2024-03-01 08:00:00,17,4,7,63754,0.4833397597382651,0,http,0,benign,0
h041,2024-03-01 08:00:00,20,5,8,68074,0.5816948963915904,0,http,0,benign,0
h042,2024-03-01 08:00:00,9,4,6,38563,1.0225390501316116,0,http,0,benign,0
h043,2024-03-01 08:00:00,5,3,4,13073,0.2964282882064085,0,http,0,benign,0
h044,2024-03-01 08:00:00,14,3,8,72227,0.46562108559533766,0,http,0,benign,0
h045,2024-03-01 08:00:00,3,1,3,3771,0.17604975794971664,0,http,0,benign,0
h046,2024-03-01 08:00:00,28,5,8,86888,0.5335681571515147,0,http,0,benign,0
h047,2024-03-01 08:00:00,16,4,8,61484,0.5982764759015828,0,http,0,benign,0
h048,2024-03-01 08:00:00,15,5,8,27591,0.61821733724852,1,http,0,benign,0
h049,2024-03-01 08:00:00,35,5,8,165004,0.663415686430822,0,http,0,benign,0
h050,2024-03-01 08:00:00,15,3,6,41962,0.48049132600994965,0,http,0,benign,0
h051,2024-03-01 08:00:00,6,3,4,15721,0.3500560895569138,0,http,0,benign,0
h052,2024-03-01 08:00:00,5,3,5,4682,0.37345947240312605,0,http,0,benign,0
h053,2024-03-01 08:00:00,5,3,4,157468,0.6916242571304003,0,http,0,benign,0
h054,2024-03-01 08:00:00,4,2,3,3743,0.9360003881839316,1,http,0,benign,0
h055,2024-03-01 08:00:00,6,4,4,61157,0.3697482768260459,0,http,0,benign,0
h056,2024-03-01 08:00:00,12,5,6,17836,0.4449546009661833,0,http,0,benign,0
h057,2024-03-01 08:00:00,26,4,8,86197,0.62962396292693,0,http,0,benign,0
h058,2024-03-01 08:00:00,1,1,1,2690,0.8885686347520445,0,http,0,benign,0
h059,2024-03-01 08:00:00,7,2,1,5446521,16.370365372335932,0,http,1,exfil,1
h000,2024-03-01 09:00:00,9,3,5,12755,0.3209016680496106,0,http,0,benign,0
h001,2024-03-01 09:00:00,21,1,3,3712,0.26692124016582963,13,ssh,0,benign,0
h002,2024-03-01 09:00:00,10,4,7,15972,0.8195858009002663,0,http,0,benign,0
h003,2024-03-01 09:00:00,10,5,7,60946,0.41466638984288773,0,http,0,benign,0
h004,2024-03-01 09:00:00,38,5,8,139395,0.4119690839426988,0,http,0,benign,0
h005,2024-03-01 09:00:00,18,4,8,109907,0.6970972361255481,1,http,0,benign,0
h006,2024-03-01 09:00:00,14,3,8,25711,0.9114446977666715,0,http,0,benign,0
h007,2024-03-01 09:00:00,1,1,1,1605,0.3136886669466115,0,http,0,benign,0
h008,2024-03-01 09:00:00,14,4,7,39373,0.40952974205290077,0,http,0,benign,0
h009,2024-03-01 09:00:00,13,4,6,55002,0.9879337107700457,0,http,1,benign,0
h010,2024-03-01 09:00:00,4,2,1,2022451,28.972153954149103,0,ssh,1,exfil,1
h011,2024-03-01 09:00:00,19,4,7,241253,0.8204894284177159,0,http,0,benign,0
h012,2024-03-01 09:00:00,11,4,6,64092,0.5122429821383293,0,http,0,benign,0
h013,2024-03-01 09:00:00,7,4,5,29780,0.22966897065601324,0,http,0,benign,0
h014,2024-03-01 09:00:00,15,3,7,56518,1.2801253915427948,0,http,0,benign,0
h015,2024-03-01 09:00:00,4,3,4,24708,0.2528120917487998,0,http,0,benign,0
h016,2024-03-01 09:00:00,5,3,4,6869,0.3256228087671099,0,http,0,benign,0
h017,2024-03-01 09:00:00,2,2,2,5694,0.9264314300114381,0,http,0,benign,0
h018,2024-03-01 09:00:00,29,5,8,206594,0.547458221993894,1,http,0,benign,0
h019,2024-03-01 09:00:00,15,4,6,69600,0.5276271230673089,0,http,0,benign,0
h020,2024-03-01 09:00:00,16,5,7,103552,0.39804621488687275,0,http,0,benign,0
h021,2024-03-01 09:00:00,36,5,8,141658,0.4875513456163138,0,http,0,benign,0
h022,2024-03-01 09:00:00,11,5,7,29333,0.9642233203555584,0,http,0,benign,0
h023,2024-03-01 09:00:00,4,3,3,24509,0.5083444597460522,0,http,0,benign,0
h024,2024-03-01 09:00:00,4,3,3,30503,1.4602595223531527,0,http,0,benign,0
h025,2024-03-01 09:00:00,12,3,7,42590,0.35293372568037995,1,http,0,benign,0
h026,2024-03-01 09:00:00,8,4,6,10102,1.633836079998094,0,http,0,benign,0
h027,2024-03-01 09:00:00,3,3,3,25051,0.9231961365474738,0,smtp,0,benign,0
h028,2024-03-01 09:00:00,14,5,8,26493,1.3234899278444874,1,http,0,benign,0
h029,2024-03-01 09:00:00,18,5,8,79601,0.5927611960519437,0,http,1,benign,0
h030,2024-03-01 09:00:00,1,1,1,4513,0.21500324689352862,0,http,0,benign,0
h031,2024-03-01 09:00:00,9,5,5,34672,0.6374115055550928,0,http,0,benign,0
h032,2024-03-01 09:00:00,4,3,4,52051,1.0700340156482657,0,http,0,benign,0
h033,2024-03-01 09:00:00,39,5,8,110573,0.6268824764567141,1,http,0,benign,0
h034,2024-03-01 09:00:00,14,2,7,58880,0.5835466956460765,0,http,0,benign,0
h035,2024-03-01 09:00:00,4,3,4,9052,0.2482985914312501,0,http,0,benign,0
h036,2024-03-01 09:00:00,3,3,3,2234,0.5783823823451083,0,ssh,0,benign,0
h037,2024-03-01 09:00:00,4,2,3,26297,0.9982885259127727,0,http,0,benign,0
h038,2024-03-01 09:00:00,4,3,4,24582,0.4580796223807996,0,http,0,benign,0
h039,2024-03-01 09:00:00,9,5,7,18390,0.4193422634848398,0,http,0,benign,0
h040,2024-03-01 09:00:00,7,3,6,18438,1.1204558031865834,0,http,0,benign,0
h041,2024-03-01 09:00:00,8,2,5,8585,0.3627028599228719,0,http,0,benign,0
h042,2024-03-01 09:00:00,64,1,3,11462,0.26326684593499017,62,ssh,0,benign,0
h043,2024-03-01 09:00:00,24,4,8,78025,0.7307239991857665,0,http,0,benign,0
h044,2024-03-01 09:00:00,13,4,6,58805,0.594469662537165,0,http,0,benign,0
h045,2024-03-01 09:00:00,9,4,6,31858,0.49465429659283466,0,http,0,benign,0
h046,2024-03-01 09:00:00,6,3,3,24543,2.305107101448944,0,http,0,benign,0
h047,2024-03-01 09:00:00,6,3,5,14340,0.3262714151738233,0,http,0,benign,0
h048,2024-03-01 09:00:00,17,4,6,126518,0.8889452641442247,0,http,0,benign,0
h049,2024-03-01 09:00:00,5,3,5,48452,0.8151788859425795,0,smtp,1,benign,0
h050,2024-03-01 09:00:00,6,3,5,16434,0.2760930204848652,0,http,0,benign,0
h051,2024-03-01 09:00:00,19,5,8,90245,0.5539472444813985,0,http,0,benign,0
h052,2024-03-01 09:00:00,14,4,8,63899,0.37476127712282603,0,http,1,benign,0
h053,2024-03-01 09:00:00,73,70,51,4576,0.053056488160585495,0,other,1,portscan,1
h054,2024-03-01 09:00:00,11,3,6,18131,0.4792242528338156,0,http,0,benign,0
h055,2024-03-01 09:00:00,8,2,2,4379579,19.11928813745618,0,ssh,0,benign,0
h056,2024-03-01 09:00:00,6,5,5,18214,0.3309076120582296,0,http,0,benign,0
h057,2024-03-01 09:00:00,14,4,8,48970,0.41891031043867344,2,http,0,benign,0
h058,2024-03-01 09:00:00,16,4,7,35129,0.4062891076102663,0,http,0,benign,0
h059,2024-03-01 09:00:00,3,2,3,20844,0.5606836103373601,0,http,0,benign,0
h000,2024-03-01 10:00:00,3,3,3,6557,1.6285250967852531,0,dns,0,benign,0
h001,2024-03-01 10:00:00,7,5,4,9588,0.4019008409883978,0,http,0,benign,0
h002,2024-03-01 10:00:00,11,3,7,19365,0.41991525784945016,0,http,0,benign,0
h003,2024-03-01 10:00:00,15,4,6,97867,0.7809189294171339,0,http,0,benign,0
h004,2024-03-01 10:00:00,11,3,7,40245,0.6842364096560856,0,http,0,benign,0
h005,2024-03-01 10:00:00,9,4,5,15287,0.3847109574857852,0,http,0,benign,0
h006,2024-03-01 10:00:00,12,3,7,27147,0.912757325366734,0,http,0,benign,0
h007,2024-03-01 10:00:00,16,5,7,50483,0.6491626651887634,1,http,0,benign,0
h008,2024-03-01 10:00:00,55,51,33,128200,0.5005342393495195,0,other,0,benign,0
h009,2024-03-01 10:00:00,24,5,8,70473,0.5967221698527311,1,http,0,benign,0
h010,2024-03-01 10:00:00,3,2,3,3079,0.6270668071576116,0,dns,0,benign,0
h011,2024-03-01 10:00:00,27,5,8,145631,0.5625790246110921,0,http,0,benign,0
h012,2024-03-01 10:00:00,20,4,7,56542,0.6252634487547007,0,http,0,benign,0
h013,2024-03-01 10:00:00,12,2,7,170182,0.8958244609948288,0,http,0,benign,0
h014,2024-03-01 10:00:00,18,5,6,86176,0.9812317370347584,1,http,0,benign,0
h015,2024-03-01 10:00:00,6,3,5,35718,0.37005955015293274,0,http,0,benign,0
h016,2024-03-01 10:00:00,12,4,6,65628,0.42671264809992593,0,http,0,benign,0
h017,2024-03-01 10:00:00,13,3,7,33231,0.8717670970386872,0,http,0,benign,0
h018,2024-03-01 10:00:00,48,1,3,8572,0.294199013027987,39,ssh,1,bruteforce,1
h019,2024-03-01 10:00:00,34,5,8,119368,0.5798439363324049,0,http,0,benign,0
h020,2024-03-01 10:00:00,1,1,1,12590,0.07829526427706386,0,http,0,benign,0
h021,2024-03-01 10:00:00,75,68,49,5040,0.05254934086759413,0,other,1,portscan,1
h022,2024-03-01 10:00:00,30,5,7,122988,0.41493988167571044,0,http,0,benign,0
h023,2024-03-01 10:00:00,2,1,1,9942,0.5917070194990401,0,http,0,benign,0
h024,2024-03-01 10:00:00,13,4,5,38889,0.6788379283565895,0,http,0,benign,0
h025,2024-03-01 10:00:00,11,4,7,30760,0.9777290072905891,0,http,0,benign,0
h026,2024-03-01 10:00:00,6,3,5,19321,0.6856178243437284,0,http,0,benign,0
h027,2024-03-01 10:00:00,15,4,7,33134,0.7728299504545667,0,http,0,benign,0
h028,2024-03-01 10:00:00,21,5,7,78720,0.7845580787171293,0,http,0,benign,0
h029,2024-03-01 10:00:00,7,4,5,53637,0.44989610862962964,0,http,0,benign,0
h030,2024-03-01 10:00:00,25,5,8,92292,0.46715474386882966,0,http,0,benign,0
h031,2024-03-01 10:00:00,11,5,6,58762,0.4465328752638547,0,http,0,benign,0
h032,2024-03-01 10:00:00,12,5,7,45571,0.6098815688361823,0,http,0,benign,0
h033,2024-03-01 10:00:00,7,4,5,24444,0.8101991873012817,0,http,0,benign,0
h034,2024-03-01 10:00:00,29,5,8,116695,0.6544543948203627,1,http,0,benign,0
h035,2024-03-01 10:00:00,8,3,6,37112,0.5465939814681152,0,http,0,benign,0
h036,2024-03-01 10:00:00,3,2,2,79727,0.18967810423321807,0,http,0,benign,0
h037,2024-03-01 10:00:00,7,4,5,36772,0.26349639422147114,0,http,0,benign,0
h038,2024-03-01 10:00:00,54,53,29,121744,0.5662077065888037,0,other,0,benign,0
h039,2024-03-01 10:00:00,22,4,7,133739,0.72868609433675,0,http,0,benign,0
h040,2024-03-01 10:00:00,9,3,5,53192,0.4642664672921343,0,http,0,benign,0
h041,2024-03-01 10:00:00,6,4,6,11498,0.8034611094501399,0,http,0,benign,0
h042,2024-03-01 10:00:00,21,5,8,93323,1.1263457805031432,0,http,0,benign,0
h043,2024-03-01 10:00:00,7,3,5,22773,0.7908657417070968,0,http,0,benign,0
h044,2024-03-01 10:00:00,7,3,6,69668,0.37827367563818415,0,dns,0,benign,0
h045,2024-03-01 10:00:00,6,3,3,7646,0.6607003011352679,0,http,0,benign,0
h046,2024-03-01 10:00:00,17,5,8,179539,0.5449061878539355,0,http,0,benign,0
h047,2024-03-01 10:00:00,7,4,5,6059,0.5619875740840617,0,http,0,benign,0
h048,2024-03-01 10:00:00,10,4,6,23053,1.2501287624295345,0,http,0,benign,0
h049,2024-03-01 10:00:00,3,2,3,1281,0.748273604814242,0,http,0,benign,0
h050,2024-03-01 10:00:00,15,4,8,54082,0.6106234344374374,0,http,0,benign,0
h051,2024-03-01 10:00:00,25,5,7,74785,0.516485203974058,0,http,0,benign,0
h052,2024-03-01 10:00:00,19,5,7,64254,0.6306869227465727,0,http,0,benign,0
h053,2024-03-01 10:00:00,18,4,8,130469,0.4827100188340991,0,http,0,benign,0
h054,2024-03-01 10:00:00,7,3,5,11172,0.4378406594034259,1,http,0,benign,0
h055,2024-03-01 10:00:00,58,56,43,3645,0.058292305544428234,0,other,0,benign,0
h056,2024-03-01 10:00:00,12,5,6,29046,0.467968996648692,0,http,0,benign,0
h057,2024-03-01 10:00:00,5,2,2,2205009,26.60318460072159,0,http,0,benign,0
h058,2024-03-01 10:00:00,19,5,7,70750,0.5507421468316154,0,http,0,benign,0
h059,2024-03-01 10:00:00,2,1,2,3602,1.1715468894147745,0,http,0,benign,0
h000,2024-03-01 11:00:00,18,5,7,79507,0.46238044605683215,0,http,0,benign,0
h001,2024-03-01 11:00:00,24,5,7,134688,0.4783949625143966,0,http,0,benign,0
h002,2024-03-01 11:00:00,10,3,6,29718,0.882253588733894,0,http,0,benign,0
h003,2024-03-01 11:00:00,17,5,6,60930,0.5284074509762846,0,http,0,benign,0
h004,2024-03-01 11:00:00,6,4,4,16109,0.6826108871029865,0,http,0,benign,0
h005,2024-03-01 11:00:00,16,4,8,52648,0.468360845659667,2,http,0,benign,0
h006,2024-03-01 11:00:00,17,4,7,69170,0.6313685946187185,0,http,0,benign,0
h007,2024-03-01 11:00:00,27,5,8,230864,0.6112690934114653,0,http,0,benign,0
h008,2024-03-01 11:00:00,48,5,8,227539,0.4752798926436683,0,http,0,benign,0
h009,2024-03-01 11:00:00,15,4,7,46205,0.6517732174815336,0,http,0,benign,0
h010,2024-03-01 11:00:00,4,3,4,4019,0.6216574676304265,0,http,0,benign,0
h011,2024-03-01 11:00:00,9,4,7,25226,0.9762300749647432,1,http,0,benign,0
h012,2024-03-01 11:00:00,15,5,5,38513,0.8737615916058531,0,http,0,benign,0
h013,2024-03-01 11:00:00,24,5,8,95314,0.6522263162768912,0,http,0,benign,0
h014,2024-03-01 11:00:00,72,1,3,12299,0.28285378682271833,60,ssh,1,bruteforce,1
h015,2024-03-01 11:00:00,15,5,6,61741,0.4617517837105911,0,http,0,benign,0
h016,2024-03-01 11:00:00,20,5,8,71450,0.4917965436684438,0,http,0,benign,0
h017,2024-03-01 11:00:00,5,4,3,18954,0.29306731163026195,0,http,0,benign,0
h018,2024-03-01 11:00:00,28,5,8,89781,0.5734433828058079,0,http,0,benign,0
h019,2024-03-01 11:00:00,14,4,7,29546,0.4968977844487014,0,http,0,benign,0
h020,2024-03-01 11:00:00,17,4,6,40556,0.6496766950965568,0,http,0,benign,0
h021,2024-03-01 11:00:00,5,5,4,18627,0.2507514907578012,0,http,0,benign,0
h022,2024-03-01 11:00:00,19,5,7,39910,0.5107192488071187,0,http,0,benign,0
h023,2024-03-01 11:00:00,4,3,2,30924,0.38636007233291136,0,http,0,benign,0
h024,2024-03-01 11:00:00,38,5,8,126283,0.6062564335993205,0,http,0,benign,0
h025,2024-03-01 11:00:00,14,3,7,35658,0.3842462720560519,0,http,0,benign,0
h026,2024-03-01 11:00:00,18,5,8,62430,0.9983438765734913,0,http,0,benign,0
h027,2024-03-01 11:00:00,5,4,4,15983,0.3725943582369287,0,dns,0,benign,0
h028,2024-03-01 11:00:00,14,5,8,46913,0.40507440317979465,0,http,0,benign,0
h029,2024-03-01 11:00:00,6,3,5,36004,0.9495483745073705,0,http,0,benign,0
h030,2024-03-01 11:00:00,8,3,6,12937,0.6702061647040912,0,http,0,benign,0
h031,2024-03-01 11:00:00,4,3,4,8384,0.8241059833451431,0,ssh,0,benign,0
h032,2024-03-01 11:00:00,10,4,6,21022,0.9570645384245182,0,http,0,benign,0
h033,2024-03-01 11:00:00,28,5,8,69954,0.45360981328753797,0,http,0,benign,0
h034,2024-03-01 11:00:00,53,50,27,104904,0.4262043295056941,0,other,0,benign,0
h035,2024-03-01 11:00:00,36,5,8,273806,0.8108903322991122,1,http,0,benign,0
h036,2024-03-01 11:00:00,77,71,57,5351,0.05235124871787048,0,other,1,portscan,1
h037,2024-03-01 11:00:00,4,2,3,8801,0.42246665431233765,0,http,0,benign,0
h038,2024-03-01 11:00:00,10,4,5,22764,0.8585778157663476,0,http,0,benign,0
h039,2024-03-01 11:00:00,75,1,3,13182,0.26608979518440223,68,ssh,0,benign,0
h040,2024-03-01 11:00:00,3,2,2,1646989,12.686504799539355,0,http,0,benign,0
h041,2024-03-01 11:00:00,7,5,4,16557,0.3736764108813763,0,http,0,benign,0
h042,2024-03-01 11:00:00,8,2,2,2858261,20.094572461217197,0,ssh,0,benign,0
h043,2024-03-01 11:00:00,3,2,1,2706845,8.497881556230618,0,ssh,0,benign,0
h044,2024-03-01 11:00:00,5,3,5,14852,0.5329608747881658,0,http,0,benign,0
h045,2024-03-01 11:00:00,22,4,6,72504,0.5774648633058873,0,http,0,benign,0
h046,2024-03-01 11:00:00,9,4,5,31995,0.6118325133221012,0,http,0,benign,0
h047,2024-03-01 11:00:00,16,4,7,26783,1.1101600402423049,0,http,0,benign,0
h048,2024-03-01 11:00:00,11,4,5,58307,0.6968814724968904,0,http,0,benign,0
h049,2024-03-01 11:00:00,3,2,2,1229366,13.22329706507587,0,ssh,0,benign,0
h050,2024-03-01 11:00:00,6,3,4,11541,0.45883586754424616,0,http,0,benign,0
h051,2024-03-01 11:00:00,1,1,1,473,0.05314303951910537,0,http,0,benign,0
h052,2024-03-01 11:00:00,30,5,8,140361,0.6350193564477844,0,http,0,benign,0
h053,2024-03-01 11:00:00,26,5,8,249625,0.5338149355102588,1,http,0,benign,0
h054,2024-03-01 11:00:00,3,3,3,17699,1.0059802241929299,0,http,1,benign,0
h055,2024-03-01 11:00:00,5,2,2,2425445,13.047001902766729,0,ssh,1,benign,0
h056,2024-03-01 11:00:00,8,2,5,8552,0.6238712871202203,1,http,1,benign,0
h057,2024-03-01 11:00:00,2,2,2,1191,0.44574780701702627,0,dns,0,benign,0
h058,2024-03-01 11:00:00,13,4,7,73852,0.4419731405054481,0,http,0,benign,0
h059,2024-03-01 11:00:00,12,4,5,36012,0.4071456978252112,1,http,0,benign,0
h000,2024-03-01 12:00:00,11,2,5,22364,0.5904513542629702,0,http,0,benign,0
h001,2024-03-01 12:00:00,9,4,6,78989,0.6668393015027084,0,http,0,benign,0
h002,2024-03-01 12:00:00,8,2,2,5293158,10.264437636052715,0,http,0,benign,0
h003,2024-03-01 12:00:00,13,5,8,26792,0.6271952490008157,0,http,0,benign,0
h004,2024-03-01 12:00:00,24,4,6,89674,0.4396568128338752,1,http,0,benign,0
h005,2024-03-01 12:00:00,14,4,7,57393,0.5773201236877851,0,http,0,benign,0
h006,2024-03-01 12:00:00,2,2,2,5046,0.1283592575498156,0,http,0,benign,0
h007,2024-03-01 12:00:00,22,5,7,108634,0.6289210081672869,0,http,0,benign,0
h008,2024-03-01 12:00:00,7,3,6,24035,0.515626868989986,0,http,1,benign,0
h009,2024-03-01 12:00:00,10,3,6,38593,0.5487679860704452,0,http,0,benign,0
h010,2024-03-01 12:00:00,2,2,2,12876,0.2814322112767298,0,http,0,benign,0
h011,2024-03-01 12:00:00,21,4,7,71460,0.7201049624243437,0,http,0,benign,0
h012,2024-03-01 12:00:00,15,5,6,77723,0.8678994993729946,0,http,0,benign,0
h013,2024-03-01 12:00:00,8,4,6,31234,0.57196649873778,0,http,0,benign,0
h014,2024-03-01 12:00:00,28,5,8,126833,0.46435507297204276,1,http,0,benign,0
h015,2024-03-01 12:00:00,10,4,4,89371,0.6466471615960179,0,http,0,benign,0
h016,2024-03-01 12:00:00,7,3,5,15192,0.5487642208927986,0,http,0,benign,0
h017,2024-03-01 12:00:00,16,3,8,57380,0.4742331099296323,0,http,0,benign,0
h018,2024-03-01 12:00:00,3,2,3,5008,0.9191533537006903,0,http,0,benign,0
h019,2024-03-01 12:00:00,2,1,1,1011,1.280485111832154,0,smtp,0,benign,0
h020,2024-03-01 12:00:00,3,2,3,2499,0.1556244430848972,0,http,0,benign,0
h021,2024-03-01 12:00:00,50,49,28,219485,0.5659179056123353,0,other,0,benign,0
h022,2024-03-01 12:00:00,7,4,6,49919,0.7956529231190358,0,http,0,benign,0
h023,2024-03-01 12:00:00,22,5,8,88011,0.853834823648257,0,http,0,benign,0
h024,2024-03-01 12:00:00,25,4,8,189212,0.5955486073075171,0,http,0,benign,0
h025,2024-03-01 12:00:00,10,3,5,38629,0.8565145777581685,0,http,0,benign,0
h026,2024-03-01 12:00:00,157,147,110,10975,0.0568240706541131,0,other,0,benign,0
h027,2024-03-01 12:00:00,21,5,7,88755,0.5874519019886468,0,http,0,benign,0
h028,2024-03-01 12:00:00,12,5,7,74666,0.46072547322933627,1,http,0,benign,0
h029,2024-03-01 12:00:00,5,3,4,8963,0.27219016783112454,0,http,0,benign,0
h030,2024-03-01 12:00:00,5,4,3,41551,0.5590473455064136,0,http,0,benign,0
h031,2024-03-01 12:00:00,9,5,5,24258,1.4037148906251593,0,http,0,benign,0
h032,2024-03-01 12:00:00,12,4,6,14909,0.47225338776547227,0,http,0,benign,0
h033,2024-03-01 12:00:00,22,5,8,108691,0.6400826797531851,0,http,0,benign,0
h034,2024-03-01 12:00:00,12,4,8,51248,0.691597715608751,0,http,0,benign,0
h035,2024-03-01 12:00:00,6,2,2,2320754,16.008002864627926,0,http,0,benign,0
h036,2024-03-01 12:00:00,7,3,6,52505,0.35748567067852977,0,http,0,benign,0
h037,2024-03-01 12:00:00,8,4,5,36372,0.3832078208611237,0,http,0,benign,0
h038,2024-03-01 12:00:00,14,4,7,37543,0.43610334263344225,0,http,0,benign,0
h039,2024-03-01 12:00:00,14,4,6,150509,0.36833643825612306,1,http,0,benign,0
h040,2024-03-01 12:00:00,6,3,5,30037,0.5998568371298686,0,http,0,benign,0
h041,2024-03-01 12:00:00,15,5,5,99762,0.5322607047465178,1,http,0,benign,0
h042,2024-03-01 12:00:00,8,4,6,43774,0.46053644144719574,1,http,0,benign,0
h043,2024-03-01 12:00:00,3,1,2,1483909,13.671250642763772,0,ssh,0,benign,0
h044,2024-03-01 12:00:00,13,4,6,43388,0.47721167652517693,0,http,0,benign,0
h045,2024-03-01 12:00:00,4,2,3,17467,0.17355937579320352,0,http,0,benign,0
h046,2024-03-01 12:00:00,14,5,6,87467,0.6963110364773192,1,http,1,benign,0
h047,2024-03-01 12:00:00,7,4,6,4392,0.8754443036458351,0,http,0,benign,0
h048,2024-03-01 12:00:00,20,5,7,88219,0.662270199493731,1,http,1,benign,0
h049,2024-03-01 12:00:00,12,5,7,30124,0.6359575806424961,0,http,0,benign,0
h050,2024-03-01 12:00:00,1,1,1,721,0.8938569467886849,0,ssh,0,benign,0
h051,2024-03-01 12:00:00,52,51,34,108636,0.5137952348691583,0,other,0,benign,0
h052,2024-03-01 12:00:00,30,5,7,104297,0.7614962239283852,0,http,0,benign,0
h053,2024-03-01 12:00:00,6,3,5,66672,0.6615145675987774,0,http,0,benign,0
h054,2024-03-01 12:00:00,56,1,3,9791,0.2665151275480161,48,ssh,0,benign,0
h055,2024-03-01 12:00:00,8,4,7,26482,0.39584063402376946,0,http,0,benign,0
h056,2024-03-01 12:00:00,20,5,8,73184,0.7234239030059983,0,http,0,benign,0
h057,2024-03-01 12:00:00,16,4,7,44342,0.4213798107407004,0,http,0,benign,0
h058,2024-03-01 12:00:00,20,5,8,63257,0.6006144703419213,0,http,0,benign,0
h059,2024-03-01 12:00:00,7,3,5,7467,0.5058183183719513,0,http,0,benign,0
h000,2024-03-01 13:00:00,39,5,8,131619,0.5409775607820438,0,http,0,benign,0
h001,2024-03-01 13:00:00,1,1,1,1185,0.3093237378008154,0,dns,0,benign,0
h002,2024-03-01 13:00:00,13,4,8,54753,0.4881980208068813,0,http,0,benign,0
h003,2024-03-01 13:00:00,3,3,3,25204,0.46060227260525927,0,dns,0,benign,0
h004,2024-03-01 13:00:00,17,5,8,58804,0.4507799752261995,0,http,0,benign,0
h005,2024-03-01 13:00:00,4,1,2,458570,15.583270711110991,0,http,0,benign,0
h006,2024-03-01 13:00:00,25,5,7,87585,0.7054943029565125,0,http,0,benign,0
h007,2024-03-01 13:00:00,104,95,74,6998,0.05315437840510034,0,other,1,portscan,1
h008,2024-03-01 13:00:00,3,3,2,24088,0.35605482118469983,0,http,0,benign,0
h009,2024-03-01 13:00:00,9,5,6,67264,0.5045906975255882,0,http,0,benign,0
h010,2024-03-01 13:00:00,6,4,5,16677,0.5625340697171062,0,http,0,benign,0
h011,2024-03-01 13:00:00,31,5,8,78447,0.9122602545473669,0,http,0,benign,0
h012,2024-03-01 13:00:00,5,2,2,1943808,7.464334421827798,0,ssh,0,benign,0
h013,2024-03-01 13:00:00,14,5,6,119253,0.23250615873787567,0,http,0,benign,0
h014,2024-03-01 13:00:00,8,3,6,35610,0.26194810565883797,0,http,0,benign,0
h015,2024-03-01 13:00:00,3,3,3,14667,0.6288857679044928,0,http,0,benign,0
h016,2024-03-01 13:00:00,21,5,8,38998,0.4550546226261236,0,http,0,benign,0
h017,2024-03-01 13:00:00,8,4,5,17514,0.3944293195044233,0,http,0,benign,0
h018,2024-03-01 13:00:00,14,4,8,87469,0.5860666622684564,0,http,0,benign,0
h019,2024-03-01 13:00:00,10,3,5,39507,0.5983098002040388,0,http,0,benign,0
h020,2024-03-01 13:00:00,5,2,2,5100397,8.12404267165231,0,http,0,benign,0
h021,2024-03-01 13:00:00,12,4,5,37924,0.4395997437474695,1,http,0,benign,0
h022,2024-03-01 13:00:00,10,3,6,20640,0.2808181622540102,0,http,0,benign,0
h023,2024-03-01 13:00:00,12,5,7,62693,0.5397440577327343,0,http,0,benign,0
h024,2024-03-01 13:00:00,2,2,1,4819,0.5195687605697334,0,http,0,benign,0
h025,2024-03-01 13:00:00,9,3,4,28341,0.6140630511802038,0,http,0,benign,0
h026,2024-03-01 13:00:00,4,3,4,4519,0.5074627087978381,0,http,0,benign,0
h027,2024-03-01 13:00:00,5,3,4,21567,0.1811415249553752,0,http,0,benign,0
h028,2024-03-01 13:00:00,53,50,29,147606,0.9008193191639814,0,other,0,benign,0
h029,2024-03-01 13:00:00,6,3,5,25467,0.7106743236652978,0,http,0,benign,0
h030,2024-03-01 13:00:00,9,4,7,61785,0.4965441815832469,0,http,0,benign,0
h031,2024-03-01 13:00:00,25,5,8,111213,0.4596923854472324,0,http,0,benign,0
h032,2024-03-01 13:00:00,63,57,37,227156,0.6561441527962706,0,other,0,benign,0
h033,2024-03-01 13:00:00,33,5,8,143725,0.6316258023160852,0,http,0,benign,0
h034,2024-03-01 13:00:00,14,4,8,57382,0.36857448237049667,0,http,0,benign,0
h035,2024-03-01 13:00:00,4,3,3,35373,0.8511602652218822,0,http,0,benign,0
h036,2024-03-01 13:00:00,9,5,6,45760,0.40695114866133547,0,http,0,benign,0
h037,2024-03-01 13:00:00,5,3,4,15160,1.0149933540643592,0,http,0,benign,0
h038,2024-03-01 13:00:00,4,3,3,8951,0.4790761352858284,0,http,0,benign,0
h039,2024-03-01 13:00:00,12,5,5,62219,1.0690016726089497,0,http,0,benign,0
h040,2024-03-01 13:00:00,6,3,4,14934,0.33283249765186596,0,http,0,benign,0
h041,2024-03-01 13:00:00,5,3,4,9074,0.6768244651750855,0,http,0,benign,0
h042,2024-03-01 13:00:00,5,1,3,61471,0.6186712809506043,0,http,0,benign,0
h043,2024-03-01 13:00:00,8,2,2,1516383,13.529706976773554,0,http,0,benign,0
h044,2024-03-01 13:00:00,11,2,2,5669835,14.235626796342935,0,http,0,benign,0
h045,2024-03-01 13:00:00,12,3,7,28132,0.6863744097135202,0,http,0,benign,0
h046,2024-03-01 13:00:00,24,5,8,103116,0.37668718125046463,0,http,0,benign,0
h047,2024-03-01 13:00:00,15,4,6,107876,0.8037350923908003,0,http,0,benign,0
h048,2024-03-01 13:00:00,2,2,2,1202,1.722524168589164,0,http,0,benign,0
h049,2024-03-01 13:00:00,9,2,5,32210,1.031513867792749,0,http,0,benign,0
h050,2024-03-01 13:00:00,7,3,5,16978,0.6557122016284938,0,http,0,benign,0
h051,2024-03-01 13:00:00,11,4,7,17294,0.6910648682714567,0,http,0,benign,0
h052,2024-03-01 13:00:00,7,2,2,3001246,17.29048568164783,0,http,0,benign,0
h053,2024-03-01 13:00:00,20,4,8,146630,0.5619154641190229,0,http,0,benign,0
h054,2024-03-01 13:00:00,14,3,7,61639,0.7023074830298403,0,http,0,benign,0
h055,2024-03-01 13:00:00,69,1,3,10892,0.24933887669897295,62,ssh,1,bruteforce,1
h056,2024-03-01 13:00:00,13,4,5,21823,0.7195983551751447,0,http,0,benign,0
h057,2024-03-01 13:00:00,3,3,2,12411,0.24684476976845696,0,http,0,benign,0
h058,2024-03-01 13:00:00,7,3,5,10460,0.5184420307862889,0,http,0,benign,0
h059,2024-03-01 13:00:00,3,2,3,8656,0.8780471528525954,0,http,0,benign,0
h000,2024-03-01 14:00:00,12,4,7,44419,0.7761090515148633,1,http,0,benign,0
h001,2024-03-01 14:00:00,9,3,7,42533,0.3010076821677354,0,http,0,benign,0
h002,2024-03-01 14:00:00,7,2,6,17938,0.7094119668333579,0,http,0,benign,0
h003,2024-03-01 14:00:00,15,4,8,98973,1.0287093208605962,0,http,0,benign,0
h004,2024-03-01 14:00:00,9,4,5,28860,0.6700286465684449,0,http,0,benign,0
h005,2024-03-01 14:00:00,6,3,5,17243,0.46447607080159187,0,http,0,benign,0
h006,2024-03-01 14:00:00,16,5,8,57880,0.6553231185988213,2,http,0,benign,0
h007,2024-03-01 14:00:00,11,3,5,31989,0.7117732584709561,0,http,0,benign,0
h008,2024-03-01 14:00:00,9,3,6,204142,0.22116562520548527,0,http,0,benign,0
h009,2024-03-01 14:00:00,4,3,3,37807,0.6994957293309372,0,http,0,benign,0
h010,2024-03-01 14:00:00,10,5,7,30035,0.570794485412011,0,http,0,benign,0
h011,2024-03-01 14:00:00,7,4,6,12252,0.5151580983995533,0,http,0,benign,0
h012,2024-03-01 14:00:00,15,4,6,21187,0.380953094745656,0,http,0,benign,0
h013,2024-03-01 14:00:00,5,3,4,17742,0.2990101493889995,0,http,0,benign,0
h014,2024-03-01 14:00:00,80,1,3,14520,0.2328869783262057,70,ssh,1,bruteforce,1
h015,2024-03-01 14:00:00,18,5,7,102094,0.5217975351844807,0,http,0,benign,0
h016,2024-03-01 14:00:00,4,4,3,15355,0.30494388827928354,0,smtp,0,benign,0
h017,2024-03-01 14:00:00,15,5,7,77092,0.6820419183932016,0,http,0,benign,0
h018,2024-03-01 14:00:00,10,3,5,23469,1.0253196821755342,0,http,0,benign,0
h019,2024-03-01 14:00:00,15,4,8,48416,0.38109133926830907,0,http,0,benign,0
h020,2024-03-01 14:00:00,8,4,6,27260,0.7513661351870262,0,http,0,benign,0
h021,2024-03-01 14:00:00,12,4,8,47995,0.3063151963392441,0,http,0,benign,0
h022,2024-03-01 14:00:00,28,5,8,121847,0.5512558209944854,0,http,0,benign,0
h023,2024-03-01 14:00:00,40,1,3,7876,0.2710879095878539,29,ssh,1,bruteforce,1
h024,2024-03-01 14:00:00,9,3,6,52848,0.3554281337397629,1,http,0,benign,0
h025,2024-03-01 14:00:00,8,2,5,53941,0.5618911461715771,0,http,0,benign,0
h026,2024-03-01 14:00:00,7,5,5,13073,0.4737346298712208,0,http,0,benign,0
h027,2024-03-01 14:00:00,14,5,5,29360,0.6710474871744976,0,http,0,benign,0
h028,2024-03-01 14:00:00,93,81,56,6151,0.05996996718738995,0,other,1,portscan,1
h029,2024-03-01 14:00:00,24,4,8,185833,0.5588872970032482,0,http,0,benign,0
h030,2024-03-01 14:00:00,11,5,7,80573,0.5970350293400206,0,http,0,benign,0
h031,2024-03-01 14:00:00,12,4,5,40009,0.4554096094911768,0,http,0,benign,0
h032,2024-03-01 14:00:00,3,2,2,1924715,12.104078438249054,0,http,0,benign,0
h033,2024-03-01 14:00:00,4,3,3,2742,0.6574750447808934,0,http,0,benign,0
h034,2024-03-01 14:00:00,5,3,4,4006,0.3480185634001251,0,http,0,benign,0
h035,2024-03-01 14:00:00,14,5,7,58771,0.3131571281661531,0,http,0,benign,0
h036,2024-03-01 14:00:00,52,50,29,136655,0.47040046570321664,0,other,0,benign,0
h037,2024-03-01 14:00:00,5,4,3,22301,0.4423957752883637,0,http,0,benign,0
h038,2024-03-01 14:00:00,10,4,6,48447,0.503420712161255,0,http,0,benign,0
h039,2024-03-01 14:00:00,11,4,6,66780,0.4980648661236656,0,http,0,benign,0
h040,2024-03-01 14:00:00,4,2,4,17314,0.4161017733064988,0,http,0,benign,0
h041,2024-03-01 14:00:00,88,85,59,5456,0.06059643929257444,0,other,1,portscan,1
h042,2024-03-01 14:00:00,56,1,3,8499,0.2566803782326465,51,ssh,1,bruteforce,1
h043,2024-03-01 14:00:00,10,4,6,29164,0.42528433948909905,1,http,0,benign,0
h044,2024-03-01 14:00:00,18,4,6,56161,0.9166488947405517,0,http,0,benign,0
h045,2024-03-01 14:00:00,24,4,7,76772,0.452150531063888,0,http,0,benign,0
h046,2024-03-01 14:00:00,13,4,6,66507,0.7409551487431615,0,http,0,benign,0
h047,2024-03-01 14:00:00,4,2,4,184028,0.4296644461425551,0,http,0,benign,0
h048,2024-03-01 14:00:00,8,3,5,9554,0.547149371653047,0,http,0,benign,0
h049,2024-03-01 14:00:00,10,4,7,24370,0.4610031898594307,0,http,0,benign,0
h050,2024-03-01 14:00:00,7,4,5,18139,0.32519574157758696,1,http,0,benign,0
h051,2024-03-01 14:00:00,4,2,2,700160,8.87904102285392,0,http,0,benign,0
h052,2024-03-01 14:00:00,21,4,7,49959,0.5855337951148106,0,http,0,benign,0
h053,2024-03-01 14:00:00,18,4,7,82694,0.5982644452113361,0,http,0,benign,0
h054,2024-03-01 14:00:00,10,4,5,25358,0.3418042394284255,0,http,0,benign,0
h055,2024-03-01 14:00:00,9,4,6,34510,0.6333691595818031,0,http,0,benign,0
h056,2024-03-01 14:00:00,10,3,6,40483,0.37887446786683615,0,http,0,benign,0
h057,2024-03-01 14:00:00,8,3,4,30266,0.6087639397927316,0,http,0,benign,0
h058,2024-03-01 14:00:00,10,4,7,28970,0.7485768037320286,0,http,0,benign,0
h059,2024-03-01 14:00:00,10,4,5,33456,0.7403947465951954,0,http,0,benign,0
h000,2024-03-01 15:00:00,9,4,7,41018,0.41590301173029415,0,http,0,benign,0
h001,2024-03-01 15:00:00,6,3,4,17613,0.6830635376073394,0,http,0,benign,0
h002,2024-03-01 15:00:00,13,3,7,20862,0.345966025012553,0,http,0,benign,0
h003,2024-03-01 15:00:00,11,4,6,74949,0.48629663426111497,0,http,0,benign,0
h004,2024-03-01 15:00:00,13,5,7,33976,0.6127572564034326,0,http,0,benign,0
h005,2024-03-01 15:00:00,23,4,8,107775,0.6454792317071668,0,http,0,benign,0
h006,2024-03-01 15:00:00,22,4,8,123911,0.5153395968608853,0,http,0,benign,0
h007,2024-03-01 15:00:00,49,5,8,239050,0.5594487892027364,0,http,0,benign,0
h008,2024-03-01 15:00:00,11,4,7,17320,0.31136605618106505,0,http,0,benign,0
h009,2024-03-01 15:00:00,16,4,8,73846,0.44949547560872666,0,http,0,benign,0
h010,2024-03-01 15:00:00,4,3,3,20805,0.38388361577968133,0,http,0,benign,0
h011,2024-03-01 15:00:00,4,2,3,17670,0.45716794263948296,0,http,0,benign,0
h012,2024-03-01 15:00:00,50,44,27,148664,0.8151981522713682,0,other,0,benign,0
h013,2024-03-01 15:00:00,10,3,6,44254,1.0104312146316685,0,http,0,benign,0
h014,2024-03-01 15:00:00,26,5,8,176472,0.44017767218568776,0,http,0,benign,0
h015,2024-03-01 15:00:00,16,5,7,59579,0.4051105213342439,0,http,0,benign,0
h016,2024-03-01 15:00:00,20,5,8,37212,0.4389022780944666,0,http,0,benign,0
h017,2024-03-01 15:00:00,39,5,8,161504,0.5815149624168685,0,http,0,benign,0
h018,2024-03-01 15:00:00,5,2,2,2489350,18.575750335711547,0,http,0,benign,0
h019,2024-03-01 15:00:00,15,4,7,51907,0.6992918975329654,0,http,0,benign,0
h020,2024-03-01 15:00:00,29,5,8,108019,0.3478201376038599,1,http,0,benign,0
h021,2024-03-01 15:00:00,22,5,7,101730,0.3509722546292502,1,http,0,benign,0
h022,2024-03-01 15:00:00,24,5,8,115425,0.3914831334310762,0,http,1,benign,0
h023,2024-03-01 15:00:00,12,4,7,62429,0.5770075482272284,2,http,0,benign,0
h024,2024-03-01 15:00:00,2,2,2,2517,0.4128116067303318,0,ssh,0,benign,0
h025,2024-03-01 15:00:00,21,5,7,58752,0.9097915773769584,0,http,0,benign,0
h026,2024-03-01 15:00:00,10,4,5,22938,0.5588940790664808,0,http,0,benign,0
h027,2024-03-01 15:00:00,11,4,6,32328,0.7374918155150781,0,http,0,benign,0
h028,2024-03-01 15:00:00,48,5,8,270467,0.5373702356708057,0,http,0,benign,0
h029,2024-03-01 15:00:00,11,3,6,89984,0.6505038928415695,0,http,0,benign,0
h030,2024-03-01 15:00:00,8,5,6,28035,0.8864778191106718,0,http,0,benign,0
h031,2024-03-01 15:00:00,5,3,4,111231,0.427067041697663,0,http,0,benign,0
h032,2024-03-01 15:00:00,3,2,2,6427,0.5315968725152159,0,http,0,benign,0
h033,2024-03-01 15:00:00,9,3,6,30958,0.571760133220452,1,http,0,benign,0
h034,2024-03-01 15:00:00,18,5,7,85495,0.39768604311489714,0,http,0,benign,0
h035,2024-03-01 15:00:00,16,4,7,185781,0.6740514208151794,1,http,0,benign,0
h036,2024-03-01 15:00:00,17,4,8,63723,0.8221393826359312,0,http,0,benign,0
h037,2024-03-01 15:00:00,2,1,2,4014,0.3154037276037934,0,http,0,benign,0
h038,2024-03-01 15:00:00,2,2,2,4266,1.1098714434019086,0,http,1,benign,0
h039,2024-03-01 15:00:00,19,4,8,51425,0.8052300308904204,0,http,0,benign,0
h040,2024-03-01 15:00:00,5,2,4,63348,0.5118095811810762,1,http,0,benign,0
h041,2024-03-01 15:00:00,20,5,7,58649,0.5844695225564647,0,http,0,benign,0
h042,2024-03-01 15:00:00,5,2,1,2229980,24.919014571793117,0,ssh,1,exfil,1
h043,2024-03-01 15:00:00,52,48,34,3208,0.04848273999573579,0,other,1,portscan,1
h044,2024-03-01 15:00:00,6,3,3,18859,0.5190282921269244,1,http,0,benign,0
h045,2024-03-01 15:00:00,32,5,7,124922,0.6242021760240138,0,http,0,benign,0
h046,2024-03-01 15:00:00,82,80,56,5759,0.06027773425389554,0,other,1,portscan,1
h047,2024-03-01 15:00:00,17,4,7,27121,0.9048760378926508,0,http,0,benign,0
h048,2024-03-01 15:00:00,90,85,65,4786,0.05609377725712824,0,other,1,portscan,1
h049,2024-03-01 15:00:00,48,47,27,119808,0.6441582007443755,0,other,0,benign,0
h050,2024-03-01 15:00:00,20,5,8,84951,0.4587114087074771,1,http,0,benign,0
h051,2024-03-01 15:00:00,1,1,1,748,0.19882149466384322,0,http,0,benign,0
h052,2024-03-01 15:00:00,11,4,6,25524,0.5129337510111989,0,http,0,benign,0
h053,2024-03-01 15:00:00,3,3,3,4370,0.3714322308982174,0,dns,0,benign,0
h054,2024-03-01 15:00:00,12,4,6,45711,0.5522462504452511,0,http,0,benign,0
h055,2024-03-01 15:00:00,2,2,2,1261,0.4208125110785483,0,http,0,benign,0
h056,2024-03-01 15:00:00,11,3,6,25138,0.8721109967953414,0,http,0,benign,0
h057,2024-03-01 15:00:00,34,5,8,137939,0.4791105749967178,0,http,0,benign,0
h058,2024-03-01 15:00:00,34,5,8,184919,0.570083174970561,0,http,0,benign,0
h059,2024-03-01 15:00:00,27,5,7,76446,0.45101876371839067,0,http,0,benign,0
h000,2024-03-01 16:00:00,19,5,7,73535,0.8577359076284811,0,http,0,benign,0
h001,2024-03-01 16:00:00,16,4,8,173596,0.5772173206887484,1,http,0,benign,0
h002,2024-03-01 16:00:00,9,4,5,43379,0.7430308399120436,0,http,0,benign,0
h003,2024-03-01 16:00:00,14,5,8,48431,0.5597204040991998,0,http,0,benign,0
h004,2024-03-01 16:00:00,21,5,8,39865,0.42899898652796087,1,http,0,benign,0
h005,2024-03-01 16:00:00,13,4,7,29212,0.9605756303809593,0,http,0,benign,0
h006,2024-03-01 16:00:00,6,4,4,20603,0.9405191891870115,0,http,0,benign,0
h007,2024-03-01 16:00:00,15,5,6,63016,0.4653422659813985,0,http,0,benign,0
h008,2024-03-01 16:00:00,4,2,3,6988,1.0268703994690689,0,smtp,0,benign,0
h009,2024-03-01 16:00:00,6,5,5,27809,0.2795891640907781,1,http,0,benign,0
h010,2024-03-01 16:00:00,14,4,8,99891,0.5823031362356978,0,http,0,benign,0
h011,2024-03-01 16:00:00,3,3,3,9764,0.5460232676748721,0,ssh,0,benign,0
h012,2024-03-01 16:00:00,10,4,7,76050,0.5898487757522379,0,http,0,benign,0
h013,2024-03-01 16:00:00,7,4,4,16553,0.3359483438070548,0,dns,0,benign,0
h014,2024-03-01 16:00:00,6,3,4,27147,1.4771890632126532,0,http,0,benign,0
h015,2024-03-01 16:00:00,9,4,6,23807,0.6321808795808962,0,http,0,benign,0
h016,2024-03-01 16:00:00,22,4,7,105829,0.464247502541796,0,http,0,benign,0
h017,2024-03-01 16:00:00,11,3,6,97921,0.6168532314556434,0,http,0,benign,0
h018,2024-03-01 16:00:00,10,4,6,36303,0.6741626916291155,0,http,0,benign,0
h019,2024-03-01 16:00:00,7,3,3,12943,0.9647785848380145,0,http,0,benign,0
h020,2024-03-01 16:00:00,14,5,7,45306,0.34305960731634516,0,http,0,benign,0
h021,2024-03-01 16:00:00,22,5,8,135824,0.5496300029578788,0,http,0,benign,0
h022,2024-03-01 16:00:00,32,5,8,137203,1.0495447364213226,0,http,0,benign,0
h023,2024-03-01 16:00:00,25,4,8,131819,0.4313338135905939,0,http,0,benign,0
h024,2024-03-01 16:00:00,3,2,2,4213,1.1101257720339932,0,http,0,benign,0
h025,2024-03-01 16:00:00,9,4,5,20315,0.7833668142603695,0,http,0,benign,0
h026,2024-03-01 16:00:00,21,4,8,53040,0.5188213988715243,0,http,0,benign,0
h027,2024-03-01 16:00:00,37,4,8,181683,0.7220476181180009,0,http,0,benign,0
h028,2024-03-01 16:00:00,17,5,7,44984,0.4741629434633458,0,http,0,benign,0
h029,2024-03-01 16:00:00,24,4,7,125234,0.3334484369466222,0,http,0,benign,0
h030,2024-03-01 16:00:00,57,51,32,195105,0.6821986750114419,0,other,0,benign,0
h031,2024-03-01 16:00:00,51,47,29,131862,0.4960805496829027,0,other,0,benign,0
h032,2024-03-01 16:00:00,37,5,8,78715,0.4558248673638861,1,http,0,benign,0
h033,2024-03-01 16:00:00,22,4,8,64152,0.7676371893512154,0,http,0,benign,0
h034,2024-03-01 16:00:00,9,2,2,3810304,19.076460710782143,0,ssh,0,benign,0
h035,2024-03-01 16:00:00,97,90,67,6747,0.05722942766936005,0,other,1,portscan,1
h036,2024-03-01 16:00:00,19,5,8,45860,0.5386305892252233,1,http,0,benign,0
h037,2024-03-01 16:00:00,16,4,8,36930,0.8215699011736849,1,http,0,benign,0
h038,2024-03-01 16:00:00,2,1,1,3943114,11.175673698554668,0,http,1,exfil,1
h039,2024-03-01 16:00:00,24,5,7,82696,0.5635069474904264,0,http,0,benign,0
h040,2024-03-01 16:00:00,22,4,8,75822,0.6032134201390466,0,http,0,benign,0
h041,2024-03-01 16:00:00,3,1,3,13290,0.701366872219778,0,http,0,benign,0
h042,2024-03-01 16:00:00,17,4,8,99918,0.5781024454418308,0,http,0,benign,0
h043,2024-03-01 16:00:00,6,4,5,21263,0.5846883457822555,0,http,0,benign,0
h044,2024-03-01 16:00:00,12,3,7,23996,0.5339024844801771,2,http,0,benign,0
h045,2024-03-01 16:00:00,21,5,7,58124,0.43725611749224685,0,http,0,benign,0
h046,2024-03-01 16:00:00,23,5,8,111219,0.5694262709781805,0,http,0,benign,0
h047,2024-03-01 16:00:00,6,3,5,24604,0.2774337761998435,0,http,0,benign,0
h048,2024-03-01 16:00:00,8,3,7,16447,0.679611126263788,0,http,0,benign,0
h049,2024-03-01 16:00:00,74,1,3,11997,0.2700518592158609,69,ssh,1,bruteforce,1
h050,2024-03-01 16:00:00,22,5,7,117969,0.6362231753880135,0,http,0,benign,0
h051,2024-03-01 16:00:00,9,5,6,27586,0.4082923963456394,0,http,0,benign,0
h052,2024-03-01 16:00:00,5,2,1,1279762,43.58899396679844,0,http,1,exfil,1
h053,2024-03-01 16:00:00,3,2,2,431765,6.684118274319019,0,ssh,0,benign,0
h054,2024-03-01 16:00:00,17,5,6,66927,0.7961440895486742,0,http,0,benign,0
h055,2024-03-01 16:00:00,14,4,7,13271,0.6820277308678754,0,http,0,benign,0
h056,2024-03-01 16:00:00,15,4,7,38316,0.6897095154369948,0,http,0,benign,0
h057,2024-03-01 16:00:00,1,1,1,13778,0.19692036143459637,0,http,0,benign,0
h058,2024-03-01 16:00:00,6,3,4,23882,0.5351728802461341,0,http,0,benign,0
h059,2024-03-01 16:00:00,9,5,7,26214,0.518943641198925,0,http,0,benign,0
h000,2024-03-01 17:00:00,51,47,26,139879,0.3393286617634477,0,other,0,benign,0
h001,2024-03-01 17:00:00,13,5,6,32480,0.36024720806134736,0,http,0,benign,0
h002,2024-03-01 17:00:00,11,4,5,27576,0.8601223584222818,0,http,0,benign,0
h003,2024-03-01 17:00:00,21,5,8,87111,0.6064626652084398,1,http,0,benign,0
h004,2024-03-01 17:00:00,20,5,8,168368,0.43701877328648786,0,http,0,benign,0
h005,2024-03-01 17:00:00,7,2,1,7390860,25.219651532719563,0,http,0,benign,0
h006,2024-03-01 17:00:00,34,4,8,80626,0.5423169620583629,0,http,1,benign,0
h007,2024-03-01 17:00:00,10,4,7,24342,0.6555506247826608,0,http,0,benign,0
h008,2024-03-01 17:00:00,18,4,8,77972,0.8035292100486401,0,http,0,benign,0
h009,2024-03-01 17:00:00,42,5,8,173748,0.5384570491950216,1,http,0,benign,0
h010,2024-03-01 17:00:00,3,1,2,3017599,9.14939781753395,0,ssh,0,benign,0
h011,2024-03-01 17:00:00,6,2,4,15155,0.3491518991358226,0,dns,0,benign,0
h012,2024-03-01 17:00:00,11,5,6,83297,0.5348919167351817,0,http,0,benign,0
h013,2024-03-01 17:00:00,2,2,2,1630,0.4292807344895823,0,smtp,0,benign,0
h014,2024-03-01 17:00:00,19,4,8,104273,0.6037368516509393,0,http,0,benign,0
h015,2024-03-01 17:00:00,12,4,8,30510,0.5038279609584831,0,http,0,benign,0
h016,2024-03-01 17:00:00,44,42,27,134675,0.5799066443584168,0,other,0,benign,0
h017,2024-03-01 17:00:00,3,3,3,4326,0.1995684597766519,0,http,0,benign,0
h018,2024-03-01 17:00:00,20,5,7,86333,0.6119715569839654,1,http,0,benign,0
h019,2024-03-01 17:00:00,18,4,8,65666,0.5164423113654892,0,http,0,benign,0
h020,2024-03-01 17:00:00,57,50,28,171781,0.5637017141279517,0,other,0,benign,0
h021,2024-03-01 17:00:00,23,3,8,83412,0.8216602009988567,0,http,0,benign,0
h022,2024-03-01 17:00:00,140,130,96,8765,0.05762719201640215,0,other,1,portscan,1
h023,2024-03-01 17:00:00,20,5,7,118546,0.5228727021555316,0,http,0,benign,0
h024,2024-03-01 17:00:00,20,4,6,70332,0.49804623938335135,0,http,0,benign,0
h025,2024-03-01 17:00:00,2,2,2,4397,0.26648852694231123,0,http,0,benign,0
h026,2024-03-01 17:00:00,17,5,8,95061,0.4995214103610961,0,http,0,benign,0
h027,2024-03-01 17:00:00,7,3,5,77955,0.41635362889422195,1,http,0,benign,0
h028,2024-03-01 17:00:00,4,3,3,26409,0.5365052923144211,0,http,0,benign,0
h029,2024-03-01 17:00:00,7,3,6,62435,0.3702892549304421,0,dns,0,benign,0
h030,2024-03-01 17:00:00,127,121,89,7759,0.054317474143696344,0,other,1,portscan,1
h031,2024-03-01 17:00:00,86,80,63,5354,0.054950635857608225,0,other,1,portscan,1
h032,2024-03-01 17:00:00,4,2,3,31081,0.28049646564834496,0,http,0,benign,0
h033,2024-03-01 17:00:00,30,5,7,107557,0.7371806417255965,0,http,0,benign,0
h034,2024-03-01 17:00:00,10,3,6,86185,0.6256678703620014,0,http,0,benign,0
h035,2024-03-01 17:00:00,75,68,55,4919,0.05862328010564478,0,other,1,portscan,1
h036,2024-03-01 17:00:00,5,2,4,34241,0.7359854155908387,0,http,0,benign,0
h037,2024-03-01 17:00:00,52,47,31,148940,0.4611990131290969,0,other,0,benign,0
h038,2024-03-01 17:00:00,48,44,28,122307,0.8619508619303872,0,other,0,benign,0
h039,2024-03-01 17:00:00,8,2,2,3821674,12.977800125170296,0,http,0,benign,0
h040,2024-03-01 17:00:00,3,3,2,20236,0.7614802105818165,0,http,0,benign,0
h041,2024-03-01 17:00:00,7,4,5,25786,0.6654893101020514,0,http,0,benign,0
h042,2024-03-01 17:00:00,4,2,4,14199,0.20327765943926798,0,http,0,benign,0
h043,2024-03-01 17:00:00,29,5,8,117504,0.6657992314981701,0,http,0,benign,0
h044,2024-03-01 17:00:00,9,4,4,24561,0.5070898992869544,0,http,0,benign,0
h045,2024-03-01 17:00:00,19,5,8,103332,0.639252691078361,0,http,0,benign,0
h046,2024-03-01 17:00:00,24,4,8,185718,0.5108297888909991,0,http,0,benign,0
h047,2024-03-01 17:00:00,15,3,7,59880,0.5331491526173103,1,http,0,benign,0
h048,2024-03-01 17:00:00,4,2,1,3254581,14.126067310106244,0,http,1,exfil,1
h049,2024-03-01 17:00:00,9,4,5,44804,0.7425153940497456,1,http,0,benign,0
h050,2024-03-01 17:00:00,30,5,8,61335,0.6873148218354718,0,http,1,benign,0
h051,2024-03-01 17:00:00,22,5,8,48641,0.542298595806312,0,http,0,benign,0
h052,2024-03-01 17:00:00,19,5,8,146977,0.6090148792869234,0,http,0,benign,0
h053,2024-03-01 17:00:00,13,4,6,50860,0.3438898802204969,0,http,0,benign,0
h054,2024-03-01 17:00:00,2,1,2,5668,1.0364173428625303,0,http,0,benign,0
h055,2024-03-01 17:00:00,9,2,5,24435,1.045069647106342,0,http,0,benign,0
h056,2024-03-01 17:00:00,1,1,1,8209,0.6630355803353399,0,dns,0,benign,0
h057,2024-03-01 17:00:00,11,4,6,37501,0.40662489255168205,0,http,0,benign,0
h058,2024-03-01 17:00:00,120,112,77,8334,0.05840849831638733,0,other,1,portscan,1
h059,2024-03-01 17:00:00,11,4,7,40011,0.7390231976332552,0,dns,0,benign,0
h000,2024-03-01 18:00:00,11,4,6,32101,0.3749611376125738,0,http,0,benign,0
h001,2024-03-01 18:00:00,5,3,4,13822,0.8624422672823918,0,http,0,benign,0
h002,2024-03-01 18:00:00,14,4,6,24502,0.7289373666333884,0,http,0,benign,0
h003,2024-03-01 18:00:00,19,4,7,91239,0.7061346509805516,0,http,0,benign,0
h004,2024-03-01 18:00:00,52,49,34,144983,0.5691765533950298,0,other,0,benign,0
h005,2024-03-01 18:00:00,12,4,7,67937,0.6126018942417215,0,http,0,benign,0
h006,2024-03-01 18:00:00,18,3,8,91138,1.1393215267677637,0,http,0,benign,0
h007,2024-03-01 18:00:00,23,5,8,54579,0.5723083157523842,0,http,0,benign,0
h008,2024-03-01 18:00:00,6,5,4,16960,0.4802987373924062,0,http,0,benign,0
h009,2024-03-01 18:00:00,8,4,6,8878,0.6224297169351987,1,http,0,benign,0
h010,2024-03-01 18:00:00,57,50,31,189326,0.5234717345615862,0,other,0,benign,0
h011,2024-03-01 18:00:00,51,49,31,165931,0.4982982611464297,0,other,0,benign,0
h012,2024-03-01 18:00:00,19,3,7,78526,0.514553644424259,0,http,0,benign,0
h013,2024-03-01 18:00:00,4,3,3,8532,1.0125055180772875,0,http,0,benign,0
h014,2024-03-01 18:00:00,2,1,2,13506,0.11097223378218606,0,http,0,benign,0
h015,2024-03-01 18:00:00,9,5,5,61020,0.6211484520654336,0,http,0,benign,0
h016,2024-03-01 18:00:00,12,4,7,40776,0.996898507342014,0,http,0,benign,0
h017,2024-03-01 18:00:00,14,3,6,32741,0.36416892656735156,1,http,0,benign,0
h018,2024-03-01 18:00:00,6,2,2,1204061,16.011359223258008,0,http,0,benign,0
h019,2024-03-01 18:00:00,6,4,4,9044,0.5837932934606381,0,http,0,benign,0
h020,2024-03-01 18:00:00,15,4,7,37534,0.41657423671628013,0,http,0,benign,0
h021,2024-03-01 18:00:00,19,5,7,88926,0.5687058701806994,1,http,0,benign,0
h022,2024-03-01 18:00:00,11,4,7,28039,1.069671240334111,0,http,0,benign,0
h023,2024-03-01 18:00:00,10,3,6,35965,0.7882607005274734,0,http,0,benign,0
h024,2024-03-01 18:00:00,8,3,4,38938,0.2916347016373566,0,http,0,benign,0
h025,2024-03-01 18:00:00,62,56,40,3952,0.06126975233279179,0,other,1,portscan,1
h026,2024-03-01 18:00:00,7,3,4,45560,0.33232903190591595,0,http,0,benign,0
h027,2024-03-01 18:00:00,10,4,6,43074,0.7556342095120089,0,http,0,benign,0
h028,2024-03-01 18:00:00,3,2,3,8092,1.043840750148068,0,http,0,benign,0
h029,2024-03-01 18:00:00,14,4,5,35320,0.6852067498002156,0,http,0,benign,0
h030,2024-03-01 18:00:00,12,4,5,46139,0.6353788207521485,1,http,0,benign,0
h031,2024-03-01 18:00:00,22,4,8,72294,0.5267716853967912,0,http,0,benign,0
h032,2024-03-01 18:00:00,9,5,5,78141,0.3228246541369209,0,http,0,benign,0
h033,2024-03-01 18:00:00,6,4,5,37226,1.177753632132707,0,http,0,benign,0
h034,2024-03-01 18:00:00,13,4,6,37332,0.8690452785551199,0,http,0,benign,0
h035,2024-03-01 18:00:00,16,5,7,66439,0.43467070913812766,1,http,0,benign,0
h036,2024-03-01 18:00:00,6,3,3,27072,0.65275747325901,0,http,0,benign,0
h037,2024-03-01 18:00:00,8,3,6,52929,0.7993128500848733,0,http,0,benign,0
h038,2024-03-01 18:00:00,51,48,31,133911,0.6216424477142208,0,other,0,benign,0
h039,2024-03-01 18:00:00,17,4,7,66235,0.567750977808696,0,http,0,benign,0
h040,2024-03-01 18:00:00,14,4,8,44132,0.4279589402214659,0,http,0,benign,0
h041,2024-03-01 18:00:00,8,4,6,29200,0.3817253933245429,0,http,0,benign,0
h042,2024-03-01 18:00:00,18,4,8,36534,0.7301395443158583,0,http,0,benign,0
h043,2024-03-01 18:00:00,4,3,4,38637,1.2063973182632468,0,http,0,benign,0
h044,2024-03-01 18:00:00,6,3,5,30809,0.4289666918821026,0,http,0,benign,0
h045,2024-03-01 18:00:00,18,4,8,178710,1.1056345418299782,0,http,0,benign,0
h046,2024-03-01 18:00:00,21,5,7,60308,0.4590968100877124,0,http,0,benign,0
h047,2024-03-01 18:00:00,13,3,8,59605,0.7948468177076011,0,http,0,benign,0
h048,2024-03-01 18:00:00,8,4,6,14710,0.41931168046854284,0,http,0,benign,0
h049,2024-03-01 18:00:00,5,3,5,20893,0.3113086349675306,0,http,0,benign,0
h050,2024-03-01 18:00:00,8,4,5,18222,0.6512910140702906,0,http,0,benign,0
h051,2024-03-01 18:00:00,10,5,6,28180,0.35805528129561376,0,http,0,benign,0
h052,2024-03-01 18:00:00,43,4,7,157486,0.5347054969784367,1,http,0,benign,0
h053,2024-03-01 18:00:00,26,5,8,76618,0.4789863078954119,0,http,0,benign,0
h054,2024-03-01 18:00:00,4,3,2,5757,0.2040779992727617,0,http,0,benign,0
h055,2024-03-01 18:00:00,10,4,7,14416,1.0161977724724272,0,http,0,benign,0
h056,2024-03-01 18:00:00,22,5,7,61844,0.5380912254521255,1,http,0,benign,0
h057,2024-03-01 18:00:00,12,4,6,73363,0.5795553658010157,0,http,0,benign,0
h058,2024-03-01 18:00:00,28,5,8,107020,0.4755164034543031,0,http,0,benign,0
h059,2024-03-01 18:00:00,5,2,2,788952,14.534407498398348,0,http,0,benign,0
h000,2024-03-01 19:00:00,10,4,6,49681,0.5871327821681905,0,http,0,benign,0
h001,2024-03-01 19:00:00,26,5,8,69001,0.6495440175939827,0,http,0,benign,0
h002,2024-03-01 19:00:00,3,2,2,1530095,45.65869492357346,0,ssh,0,benign,0
h003,2024-03-01 19:00:00,17,5,7,153463,0.7129938821749342,0,http,0,benign,0
h004,2024-03-01 19:00:00,24,5,7,46876,0.35261952410952074,0,http,0,benign,0
h005,2024-03-01 19:00:00,15,4,7,27587,0.6113671168613083,0,http,0,benign,0
h006,2024-03-01 19:00:00,10,3,4,45656,0.5370213600644898,0,http,0,benign,0
h007,2024-03-01 19:00:00,50,5,8,140851,0.6744350809664863,0,http,0,benign,0
h008,2024-03-01 19:00:00,10,2,7,16615,1.0900464138029242,0,http,0,benign,0
h009,2024-03-01 19:00:00,20,4,8,80113,0.5807981875225995,1,http,0,benign,0
h010,2024-03-01 19:00:00,17,4,8,82921,0.3973803670923802,0,http,0,benign,0
h011,2024-03-01 19:00:00,13,5,6,21949,0.45263821746407695,1,http,0,benign,0
h012,2024-03-01 19:00:00,13,4,7,35269,0.4845276916151576,1,http,0,benign,0
h013,2024-03-01 19:00:00,10,4,6,33379,0.6172457280017886,0,http,0,benign,0
h014,2024-03-01 19:00:00,7,2,5,25255,1.1234877273991537,0,http,0,benign,0
h015,2024-03-01 19:00:00,2,2,1,1461642,17.265229644608233,0,ssh,0,benign,0
h016,2024-03-01 19:00:00,4,2,2,1337455,15.21320430477958,0,http,0,benign,0
h017,2024-03-01 19:00:00,5,2,1,1361835,7.243387032344105,0,ssh,0,benign,0
h018,2024-03-01 19:00:00,4,2,4,20909,0.42432443303502887,0,http,0,benign,0
h019,2024-03-01 19:00:00,18,5,6,56708,0.6295372528583036,0,http,0,benign,0
h020,2024-03-01 19:00:00,4,1,3,10437,0.7123306402822345,0,http,0,benign,0
h021,2024-03-01 19:00:00,14,4,5,37085,0.5403754205947694,1,http,0,benign,0
h022,2024-03-01 19:00:00,56,50,31,143281,0.5284805168151501,0,other,0,benign,0
h023,2024-03-01 19:00:00,17,5,7,285498,0.5854876513919856,0,http,0,benign,0
h024,2024-03-01 19:00:00,7,3,5,15646,0.470935906383476,0,http,0,benign,0
h025,2024-03-01 19:00:00,4,2,2,2465,0.9200983757670407,0,http,0,benign,0
h026,2024-03-01 19:00:00,26,5,7,83164,0.8495170467103732,0,http,0,benign,0
h027,2024-03-01 19:00:00,7,4,5,11203,0.4540537938233536,0,http,0,benign,0
h028,2024-03-01 19:00:00,6,2,1,2441482,29.64058133382125,0,ssh,1,exfil,1
h029,2024-03-01 19:00:00,8,4,5,5267,0.3847725590838024,0,ssh,0,benign,0
h030,2024-03-01 19:00:00,18,5,7,58633,0.5764271336172176,0,http,0,benign,0
h031,2024-03-01 19:00:00,23,5,8,94101,0.5375685801706902,0,http,0,benign,0
h032,2024-03-01 19:00:00,27,5,8,101595,0.6590860081642796,0,http,0,benign,0
h033,2024-03-01 19:00:00,6,3,5,34626,0.4272110341160062,0,http,0,benign,0
h034,2024-03-01 19:00:00,30,3,8,89192,0.43506550155077495,0,http,0,benign,0
h035,2024-03-01 19:00:00,48,5,8,178459,0.8095615201875218,0,http,0,benign,0
h036,2024-03-01 19:00:00,5,3,4,12715,0.8300356583261296,0,http,0,benign,0
h037,2024-03-01 19:00:00,14,4,6,93752,0.5534352689124714,0,http,0,benign,0
h038,2024-03-01 19:00:00,4,2,3,4617,0.3614672855329405,0,http,0,benign,0
h039,2024-03-01 19:00:00,2,2,1,280034,23.00773935970915,0,ssh,0,benign,0
h040,2024-03-01 19:00:00,32,5,8,81849,0.5665486447648063,1,http,0,benign,0
h041,2024-03-01 19:00:00,9,4,7,20273,0.5715584786730525,0,http,0,benign,0
h042,2024-03-01 19:00:00,4,2,3,5433,0.49675367814380855,0,http,0,benign,0
h043,2024-03-01 19:00:00,10,4,6,37024,0.6158860189303723,0,http,0,benign,0
h044,2024-03-01 19:00:00,53,46,31,136661,0.7055761471084515,0,other,0,benign,0
h045,2024-03-01 19:00:00,18,4,8,101145,0.7183377062668203,0,http,0,benign,0
h046,2024-03-01 19:00:00,13,2,5,35359,0.5679868344147684,0,http,0,benign,0
h047,2024-03-01 19:00:00,5,3,4,20759,0.6875418254856258,0,dns,0,benign,0
h048,2024-03-01 19:00:00,47,43,30,140913,0.6397065412023231,0,other,0,benign,0
h049,2024-03-01 19:00:00,165,158,108,10342,0.05755076922581576,0,other,1,portscan,1
h050,2024-03-01 19:00:00,6,2,2,3822452,15.537976322311414,0,http,0,benign,0
h051,2024-03-01 19:00:00,16,4,7,77225,0.3575102078582197,0,http,0,benign,0
h052,2024-03-01 19:00:00,11,5,7,16576,0.38511635485306095,1,http,0,benign,0
h053,2024-03-01 19:00:00,15,5,7,53194,0.5582423865284,0,http,0,benign,0
h054,2024-03-01 19:00:00,12,5,6,32693,0.5140131827498048,0,http,0,benign,0
h055,2024-03-01 19:00:00,2,1,2,2620,0.07221388040189117,0,http,0,benign,0
h056,2024-03-01 19:00:00,13,3,6,76868,0.7264817773883241,0,http,0,benign,0
h057,2024-03-01 19:00:00,13,4,8,51108,0.7209804254906028,0,http,0,benign,0
h058,2024-03-01 19:00:00,44,42,28,109885,0.5805515617087621,0,other,0,benign,0
h059,2024-03-01 19:00:00,11,4,7,37794,0.40335138795206976,0,http,0,benign,0
h000,2024-03-01 20:00:00,28,4,8,93661,0.4450597042631106,0,http,0,benign,0
h001,2024-03-01 20:00:00,3,3,3,9725,0.7880807359821418,0,dns,0,benign,0
h002,2024-03-01 20:00:00,5,4,5,21845,0.36656962653715264,0,http,0,benign,0
h003,2024-03-01 20:00:00,14,3,8,41491,0.3667222686992471,0,http,0,benign,0
h004,2024-03-01 20:00:00,1,1,1,6075,0.1408952206919272,0,http,0,benign,0
h005,2024-03-01 20:00:00,15,5,6,23983,0.4460130885124631,0,http,0,benign,0
h006,2024-03-01 20:00:00,7,4,4,20124,0.36330732292345075,0,http,0,benign,0
h007,2024-03-01 20:00:00,5,2,4,14145,0.16885771337189306,0,http,0,benign,0
h008,2024-03-01 20:00:00,5,4,4,8203,0.39768144106926584,0,http,0,benign,0
h009,2024-03-01 20:00:00,6,2,2,2828527,19.928044494986555,0,http,0,benign,0
h010,2024-03-01 20:00:00,6,2,2,990635,22.898658605763817,0,http,0,benign,0
h011,2024-03-01 20:00:00,6,3,4,29518,0.6388060087595961,0,http,0,benign,0
h012,2024-03-01 20:00:00,12,3,7,58945,0.8378515521450619,0,http,0,benign,0
h013,2024-03-01 20:00:00,5,3,4,13451,0.7042250583230683,1,http,0,benign,0
h014,2024-03-01 20:00:00,9,3,6,48181,0.4346602142574089,1,http,0,benign,0
h015,2024-03-01 20:00:00,19,4,6,185804,0.903850449416139,0,http,0,benign,0
h016,2024-03-01 20:00:00,19,4,8,91485,0.527173173128842,0,http,0,benign,0
h017,2024-03-01 20:00:00,10,3,6,17080,0.38100693531802043,0,http,0,benign,0
h018,2024-03-01 20:00:00,136,124,90,9194,0.05860178669599225,0,other,1,portscan,1
h019,2024-03-01 20:00:00,17,5,7,42889,0.5643798951897614,1,http,0,benign,0
h020,2024-03-01 20:00:00,11,4,5,16837,0.402930690266782,0,http,0,benign,0
h021,2024-03-01 20:00:00,33,5,8,135667,0.5553208416187325,0,http,0,benign,0
h022,2024-03-01 20:00:00,2,2,2,22782,0.3760608973148407,0,http,0,benign,0
h023,2024-03-01 20:00:00,30,5,8,148947,0.44926892614845837,0,http,0,benign,0
h024,2024-03-01 20:00:00,7,4,5,26322,0.4624487012005108,0,http,0,benign,0
h025,2024-03-01 20:00:00,2,2,2,4342,0.9237021357676476,0,http,0,benign,0
h026,2024-03-01 20:00:00,22,5,7,92930,0.4712540093048009,0,http,0,benign,0
h027,2024-03-01 20:00:00,9,4,5,30212,0.3340865463216581,1,http,0,benign,0
h028,2024-03-01 20:00:00,2,2,2,14159,1.5459680599406591,0,http,0,benign,0
h029,2024-03-01 20:00:00,8,4,5,53333,0.592868778696547,0,http,0,benign,0
h030,2024-03-01 20:00:00,12,3,7,209676,0.8090403584866399,0,http,0,benign,0
h031,2024-03-01 20:00:00,59,54,34,170323,0.7239153559029744,0,other,0,benign,0
h032,2024-03-01 20:00:00,4,3,3,14610,0.41571501613250694,0,http,0,benign,0
h033,2024-03-01 20:00:00,3,2,2,892673,10.99938372228596,0,http,0,benign,0
h034,2024-03-01 20:00:00,114,108,81,7669,0.05833833788393527,0,other,1,portscan,1
h035,2024-03-01 20:00:00,7,3,5,15384,0.32570333142689517,0,http,0,benign,0
h036,2024-03-01 20:00:00,19,4,8,56531,0.8013527686738936,0,http,0,benign,0
h037,2024-03-01 20:00:00,12,4,6,24004,0.44267373350689204,0,http,0,benign,0
h038,2024-03-01 20:00:00,11,3,5,46437,0.8398373295927223,0,http,0,benign,0
h039,2024-03-01 20:00:00,8,4,4,21255,0.4599389601966025,0,http,0,benign,0
h040,2024-03-01 20:00:00,66,1,3,11287,0.2567593140068624,64,ssh,1,bruteforce,1
h041,2024-03-01 20:00:00,14,5,7,55318,0.5888238566253153,0,http,0,benign,0
h042,2024-03-01 20:00:00,8,4,6,11336,0.44409595874824503,0,http,0,benign,0
h043,2024-03-01 20:00:00,13,5,7,49301,0.4339214232249192,0,http,0,benign,0
h044,2024-03-01 20:00:00,12,4,6,19798,0.38508672019518,0,http,0,benign,0
h045,2024-03-01 20:00:00,16,5,7,68259,0.5308387529349186,0,http,0,benign,0
h046,2024-03-01 20:00:00,19,5,7,44050,0.4284260114763622,0,http,0,benign,0
h047,2024-03-01 20:00:00,3,2,2,18876,1.7980747333749851,0,dns,0,benign,0
h048,2024-03-01 20:00:00,19,5,8,67488,0.3717961305357673,1,http,0,benign,0
h049,2024-03-01 20:00:00,11,3,5,20042,0.6955769290339482,0,http,0,benign,0
h050,2024-03-01 20:00:00,47,44,28,134300,0.5635079816747083,0,other,0,benign,0
h051,2024-03-01 20:00:00,50,45,32,161339,0.5627320928757442,0,other,0,benign,0
h052,2024-03-01 20:00:00,13,4,6,35137,0.5077244043989724,0,http,0,benign,0
h053,2024-03-01 20:00:00,9,3,5,34780,0.364528258793455,0,http,0,benign,0
h054,2024-03-01 20:00:00,11,4,5,24330,0.8205239154827596,0,http,0,benign,0
h055,2024-03-01 20:00:00,9,4,6,43020,0.5394236581651077,0,http,0,benign,0
h056,2024-03-01 20:00:00,19,4,7,65413,0.6904783563547996,0,http,0,benign,0
h057,2024-03-01 20:00:00,11,4,6,42342,0.5887921675039807,0,http,0,benign,0
h058,2024-03-01 20:00:00,5,3,3,19079,0.6246457343594163,0,http,0,benign,0
h059,2024-03-01 20:00:00,4,2,2,424055,8.845987291873286,0,ssh,0,benign,0
h000,2024-03-01 21:00:00,5,2,2,1768090,8.397979063249135,0,http,0,benign,0
h001,2024-03-01 21:00:00,48,45,28,162214,0.9274930908189272,0,other,0,benign,0
h002,2024-03-01 21:00:00,19,5,7,40579,0.4975303854067579,0,http,0,benign,0
h003,2024-03-01 21:00:00,89,84,57,5392,0.054927547326188125,0,other,1,portscan,1
h004,2024-03-01 21:00:00,4,2,3,7870,0.09681308396368288,0,http,0,benign,0
h005,2024-03-01 21:00:00,44,5,8,168845,0.46088705173162536,0,http,1,benign,0
h006,2024-03-01 21:00:00,6,3,3,17587,0.39171968048530387,0,http,0,benign,0
h007,2024-03-01 21:00:00,24,5,7,128034,0.4706288229175064,0,http,0,benign,0
h008,2024-03-01 21:00:00,13,4,6,20080,0.5769043187948714,0,http,0,benign,0
h009,2024-03-01 21:00:00,23,5,8,63786,0.7762051804841711,1,http,0,benign,0
h010,2024-03-01 21:00:00,17,5,8,62220,0.8380004704934414,0,http,0,benign,0
h011,2024-03-01 21:00:00,21,5,8,39724,0.33867617799422,0,http,0,benign,0
h012,2024-03-01 21:00:00,8,5,4,43976,0.5011621904291856,0,http,0,benign,0
h013,2024-03-01 21:00:00,4,2,4,2866,0.17565667599370977,0,http,0,benign,0
h014,2024-03-01 21:00:00,6,3,4,5228,0.8341791166519515,0,http,0,benign,0
h015,2024-03-01 21:00:00,12,3,5,33442,0.618997521428617,0,http,0,benign,0
h016,2024-03-01 21:00:00,17,5,6,41234,0.6492063142203108,0,http,0,benign,0
h017,2024-03-01 21:00:00,8,4,5,35739,0.28824524739373497,0,http,0,benign,0
h018,2024-03-01 21:00:00,11,4,7,25380,0.6878042215140285,1,http,0,benign,0
h019,2024-03-01 21:00:00,12,5,5,124883,1.456648749308238,0,http,0,benign,0
h020,2024-03-01 21:00:00,16,4,7,34559,0.4478645277210462,0,http,0,benign,0
h021,2024-03-01 21:00:00,8,4,4,29669,0.3953373855608112,1,http,0,benign,0
h022,2024-03-01 21:00:00,10,5,6,48685,0.335511554431299,0,http,0,benign,0
h023,2024-03-01 21:00:00,17,3,8,62421,0.5454459666934249,0,http,0,benign,0
h024,2024-03-01 21:00:00,7,4,6,10578,0.8004649820171581,1,http,0,benign,0
h025,2024-03-01 21:00:00,11,3,5,45597,0.6536615790748289,0,http,0,benign,0
h026,2024-03-01 21:00:00,5,3,5,8450,0.6756093984011391,0,ssh,0,benign,0
h027,2024-03-01 21:00:00,17,5,7,66019,0.9555384289904305,0,http,0,benign,0
h028,2024-03-01 21:00:00,6,3,4,17416,0.9616984166583934,0,http,0,benign,0
h029,2024-03-01 21:00:00,9,5,6,25402,0.5360665075857942,0,http,0,benign,0
h030,2024-03-01 21:00:00,147,135,100,9810,0.05288686671870293,0,other,1,portscan,1
h031,2024-03-01 21:00:00,45,41,27,131021,0.5326390019609913,0,other,0,benign,0
h032,2024-03-01 21:00:00,4,3,4,19170,1.5709734889850318,0,http,0,benign,0
h033,2024-03-01 21:00:00,21,5,7,96149,0.596109540163467,1,http,0,benign,0
h034,2024-03-01 21:00:00,17,5,7,29192,0.37060956231160763,1,http,0,benign,0
h035,2024-03-01 21:00:00,6,3,5,21722,0.6398450364434645,0,http,0,benign,0
h036,2024-03-01 21:00:00,2,2,1,445454,14.857681571024507,0,http,1,exfil,1
h037,2024-03-01 21:00:00,15,4,7,50575,0.49700164137609887,0,http,0,benign,0
h038,2024-03-01 21:00:00,27,4,8,129810,0.48094054348568466,0,http,0,benign,0
h039,2024-03-01 21:00:00,10,3,7,29339,0.3717860084565872,0,http,0,benign,0
h040,2024-03-01 21:00:00,11,4,8,24559,0.5478434929733186,0,http,0,benign,0
h041,2024-03-01 21:00:00,5,3,4,99447,0.2487358661910335,0,http,0,benign,0
h042,2024-03-01 21:00:00,4,3,3,33418,1.178177965546461,0,http,0,benign,0
h043,2024-03-01 21:00:00,10,4,5,73717,0.5755383310872901,0,http,0,benign,0
h044,2024-03-01 21:00:00,27,4,8,127532,0.41412802248949676,0,http,0,benign,0
h045,2024-03-01 21:00:00,10,3,5,38132,0.48045123204075635,0,http,0,benign,0
h046,2024-03-01 21:00:00,13,3,7,38373,0.4161536866220088,0,http,0,benign,0
h047,2024-03-01 21:00:00,7,2,2,3761608,18.242161991449564,0,ssh,0,benign,0
h048,2024-03-01 21:00:00,18,4,7,125058,0.4319105681035229,2,http,0,benign,0
h049,2024-03-01 21:00:00,15,4,6,49507,0.5686182129215547,0,http,0,benign,0
h050,2024-03-01 21:00:00,16,4,7,75793,0.6626522644625011,0,http,0,benign,0
h051,2024-03-01 21:00:00,18,4,8,89541,0.5610481072717741,0,http,0,benign,0
h052,2024-03-01 21:00:00,19,4,8,39715,0.6344452827774353,0,http,0,benign,0
h053,2024-03-01 21:00:00,6,2,2,5943393,24.767199121077496,0,http,0,benign,0
h054,2024-03-01 21:00:00,10,3,7,30100,0.738127257348965,0,http,0,benign,0
h055,2024-03-01 21:00:00,24,5,7,184046,0.5221767368165235,0,http,0,benign,0
h056,2024-03-01 21:00:00,6,2,5,25593,0.23363032818787213,0,http,0,benign,0
h057,2024-03-01 21:00:00,10,3,6,21433,1.118740839472254,0,http,0,benign,0
h058,2024-03-01 21:00:00,26,5,8,99406,0.4165057880820298,0,http,0,benign,0
h059,2024-03-01 21:00:00,21,4,7,38793,0.4050115314619872,0,http,0,benign,0
h000,2024-03-01 22:00:00,20,4,7,58180,0.4013196754539636,0,http,0,benign,0
h001,2024-03-01 22:00:00,13,4,8,77510,0.29998820375392643,0,http,0,benign,0
h002,2024-03-01 22:00:00,4,3,4,11383,0.3715654329844415,0,http,0,benign,0
h003,2024-03-01 22:00:00,42,5,8,248333,0.6662604277946877,0,http,0,benign,0
h004,2024-03-01 22:00:00,6,3,5,14165,1.7469769879925099,0,dns,0,benign,0
h005,2024-03-01 22:00:00,16,5,6,58813,0.6133452549453069,0,http,0,benign,0
h006,2024-03-01 22:00:00,10,4,5,33698,0.4628689426668724,0,http,0,benign,0
h007,2024-03-01 22:00:00,21,4,7,55993,0.4776936824703717,0,http,0,benign,0
h008,2024-03-01 22:00:00,8,3,5,61081,1.0840761195382627,0,http,0,benign,0
h009,2024-03-01 22:00:00,1,1,1,1268,0.16905702995445485,0,http,0,benign,0
h010,2024-03-01 22:00:00,17,5,8,41975,1.074684091018346,1,http,0,benign,0
h011,2024-03-01 22:00:00,7,2,5,25454,1.015363649323,0,http,0,benign,0
h012,2024-03-01 22:00:00,2,2,2,9354,2.6015629481203293,0,smtp,0,benign,0
h013,2024-03-01 22:00:00,2,2,1,1241,1.6548224358958707,0,http,0,benign,0
h014,2024-03-01 22:00:00,5,2,4,7023,0.7467721280653269,0,http,0,benign,0
h015,2024-03-01 22:00:00,2,2,1,3003,0.4926244980700773,0,http,0,benign,0
h016,2024-03-01 22:00:00,15,5,7,36391,0.36501864086989017,0,http,0,benign,0
h017,2024-03-01 22:00:00,6,2,1,3594077,19.461522000929723,0,http,1,exfil,1
h018,2024-03-01 22:00:00,8,2,7,41926,0.5187725766208824,0,http,0,benign,0
h019,2024-03-01 22:00:00,7,3,4,10168,0.7973857801980585,0,http,0,benign,0
h020,2024-03-01 22:00:00,25,5,8,93039,0.7666564261747112,0,http,0,benign,0
h021,2024-03-01 22:00:00,3,2,3,21049,0.4643784241705433,0,http,0,benign,0
h022,2024-03-01 22:00:00,7,4,4,26534,0.40961677740713426,0,http,0,benign,0
h023,2024-03-01 22:00:00,7,2,2,2598779,20.897304293328148,0,ssh,0,benign,0
h024,2024-03-01 22:00:00,5,2,5,29002,0.46035933969455034,0,dns,0,benign,0
h025,2024-03-01 22:00:00,9,5,6,46975,0.7541174811903896,0,http,0,benign,0
h026,2024-03-01 22:00:00,10,3,7,31768,0.47167145648284015,0,http,0,benign,0
h027,2024-03-01 22:00:00,25,4,8,96919,0.5891444280595425,0,http,0,benign,0
h028,2024-03-01 22:00:00,2,1,1,567568,17.552011529565142,0,ssh,0,benign,0
h029,2024-03-01 22:00:00,6,2,5,19972,0.4562213676165945,0,http,0,benign,0
h030,2024-03-01 22:00:00,9,5,5,28831,0.39380653190765513,0,http,0,benign,0
h031,2024-03-01 22:00:00,10,4,6,34108,0.4469604796985368,0,http,0,benign,0
h032,2024-03-01 22:00:00,3,3,3,1466,0.3573362475995119,0,http,0,benign,0
h033,2024-03-01 22:00:00,29,4,7,88294,0.49754276592302255,0,http,0,benign,0
h034,2024-03-01 22:00:00,15,4,7,40304,0.6171022224894458,0,http,0,benign,0
h035,2024-03-01 22:00:00,22,4,8,79175,0.5161807660452798,0,http,0,benign,0
h036,2024-03-01 22:00:00,29,4,8,110286,0.5208228721313495,0,http,0,benign,0
h037,2024-03-01 22:00:00,19,5,8,67601,0.5785006360441156,0,http,0,benign,0
h038,2024-03-01 22:00:00,18,5,8,56271,0.5647084116777222,0,http,0,benign,0
h039,2024-03-01 22:00:00,6,4,4,15789,0.2254343791752521,0,http,0,benign,0
h040,2024-03-01 22:00:00,18,5,7,81726,0.6368329583068526,0,http,0,benign,0
h041,2024-03-01 22:00:00,13,5,7,78868,0.7157363033632108,1,http,0,benign,0
h042,2024-03-01 22:00:00,62,56,30,200193,0.6145618385997822,0,other,0,benign,0
h043,2024-03-01 22:00:00,5,2,5,12309,0.201531136918793,0,http,0,benign,0
h044,2024-03-01 22:00:00,53,5,8,185247,0.5569813498884562,0,http,0,benign,0
h045,2024-03-01 22:00:00,17,3,7,49862,0.5594404175547151,0,http,0,benign,0
h046,2024-03-01 22:00:00,13,5,8,28196,0.3492578491695066,0,http,0,benign,0
h047,2024-03-01 22:00:00,19,4,8,48824,0.4516606090769775,0,http,0,benign,0
h048,2024-03-01 22:00:00,5,3,5,14359,0.5773963548484877,0,http,0,benign,0
h049,2024-03-01 22:00:00,5,4,4,9277,0.809219839661093,0,http,0,benign,0
h050,2024-03-01 22:00:00,1,1,1,557,0.2452480117283609,0,http,0,benign,0
h051,2024-03-01 22:00:00,21,5,7,158147,0.6151780788987325,1,http,0,benign,0
h052,2024-03-01 22:00:00,11,5,6,51179,0.5213386414546283,0,http,0,benign,0
h053,2024-03-01 22:00:00,57,52,34,220247,0.5952062056884012,0,other,0,benign,0
h054,2024-03-01 22:00:00,5,4,5,7998,0.507716299465863,1,http,0,benign,0
h055,2024-03-01 22:00:00,9,3,5,87357,1.2135994756303374,0,http,0,benign,0
h056,2024-03-01 22:00:00,19,5,7,41113,0.5978944009181935,0,http,0,benign,0
h057,2024-03-01 22:00:00,25,4,8,116347,0.6893519864531241,0,http,0,benign,0
h058,2024-03-01 22:00:00,3,3,2,13455,0.9401971805847437,0,dns,0,benign,0
h059,2024-03-01 22:00:00,5,2,3,17305,0.2686659089993507,0,http,0,benign,0
h000,2024-03-01 23:00:00,12,4,6,62610,0.6869945714623914,0,http,0,benign,0
h001,2024-03-01 23:00:00,8,5,6,130802,0.44589031627688547,0,http,0,benign,0
h002,2024-03-01 23:00:00,44,1,3,7848,0.26763957433296026,32,ssh,0,benign,0
h003,2024-03-01 23:00:00,10,2,5,24202,0.8066307934510777,0,http,0,benign,0
h004,2024-03-01 23:00:00,10,4,6,30138,0.622571086415065,1,http,0,benign,0
h005,2024-03-01 23:00:00,2,2,2,7936,0.6457186276155,0,ssh,0,benign,0
h006,2024-03-01 23:00:00,29,5,8,127218,0.8261987274072805,1,http,0,benign,0
h007,2024-03-01 23:00:00,13,4,6,34831,0.9260693404263242,0,http,0,benign,0
h008,2024-03-01 23:00:00,13,4,6,32179,0.4881787725953478,0,http,0,benign,0
h009,2024-03-01 23:00:00,7,4,4,13643,0.726354160694469,0,http,0,benign,0
h010,2024-03-01 23:00:00,2,2,2,1707,0.2225296286703803,0,http,0,benign,0
h011,2024-03-01 23:00:00,10,4,5,22045,0.7830372424900479,0,http,0,benign,0
h012,2024-03-01 23:00:00,7,4,3,18699,0.42678269527276713,0,http,0,benign,0
h013,2024-03-01 23:00:00,19,5,8,36783,0.7821370944115317,0,http,0,benign,0
h014,2024-03-01 23:00:00,26,5,8,101589,0.9113739232920519,0,http,0,benign,0
h015,2024-03-01 23:00:00,15,5,8,55631,0.886931680935352,0,http,0,benign,0
h016,2024-03-01 23:00:00,18,4,8,76243,0.6217398867311467,0,http,0,benign,0
h017,2024-03-01 23:00:00,23,3,8,68967,0.6527870310215678,0,http,0,benign,0
h018,2024-03-01 23:00:00,7,4,6,40562,0.34440049451320365,1,http,0,benign,0
h019,2024-03-01 23:00:00,10,4,7,48090,0.7202075841081854,0,http,0,benign,0
h020,2024-03-01 23:00:00,18,5,8,67795,0.4934216472939408,0,http,0,benign,0
h021,2024-03-01 23:00:00,10,2,7,58690,0.9880716528961141,1,http,0,benign,0
h022,2024-03-01 23:00:00,3,2,1,1286352,43.124232819357246,0,ssh,1,exfil,1
h023,2024-03-01 23:00:00,11,3,6,43511,0.43372718856465853,0,http,0,benign,0
h024,2024-03-01 23:00:00,9,3,7,19772,0.33914603762532863,0,http,0,benign,0
h025,2024-03-01 23:00:00,12,5,6,75085,0.7548221146077583,0,http,0,benign,0
h026,2024-03-01 23:00:00,10,5,7,80642,0.4473958358058338,0,http,0,benign,0
h027,2024-03-01 23:00:00,25,5,8,65730,0.5823069232919106,0,http,0,benign,0
h028,2024-03-01 23:00:00,6,4,5,20390,0.9374813827900911,0,dns,0,benign,0
h029,2024-03-01 23:00:00,15,5,7,29491,0.4407835161165868,0,http,0,benign,0
h030,2024-03-01 23:00:00,7,2,2,1317980,18.87512628057914,0,http,0,benign,0
h031,2024-03-01 23:00:00,14,4,6,46327,0.4456149769002537,0,http,0,benign,0
h032,2024-03-01 23:00:00,3,3,3,1845,0.33212802825696425,0,dns,0,benign,0
h033,2024-03-01 23:00:00,2,1,2,12628,0.3686626810852989,0,dns,0,benign,0
h034,2024-03-01 23:00:00,13,5,5,78575,0.5173226849242778,0,http,0,benign,0
h035,2024-03-01 23:00:00,10,4,7,24191,0.6207874678802894,0,http,0,benign,0
h036,2024-03-01 23:00:00,5,3,3,30623,0.2734127772885985,0,http,0,benign,0
h037,2024-03-01 23:00:00,15,3,7,23722,0.45062608829709205,0,http,0,benign,0
h038,2024-03-01 23:00:00,108,103,72,6938,0.05505715374804705,0,other,1,portscan,1
h039,2024-03-01 23:00:00,2,2,2,3964,0.5541402580806651,0,http,0,benign,0
h040,2024-03-01 23:00:00,46,5,8,210992,0.7240128076919481,0,http,0,benign,0
h041,2024-03-01 23:00:00,51,49,30,171671,0.7906757818632161,0,other,0,benign,0
h042,2024-03-01 23:00:00,1,1,1,25270,7.241848116645054,0,ssh,1,exfil,1
h043,2024-03-01 23:00:00,5,3,4,5843,0.28445168292427636,0,http,0,benign,0
h044,2024-03-01 23:00:00,5,3,5,65261,0.5288451731751613,1,http,0,benign,0
h045,2024-03-01 23:00:00,16,5,8,65744,0.33867578900397494,1,http,0,benign,0
h046,2024-03-01 23:00:00,17,5,7,75474,0.3222948651567516,0,http,0,benign,0
h047,2024-03-01 23:00:00,4,2,1,2836458,11.910867845156469,0,http,1,exfil,1
h048,2024-03-01 23:00:00,22,4,8,100148,0.704811388216145,0,http,0,benign,0
h049,2024-03-01 23:00:00,21,5,7,65960,0.6010939306289599,0,http,0,benign,0
h050,2024-03-01 23:00:00,5,4,4,9345,1.280348032199521,0,http,0,benign,0
h051,2024-03-01 23:00:00,28,5,8,112200,0.6000913985105715,0,http,0,benign,0
h052,2024-03-01 23:00:00,30,5,8,125243,0.4989626106576639,0,http,0,benign,0
h053,2024-03-01 23:00:00,16,4,8,70609,0.4491787985051007,0,http,0,benign,0
h054,2024-03-01 23:00:00,11,3,7,20056,0.7468340476217032,1,http,0,benign,0
h055,2024-03-01 23:00:00,13,4,5,54191,0.7578734047166057,0,http,0,benign,0
h056,2024-03-01 23:00:00,14,3,8,28401,0.9902293036918414,0,http,0,benign,0
h057,2024-03-01 23:00:00,24,4,8,57985,0.5335789184127755,0,http,0,benign,0
h058,2024-03-01 23:00:00,7,4,5,18847,0.5162797594595208,0,http,0,benign,0
h059,2024-03-01 23:00:00,55,5,8,201304,0.6773717178579738,1,http,0,benign,0
h000,2024-03-02 00:00:00,5,3,4,82103,0.5907615924388966,0,http,0,benign,0
h001,2024-03-02 00:00:00,4,2,3,4615,0.27374851895865243,0,http,0,benign,0
h002,2024-03-02 00:00:00,8,4,5,66579,0.2605484364229057,1,http,0,benign,0
h003,2024-03-02 00:00:00,79,71,55,4734,0.055116340185813795,0,other,1,portscan,1
h004,2024-03-02 00:00:00,19,4,7,82132,0.5796079941653818,0,http,0,benign,0
h005,2024-03-02 00:00:00,5,2,3,18909,1.4672067015559223,0,http,0,benign,0
h006,2024-03-02 00:00:00,4,2,4,7570,0.3816853237308201,0,http,0,benign,0
h007,2024-03-02 00:00:00,5,4,2,8323,0.429116697795317,0,http,0,benign,0
h008,2024-03-02 00:00:00,26,5,8,52410,0.5526729130865571,0,http,0,benign,0
h009,2024-03-02 00:00:00,62,56,33,191653,0.5251650088942964,0,other,0,benign,0
h010,2024-03-02 00:00:00,11,4,6,13803,0.5381720532262222,0,http,0,benign,0
h011,2024-03-02 00:00:00,58,1,3,9513,0.3036273590504964,50,ssh,1,bruteforce,1
h012,2024-03-02 00:00:00,18,5,8,207190,0.4317461443770315,0,http,0,benign,0
h013,2024-03-02 00:00:00,20,5,7,48514,0.3813406437551495,0,http,0,benign,0
h014,2024-03-02 00:00:00,7,4,5,32208,0.3948236727316032,0,http,0,benign,0
h015,2024-03-02 00:00:00,12,4,5,36311,0.34329749576681134,0,http,0,benign,0
h016,2024-03-02 00:00:00,13,5,6,74321,0.9213910262520029,1,http,0,benign,0
h017,2024-03-02 00:00:00,33,5,8,86244,0.8088945612528953,1,http,0,benign,0
h018,2024-03-02 00:00:00,7,2,5,9458,0.605010203948406,0,http,0,benign,0
h019,2024-03-02 00:00:00,28,5,7,96904,0.7595494199993461,0,http,0,benign,0
h020,2024-03-02 00:00:00,21,5,8,70872,0.48086426032151536,0,http,0,benign,0
h021,2024-03-02 00:00:00,9,5,7,70435,0.514915436075882,0,http,0,benign,0
h022,2024-03-02 00:00:00,3,2,3,10986,0.4290684351915643,0,http,0,benign,0
h023,2024-03-02 00:00:00,8,5,6,46457,0.9104691516011234,0,http,0,benign,0
h024,2024-03-02 00:00:00,9,5,6,16061,0.3028735611547799,0,http,0,benign,0
h025,2024-03-02 00:00:00,12,4,7,48171,0.35511777223503554,0,http,0,benign,0
h026,2024-03-02 00:00:00,8,4,5,27012,0.5392105911350362,0,http,0,benign,0
h027,2024-03-02 00:00:00,45,43,25,178881,0.5892977284906323,0,other,0,benign,0
h028,2024-03-02 00:00:00,6,3,6,13656,0.5224447793853809,1,ssh,0,benign,0
h029,2024-03-02 00:00:00,3,3,3,2723,2.1060210634738716,0,http,0,benign,0
h030,2024-03-02 00:00:00,9,4,6,17872,1.1210457160102019,1,http,0,benign,0
h031,2024-03-02 00:00:00,3,2,3,7202,0.578148808264261,0,smtp,0,benign,0
h032,2024-03-02 00:00:00,5,3,4,13171,0.5776272542849606,0,http,0,benign,0
h033,2024-03-02 00:00:00,12,4,7,46794,0.7845652698538821,0,http,0,benign,0
h034,2024-03-02 00:00:00,1,1,1,654,0.8121294120746353,0,http,0,benign,0
h035,2024-03-02 00:00:00,154,147,111,10256,0.054804911317820566,0,other,1,portscan,1
h036,2024-03-02 00:00:00,49,47,29,139144,0.5188674895794038,0,other,0,benign,0
h037,2024-03-02 00:00:00,23,4,8,161419,0.7717907406519282,0,http,0,benign,0
h038,2024-03-02 00:00:00,5,3,4,37127,1.5453363095852175,0,http,1,benign,0
h039,2024-03-02 00:00:00,25,5,8,79994,0.6469852511613594,0,http,0,benign,0
h040,2024-03-02 00:00:00,26,5,8,56482,0.4857763842769361,0,http,0,benign,0
h041,2024-03-02 00:00:00,12,3,7,34494,1.0694844814746713,0,http,0,benign,0
h042,2024-03-02 00:00:00,64,63,49,4121,0.05571682193235791,0,other,1,portscan,1
h043,2024-03-02 00:00:00,7,2,2,2715098,8.077700904346614,0,ssh,0,benign,0
h044,2024-03-02 00:00:00,13,4,7,52907,0.36543089477229385,0,http,0,benign,0
h045,2024-03-02 00:00:00,8,3,5,35414,0.4420414235921806,0,http,0,benign,0
h046,2024-03-02 00:00:00,18,4,7,50712,0.48125433227905146,1,http,1,benign,0
h047,2024-03-02 00:00:00,12,5,7,41850,0.7674480816892889,0,http,0,benign,0
h048,2024-03-02 00:00:00,122,112,81,8331,0.05834962008489014,0,other,1,portscan,1
h049,2024-03-02 00:00:00,3,2,1,2312549,6.203584177210003,0,ssh,0,benign,0
h050,2024-03-02 00:00:00,8,4,5,13314,0.7925526033112129,0,http,0,benign,0
h051,2024-03-02 00:00:00,7,3,4,12815,0.5216985739946762,0,http,0,benign,0
h052,2024-03-02 00:00:00,39,5,8,265531,0.6678851613393915,1,http,0,benign,0
h053,2024-03-02 00:00:00,5,2,4,23646,0.7532422916360586,0,http,0,benign,0
h054,2024-03-02 00:00:00,4,2,3,14829,0.23997188394681798,0,http,0,benign,0
h055,2024-03-02 00:00:00,21,5,8,70574,0.6132726843120172,0,http,0,benign,0
h056,2024-03-02 00:00:00,5,4,4,11143,0.6104748189203171,0,ssh,0,benign,0
h057,2024-03-02 00:00:00,18,4,7,80623,0.47644113405733546,2,http,0,benign,0
h058,2024-03-02 00:00:00,7,3,4,17612,0.6103726002354001,0,http,0,benign,0
h059,2024-03-02 00:00:00,4,2,4,5852,0.7798401384008792,0,http,0,benign,0
h000,2024-03-02 01:00:00,3,2,1,580321,13.112407159810651,0,http,0,benign,0
h001,2024-03-02 01:00:00,4,4,4,8212,0.21929062914396202,0,http,0,benign,0
h002,2024-03-02 01:00:00,16,4,7,39403,0.6337376515074524,0,http,0,benign,0
h003,2024-03-02 01:00:00,2,2,2,8005,0.5271077125828709,0,http,0,benign,0
h004,2024-03-02 01:00:00,5,3,2,33474,0.35989036637451133,0,http,1,benign,0
h005,2024-03-02 01:00:00,9,5,6,20003,0.6621419175185477,0,http,0,benign,0
h006,2024-03-02 01:00:00,30,5,8,230565,0.3681378294794142,0,http,0,benign,0
h007,2024-03-02 01:00:00,11,5,5,24965,0.6661119079026521,0,dns,0,benign,0
h008,2024-03-02 01:00:00,5,3,3,34718,0.6828725479249808,0,http,0,benign,0
h009,2024-03-02 01:00:00,12,4,8,23074,0.3747541725613775,0,http,0,benign,0
h010,2024-03-02 01:00:00,5,2,2,1819040,14.533864504522134,0,http,0,benign,0
h011,2024-03-02 01:00:00,6,3,4,33566,1.3645937785487712,0,http,0,benign,0
h012,2024-03-02 01:00:00,5,2,4,22066,0.3663600000408812,0,http,0,benign,0
h013,2024-03-02 01:00:00,8,4,4,21236,0.7926458496700086,0,http,0,benign,0
h014,2024-03-02 01:00:00,12,3,6,17306,1.178170086295702,1,http,0,benign,0
h015,2024-03-02 01:00:00,9,5,6,24553,0.40268373968701543,1,http,1,benign,0
h016,2024-03-02 01:00:00,20,4,7,99780,0.33086877216159283,0,http,0,benign,0
h017,2024-03-02 01:00:00,52,50,33,136533,0.4982502466187919,0,other,0,benign,0
h018,2024-03-02 01:00:00,22,5,8,81807,0.56202437044135,0,http,0,benign,0
h019,2024-03-02 01:00:00,22,4,8,87551,0.4590560947031617,0,http,0,benign,0
h020,2024-03-02 01:00:00,17,4,7,37957,0.3595281148444376,0,http,0,benign,0
h021,2024-03-02 01:00:00,13,5,6,38807,0.36553941749644964,0,http,0,benign,0
h022,2024-03-02 01:00:00,2,2,1,457608,22.97006861298566,0,ssh,1,exfil,1
h023,2024-03-02 01:00:00,52,5,8,124853,0.47281158633530224,0,http,0,benign,0
h024,2024-03-02 01:00:00,17,5,7,41424,0.5561906785706846,0,http,0,benign,0
h025,2024-03-02 01:00:00,22,4,8,103258,0.57330042913303,0,http,0,benign,0
h026,2024-03-02 01:00:00,102,94,65,6709,0.05495933696984956,0,other,0,benign,0
h027,2024-03-02 01:00:00,24,5,8,85091,0.4674098001574929,1,http,0,benign,0
h028,2024-03-02 01:00:00,12,5,6,55469,0.29267250047891824,0,http,0,benign,0
h029,2024-03-02 01:00:00,70,64,48,4542,0.05109650998730625,0,other,1,portscan,1
h030,2024-03-02 01:00:00,26,5,8,106361,0.5493959452341485,0,http,0,benign,0
h031,2024-03-02 01:00:00,22,5,7,86438,0.5923345150275976,1,http,0,benign,0
h032,2024-03-02 01:00:00,3,1,3,6801,0.4640435862964804,0,http,0,benign,0
h033,2024-03-02 01:00:00,10,3,7,19140,0.7899475867972315,0,http,0,benign,0
h034,2024-03-02 01:00:00,62,58,32,165797,0.5207372217835375,0,other,0,benign,0
h035,2024-03-02 01:00:00,53,49,30,125890,0.5272062187821577,0,other,0,benign,0
h036,2024-03-02 01:00:00,11,4,5,43139,0.48227266245851136,0,http,0,benign,0
h037,2024-03-02 01:00:00,12,5,5,40833,0.4333551969335656,0,http,0,benign,0
h038,2024-03-02 01:00:00,38,5,8,129669,0.5956059135620752,0,http,0,benign,0
h039,2024-03-02 01:00:00,3,2,2,21330,1.1419780884188269,0,http,0,benign,0
h040,2024-03-02 01:00:00,15,5,8,29971,0.7675326159344967,1,http,0,benign,0
h041,2024-03-02 01:00:00,26,5,8,60130,0.4554443744004061,0,http,0,benign,0
h042,2024-03-02 01:00:00,33,5,8,180035,0.4909204456001397,0,http,0,benign,0
h043,2024-03-02 01:00:00,17,5,6,24106,0.6826652461779984,0,http,0,benign,0
h044,2024-03-02 01:00:00,56,55,31,157845,0.633230723245066,0,other,0,benign,0
h045,2024-03-02 01:00:00,7,2,2,3338451,16.166948392790786,0,http,0,benign,0
h046,2024-03-02 01:00:00,11,4,6,123128,0.8457238529812579,1,http,0,benign,0
h047,2024-03-02 01:00:00,10,3,6,70252,0.8774159482742755,0,dns,0,benign,0
h048,2024-03-02 01:00:00,1,1,1,11495,0.5060647039188608,0,http,0,benign,0
h049,2024-03-02 01:00:00,15,5,8,77093,0.5582405673984127,0,http,0,benign,0
h050,2024-03-02 01:00:00,3,2,3,24402,0.6030076135408441,0,dns,0,benign,0
h051,2024-03-02 01:00:00,46,5,8,198216,0.6295097187457777,0,http,0,benign,0
h052,2024-03-02 01:00:00,24,5,8,90375,0.6539189581062548,1,http,0,benign,0
h053,2024-03-02 01:00:00,7,3,5,26238,0.25579910128067146,0,http,0,benign,0
h054,2024-03-02 01:00:00,7,3,5,24385,0.5989079282191893,0,http,0,benign,0
h055,2024-03-02 01:00:00,7,3,4,26118,0.522402335713872,0,http,0,benign,0
h056,2024-03-02 01:00:00,5,5,4,13974,0.22588249800190957,0,http,0,benign,0
h057,2024-03-02 01:00:00,44,41,28,102793,0.6086081806093804,0,other,0,benign,0
h058,2024-03-02 01:00:00,7,3,3,48145,0.6361892744540991,0,http,0,benign,0
h059,2024-03-02 01:00:00,25,5,8,58234,0.5439335117660725,1,http,0,benign,0
h000,2024-03-02 02:00:00,19,5,7,110313,0.7233038257834474,0,http,0,benign,0
h001,2024-03-02 02:00:00,5,3,4,8526,0.7167346044652769,0,http,0,benign,0
h002,2024-03-02 02:00:00,26,5,8,65995,0.5163482618252321,0,http,0,benign,0
h003,2024-03-02 02:00:00,3,3,3,59378,0.9613345343239779,0,ssh,0,benign,0
h004,2024-03-02 02:00:00,4,4,3,22967,0.44376118379742735,1,http,0,benign,0
h005,2024-03-02 02:00:00,33,5,8,63032,0.4389060607175287,0,http,0,benign,0
h006,2024-03-02 02:00:00,20,4,7,69721,0.5689050726750705,0,http,0,benign,0
h007,2024-03-02 02:00:00,5,2,2,3293589,9.9347585485532,0,http,0,benign,0
h008,2024-03-02 02:00:00,8,4,5,40313,1.0531085788097512,1,http,0,benign,0
h009,2024-03-02 02:00:00,45,5,8,159827,0.5547664669873626,0,http,0,benign,0
h010,2024-03-02 02:00:00,19,5,8,228562,0.40198765717407753,0,http,0,benign,0
h011,2024-03-02 02:00:00,25,4,8,90009,0.5118270996010796,0,http,0,benign,0
h012,2024-03-02 02:00:00,5,3,4,8925,0.7028843883614594,0,http,0,benign,0
h013,2024-03-02 02:00:00,18,5,7,69874,0.5009938454542416,0,http,1,benign,0
h014,2024-03-02 02:00:00,20,5,8,56304,0.4909428414236399,0,http,0,benign,0
h015,2024-03-02 02:00:00,12,5,7,54342,0.6769090630201733,0,http,0,benign,0
h016,2024-03-02 02:00:00,10,4,7,49378,0.6732724330009631,0,http,0,benign,0
h017,2024-03-02 02:00:00,24,5,8,114977,0.32666755687869303,0,http,0,benign,0
h018,2024-03-02 02:00:00,6,3,5,23790,0.6513610272623728,0,http,0,benign,0
h019,2024-03-02 02:00:00,4,2,4,11962,0.4039894534217146,0,http,0,benign,0
h020,2024-03-02 02:00:00,8,3,5,25569,0.7033534460179436,0,http,0,benign,0
h021,2024-03-02 02:00:00,20,5,8,50215,0.306338298420751,1,http,0,benign,0
h022,2024-03-02 02:00:00,52,1,3,8844,0.2606366113427028,38,ssh,1,bruteforce,1
h023,2024-03-02 02:00:00,7,3,4,12192,0.3867298580081308,0,http,0,benign,0
h024,2024-03-02 02:00:00,19,5,8,98084,0.467445617788135,1,http,0,benign,0
h025,2024-03-02 02:00:00,15,5,8,27494,0.7789567127472077,0,http,0,benign,0
h026,2024-03-02 02:00:00,65,61,47,3770,0.053664269988694446,0,other,1,portscan,1
h027,2024-03-02 02:00:00,17,5,8,97284,0.6636372562883011,0,http,0,benign,0
h028,2024-03-02 02:00:00,4,3,3,22877,0.28804261160658223,0,http,0,benign,0
h029,2024-03-02 02:00:00,28,5,8,94946,0.7348209208349967,1,http,0,benign,0
h030,2024-03-02 02:00:00,3,1,2,3615,0.1360787043368441,0,http,0,benign,0
h031,2024-03-02 02:00:00,16,4,7,50451,1.0775508207916076,1,http,0,benign,0
h032,2024-03-02 02:00:00,19,4,8,66192,0.7195732465060358,0,http,0,benign,0
h033,2024-03-02 02:00:00,9,5,7,68158,0.5043063778992605,0,http,0,benign,0
h034,2024-03-02 02:00:00,5,3,3,34547,0.6052896418217464,0,dns,0,benign,0
h035,2024-03-02 02:00:00,19,4,7,37367,0.5600341911363338,1,http,1,benign,0
h036,2024-03-02 02:00:00,18,4,8,107441,0.5877311663066611,0,http,0,benign,0
h037,2024-03-02 02:00:00,3,1,2,7412,0.231756766348203,0,http,0,benign,0
h038,2024-03-02 02:00:00,13,3,6,54924,0.5911441386238956,0,http,0,benign,0
h039,2024-03-02 02:00:00,11,4,8,31237,1.19157774985425,0,http,0,benign,0
h040,2024-03-02 02:00:00,54,1,3,9525,0.26306067135464156,44,ssh,1,bruteforce,1
h041,2024-03-02 02:00:00,6,2,4,14199,0.49780834710603084,0,http,0,benign,0
h042,2024-03-02 02:00:00,1,1,1,1578,1.636583311381745,0,dns,0,benign,0
h043,2024-03-02 02:00:00,81,1,3,14434,0.25806577619273796,75,ssh,1,bruteforce,1
h044,2024-03-02 02:00:00,14,4,6,60188,0.7026290188564497,0,http,0,benign,0
h045,2024-03-02 02:00:00,34,4,8,111425,0.763896448602396,0,http,0,benign,0
h046,2024-03-02 02:00:00,6,3,3,31742,0.2965248531913971,0,dns,0,benign,0
h047,2024-03-02 02:00:00,4,2,3,52433,0.5702033482478929,0,http,0,benign,0
h048,2024-03-02 02:00:00,2,2,2,11574,0.7104148492100474,0,ssh,0,benign,0
h049,2024-03-02 02:00:00,15,5,7,52772,0.6277182407086789,0,dns,0,benign,0
h050,2024-03-02 02:00:00,9,4,4,72214,0.4693560836279371,0,http,0,benign,0
h051,2024-03-02 02:00:00,2,2,2,18146,1.762733279958976,0,http,0,benign,0
h052,2024-03-02 02:00:00,7,4,6,6559,0.2988365932442044,0,http,0,benign,0
h053,2024-03-02 02:00:00,18,4,8,134671,0.6108370025763189,0,http,0,benign,0
h054,2024-03-02 02:00:00,15,5,7,30250,0.7851745130496728,0,http,0,benign,0
h055,2024-03-02 02:00:00,3,2,2,708611,18.69419154116873,0,http,0,benign,0
h056,2024-03-02 02:00:00,8,5,5,34592,0.8753351765825664,1,http,0,benign,0
h057,2024-03-02 02:00:00,76,72,45,5050,0.05949337178822254,0,other,1,portscan,1
h058,2024-03-02 02:00:00,10,3,7,42836,0.41548706289776016,0,http,0,benign,0
h059,2024-03-02 02:00:00,1,1,1,1021,0.06671043510295922,0,smtp,0,benign,0
h000,2024-03-02 03:00:00,5,3,3,34549,0.26383001195006217,0,http,0,benign,0
h001,2024-03-02 03:00:00,22,5,7,92210,0.38524718863236146,0,http,0,benign,0
h002,2024-03-02 03:00:00,4,3,3,3833,0.4553308801595615,0,http,0,benign,0
h003,2024-03-02 03:00:00,13,4,7,46010,0.4924541487999206,0,http,0,benign,0
h004,2024-03-02 03:00:00,20,5,8,118532,0.22854298300019688,0,http,0,benign,0
h005,2024-03-02 03:00:00,75,70,59,5001,0.05442769581650108,0,other,1,portscan,1
h006,2024-03-02 03:00:00,13,4,7,55785,0.6166317867477059,1,http,0,benign,0
h007,2024-03-02 03:00:00,28,5,7,400594,0.6507065424225832,0,http,0,benign,0
h008,2024-03-02 03:00:00,11,3,6,38502,0.5246469087136154,0,http,0,benign,0
h009,2024-03-02 03:00:00,57,54,31,154562,0.47258605458895103,0,other,0,benign,0
h010,2024-03-02 03:00:00,13,3,5,35845,0.9670636188335459,0,http,0,benign,0
h011,2024-03-02 03:00:00,23,5,8,109625,0.43076394843861615,0,http,0,benign,0
h012,2024-03-02 03:00:00,63,59,35,165224,0.4695123482967925,0,other,0,benign,0
h013,2024-03-02 03:00:00,5,2,4,18634,0.15537532763952405,0,http,0,benign,0
h014,2024-03-02 03:00:00,28,5,8,137643,0.4595443587812649,0,http,0,benign,0
h015,2024-03-02 03:00:00,5,2,5,30090,0.3047723562192596,0,http,0,benign,0
h016,2024-03-02 03:00:00,163,148,104,10169,0.061484675491257856,0,other,1,portscan,1
h017,2024-03-02 03:00:00,6,3,4,12604,0.9290910514745226,0,http,0,benign,0
h018,2024-03-02 03:00:00,58,55,38,3614,0.055266163404531596,0,other,1,portscan,1
h019,2024-03-02 03:00:00,47,46,28,114966,0.5699490022145067,0,other,0,benign,0
h020,2024-03-02 03:00:00,1,1,1,437,1.2119650546479248,0,http,0,benign,0
h021,2024-03-02 03:00:00,29,5,8,143435,0.3633339996177723,0,http,0,benign,0
h022,2024-03-02 03:00:00,2,1,2,40352,0.3779185109065565,0,http,0,benign,0
h023,2024-03-02 03:00:00,7,5,5,15063,0.38512773606641365,0,http,1,benign,0
h024,2024-03-02 03:00:00,32,5,8,95269,0.3933017278360008,0,http,0,benign,0
h025,2024-03-02 03:00:00,22,4,6,64279,0.39490042169417555,1,http,0,benign,0
h026,2024-03-02 03:00:00,31,5,8,90639,0.5720944183637475,0,http,0,benign,0
h027,2024-03-02 03:00:00,35,5,8,87669,0.49316451471444245,0,http,0,benign,0
h028,2024-03-02 03:00:00,4,2,3,61532,0.40598691300286055,0,http,0,benign,0
h029,2024-03-02 03:00:00,7,3,4,36045,0.663503378822797,0,http,0,benign,0
h030,2024-03-02 03:00:00,137,131,100,8693,0.05338580963972445,0,other,1,portscan,1
h031,2024-03-02 03:00:00,12,3,7,25936,0.39952364389524186,0,http,0,benign,0
h032,2024-03-02 03:00:00,30,5,8,74850,0.8364505387351923,0,http,0,benign,0
h033,2024-03-02 03:00:00,12,5,6,140358,0.37232795964412063,0,http,0,benign,0
h034,2024-03-02 03:00:00,7,3,6,20258,0.7061589421096696,0,http,0,benign,0
h035,2024-03-02 03:00:00,17,4,6,78925,0.42578692617598923,0,http,0,benign,0
h036,2024-03-02 03:00:00,13,4,7,26181,0.5756178466001434,0,http,0,benign,0
h037,2024-03-02 03:00:00,7,4,6,64040,0.7235090707267452,0,http,0,benign,0
h038,2024-03-02 03:00:00,13,4,7,41522,0.5065768938220898,0,http,0,benign,0
h039,2024-03-02 03:00:00,5,2,3,11409,0.47138191171780497,0,http,0,benign,0
h040,2024-03-02 03:00:00,8,4,6,101107,0.4949655416829266,0,http,0,benign,0
h041,2024-03-02 03:00:00,6,2,2,3019654,14.944950200924817,0,http,0,benign,0
h042,2024-03-02 03:00:00,16,4,7,55688,0.6551501400633304,0,http,0,benign,0
h043,2024-03-02 03:00:00,12,3,6,44610,0.55234637891736,0,http,0,benign,0
h044,2024-03-02 03:00:00,23,5,7,133797,0.7392909492935573,0,http,0,benign,0
h045,2024-03-02 03:00:00,6,2,2,2977098,16.336692428899415,0,ssh,0,benign,0
h046,2024-03-02 03:00:00,5,3,3,35605,0.8999973819093781,0,http,0,benign,0
h047,2024-03-02 03:00:00,3,2,1,344109,22.610034708516526,0,ssh,0,benign,0
h048,2024-03-02 03:00:00,4,2,4,17868,0.9405805237770325,0,http,0,benign,0
h049,2024-03-02 03:00:00,9,2,5,29925,0.38835027915329623,0,http,0,benign,0
h050,2024-03-02 03:00:00,14,5,7,55767,0.412083091489177,0,http,0,benign,0
h051,2024-03-02 03:00:00,27,5,8,122729,0.6633255075387706,0,http,0,benign,0
h052,2024-03-02 03:00:00,8,2,5,22958,0.4921575054696287,0,http,0,benign,0
h053,2024-03-02 03:00:00,22,5,8,77703,0.7909884634884857,0,http,0,benign,0
h054,2024-03-02 03:00:00,10,4,5,39177,0.30649852765549895,0,http,0,benign,0
h055,2024-03-02 03:00:00,26,5,8,74450,0.5959112890822338,0,http,0,benign,0
h056,2024-03-02 03:00:00,52,46,26,162600,0.6398700001344798,0,other,0,benign,0
h057,2024-03-02 03:00:00,14,3,6,36798,0.43231030613264165,0,http,1,benign,0
h058,2024-03-02 03:00:00,7,4,4,11556,0.4766822120328077,1,http,0,benign,0
h059,2024-03-02 03:00:00,5,2,4,41103,0.30421624110376255,0,http,0,benign,0
h000,2024-03-02 04:00:00,8,4,4,56303,0.3441544291859675,1,http,0,benign,0
h001,2024-03-02 04:00:00,9,4,5,24850,0.29976904186334546,0,http,0,benign,0
h002,2024-03-02 04:00:00,20,4,7,106486,0.4273604379084248,0,http,0,benign,0
h003,2024-03-02 04:00:00,10,3,6,27204,0.4534973298141324,0,http,0,benign,0
h004,2024-03-02 04:00:00,14,4,6,45190,0.5526619349190471,0,http,0,benign,0
h005,2024-03-02 04:00:00,5,3,5,4774,0.3912260327031293,0,http,0,benign,0
h006,2024-03-02 04:00:00,14,4,8,48719,0.4847541209660914,0,http,0,benign,0
h007,2024-03-02 04:00:00,20,4,8,124345,0.5254481459598244,0,http,0,benign,0
h008,2024-03-02 04:00:00,123,115,77,8827,0.060094239750079645,0,other,1,portscan,1
h009,2024-03-02 04:00:00,18,5,7,51146,0.6004554108714611,0,http,0,benign,0
h010,2024-03-02 04:00:00,3,2,2,5043,0.5020730685901352,1,http,0,benign,0
h011,2024-03-02 04:00:00,50,1,3,8720,0.2534049335602784,36,ssh,1,bruteforce,1
h012,2024-03-02 04:00:00,11,5,7,31048,1.310289792289533,1,http,0,benign,0
h013,2024-03-02 04:00:00,2,2,2,60988,0.7013916586588436,0,http,0,benign,0
h014,2024-03-02 04:00:00,12,4,8,37357,0.8694528331176831,0,http,0,benign,0
h015,2024-03-02 04:00:00,72,66,47,5141,0.05951514383301875,0,other,1,portscan,1
h016,2024-03-02 04:00:00,13,4,8,35842,1.1570111701848338,0,http,0,benign,0
h017,2024-03-02 04:00:00,10,5,6,44129,0.29773399900552977,0,http,0,benign,0
h018,2024-03-02 04:00:00,14,5,8,38784,0.3291932150048336,0,http,0,benign,0
h019,2024-03-02 04:00:00,25,4,8,47958,0.9408189369208136,0,http,0,benign,0
h020,2024-03-02 04:00:00,83,74,59,5306,0.056116115029572144,0,other,1,portscan,1
h021,2024-03-02 04:00:00,2,2,2,4982,0.4329585767701017,0,ssh,0,benign,0
h022,2024-03-02 04:00:00,21,4,8,86094,0.5481196678912317,0,http,0,benign,0
h023,2024-03-02 04:00:00,5,3,4,8537,0.3229308318137024,0,http,0,benign,0
h024,2024-03-02 04:00:00,26,5,7,111557,0.44650109277366923,0,http,0,benign,0
h025,2024-03-02 04:00:00,6,4,4,37917,0.6157193521974218,0,http,0,benign,0
h026,2024-03-02 04:00:00,4,2,1,3675842,12.192502935524729,0,ssh,1,exfil,1
h027,2024-03-02 04:00:00,3,3,3,20088,0.3329763774032923,0,dns,0,benign,0
h028,2024-03-02 04:00:00,13,3,6,102512,0.9735750492967535,0,http,0,benign,0
h029,2024-03-02 04:00:00,17,4,7,76058,0.8247133881695777,0,http,0,benign,0
h030,2024-03-02 04:00:00,131,121,90,8459,0.05706591587598534,0,other,1,portscan,1
h031,2024-03-02 04:00:00,10,3,6,56735,0.7129043185727149,0,http,0,benign,0
h032,2024-03-02 04:00:00,8,4,6,35219,0.7516801781375109,0,http,0,benign,0
h033,2024-03-02 04:00:00,2,1,2,7029,0.7394041355963658,0,http,1,benign,0
h034,2024-03-02 04:00:00,107,100,76,6683,0.05476938292330538,0,other,1,portscan,1
h035,2024-03-02 04:00:00,12,5,7,41430,0.32399369872034584,0,http,0,benign,0
h036,2024-03-02 04:00:00,3,1,2,1252028,34.06090446073469,0,ssh,0,benign,0
h037,2024-03-02 04:00:00,8,3,4,12758,0.3489100721613503,0,http,0,benign,0
h038,2024-03-02 04:00:00,7,4,4,46975,0.6508855465965303,0,http,0,benign,0
h039,2024-03-02 04:00:00,48,1,3,7107,0.23383231971225296,42,ssh,0,benign,0
h040,2024-03-02 04:00:00,38,4,8,169714,0.6227897958909009,0,http,0,benign,0
h041,2024-03-02 04:00:00,7,5,6,24259,0.6484233000809206,0,http,0,benign,0
h042,2024-03-02 04:00:00,4,2,2,1893043,5.2032038884175735,0,http,0,benign,0
h043,2024-03-02 04:00:00,10,4,6,61532,0.7426483586288097,0,http,0,benign,0
h044,2024-03-02 04:00:00,37,5,8,200612,0.5551972649788395,0,http,0,benign,0
h045,2024-03-02 04:00:00,3,2,3,9993,0.5082339392218963,0,http,0,benign,0
h046,2024-03-02 04:00:00,10,5,7,21426,0.4819511575787523,0,http,0,benign,0
h047,2024-03-02 04:00:00,159,147,107,10934,0.054212707562931096,0,other,1,portscan,1
h048,2024-03-02 04:00:00,24,5,8,58792,0.537524665048572,1,http,0,benign,0
h049,2024-03-02 04:00:00,19,5,8,60170,0.5070815861006893,0,http,0,benign,0
h050,2024-03-02 04:00:00,2,2,2,2387,0.2924774635863351,0,http,0,benign,0
h051,2024-03-02 04:00:00,5,4,5,10809,0.9905446532306079,0,http,0,benign,0
h052,2024-03-02 04:00:00,13,4,5,60436,0.704180685364265,0,http,0,benign,0
h053,2024-03-02 04:00:00,4,2,3,6323,1.7583304619229325,0,http,0,benign,0
h054,2024-03-02 04:00:00,12,4,6,99545,0.8464507423716111,0,http,0,benign,0
h055,2024-03-02 04:00:00,4,2,1,1140297,14.831336854721586,0,http,0,benign,0
h056,2024-03-02 04:00:00,10,4,6,33699,0.3139451157786126,0,http,0,benign,0
h057,2024-03-02 04:00:00,24,5,8,93018,0.8718014457526914,0,http,0,benign,0
h058,2024-03-02 04:00:00,50,48,28,116575,0.8506836398640746,0,other,0,benign,0
h059,2024-03-02 04:00:00,21,4,8,128489,0.36251510312370705,0,http,0,benign,0
h000,2024-03-02 05:00:00,22,5,7,147497,0.6570904839940093,0,http,0,benign,0
h001,2024-03-02 05:00:00,10,2,5,55299,0.233751887759479,0,http,0,benign,0
h002,2024-03-02 05:00:00,12,5,5,21110,0.7819699819112915,0,http,0,benign,0
h003,2024-03-02 05:00:00,6,5,5,7225,0.8635250027297822,0,http,0,benign,0
h004,2024-03-02 05:00:00,20,4,8,78621,0.47959451737929626,0,http,0,benign,0
h005,2024-03-02 05:00:00,94,86,59,5769,0.05854428383606007,0,other,1,portscan,1
h006,2024-03-02 05:00:00,11,3,6,30276,0.3601472275985022,1,http,0,benign,0
h007,2024-03-02 05:00:00,15,4,7,30286,0.6295477482461017,0,http,0,benign,0
h008,2024-03-02 05:00:00,2,1,2,1355,0.7088536033624313,0,http,0,benign,0
h009,2024-03-02 05:00:00,15,5,5,46320,0.7029000296961976,0,http,0,benign,0
h010,2024-03-02 05:00:00,2,2,1,8195,0.1520561040910144,0,smtp,0,benign,0
h011,2024-03-02 05:00:00,14,5,6,33816,0.39140642296733436,0,http,0,benign,0
h012,2024-03-02 05:00:00,9,4,5,17934,0.7909250423085719,0,http,0,benign,0
h013,2024-03-02 05:00:00,8,4,6,26723,0.5152911317681064,0,http,0,benign,0
h014,2024-03-02 05:00:00,8,4,5,20754,0.8580295370445892,0,http,0,benign,0
h015,2024-03-02 05:00:00,7,3,5,29211,0.7671711796559132,0,http,0,benign,0
h016,2024-03-02 05:00:00,2,2,2,1261,0.23444683014847983,0,dns,0,benign,0
h017,2024-03-02 05:00:00,10,3,7,14812,0.6171207924943581,0,http,0,benign,0
h018,2024-03-02 05:00:00,20,4,6,99802,0.7586235239265822,0,http,0,benign,0
h019,2024-03-02 05:00:00,15,5,8,37453,0.4811073801093805,0,http,0,benign,0
h020,2024-03-02 05:00:00,8,2,4,175749,0.4407706821803943,0,http,0,benign,0
h021,2024-03-02 05:00:00,14,3,5,51941,0.8004721968639631,0,http,0,benign,0
h022,2024-03-02 05:00:00,1,1,1,3307,1.7229977451668645,0,smtp,0,benign,0
h023,2024-03-02 05:00:00,10,3,6,15908,0.9836556893416389,0,http,0,benign,0
h024,2024-03-02 05:00:00,6,4,5,25600,0.44171487583402463,0,http,0,benign,0
h025,2024-03-02 05:00:00,9,4,7,12122,0.9938593326244367,0,http,0,benign,0
h026,2024-03-02 05:00:00,8,3,6,12939,0.5890376414268862,0,http,0,benign,0
h027,2024-03-02 05:00:00,11,5,8,53772,1.033956274576812,1,http,1,benign,0
h028,2024-03-02 05:00:00,8,4,5,15399,0.35474064949403045,0,http,0,benign,0
h029,2024-03-02 05:00:00,8,4,6,14110,0.30097139189973415,0,http,0,benign,0
h030,2024-03-02 05:00:00,14,3,6,50843,0.5494040146021227,0,http,0,benign,0
h031,2024-03-02 05:00:00,3,3,3,5342,0.6568435708140835,0,http,0,benign,0
h032,2024-03-02 05:00:00,13,5,8,31589,0.5695069479454976,0,http,0,benign,0
h033,2024-03-02 05:00:00,23,4,8,79329,0.4831410887942309,0,http,0,benign,0
h034,2024-03-02 05:00:00,12,5,7,28248,0.47488035548539703,0,http,0,benign,0
h035,2024-03-02 05:00:00,3,2,2,51999,0.20101825176945218,1,http,0,benign,0
h036,2024-03-02 05:00:00,11,4,8,60682,0.6504785295693964,0,http,0,benign,0
h037,2024-03-02 05:00:00,1,1,1,2820,0.1730844864667421,0,http,0,benign,0
h038,2024-03-02 05:00:00,16,4,7,129470,0.52083671297717,0,http,0,benign,0
h039,2024-03-02 05:00:00,9,5,5,37507,0.3012947248871882,0,http,0,benign,0
h040,2024-03-02 05:00:00,1,1,1,2008,0.19158755316139697,0,http,0,benign,0
h041,2024-03-02 05:00:00,16,5,7,42811,1.0156656106118482,0,http,0,benign,0
h042,2024-03-02 05:00:00,6,3,5,19799,1.2958986549219127,0,http,0,benign,0
h043,2024-03-02 05:00:00,7,4,4,15086,0.5036809987744817,0,http,0,benign,0
h044,2024-03-02 05:00:00,11,4,7,62469,0.36603141335951767,0,http,0,benign,0
h045,2024-03-02 05:00:00,9,5,5,27962,0.3175380964531845,0,http,0,benign,0
h046,2024-03-02 05:00:00,31,5,7,193828,0.5757018024001914,0,http,0,benign,0
h047,2024-03-02 05:00:00,11,3,6,34906,0.44917841379797346,0,http,0,benign,0
h048,2024-03-02 05:00:00,17,3,8,93848,0.638860894481693,0,http,0,benign,0
h049,2024-03-02 05:00:00,3,3,3,4862,0.3575317688164918,0,ssh,0,benign,0
h050,2024-03-02 05:00:00,16,5,7,34169,0.48406743456673623,0,http,0,benign,0
h051,2024-03-02 05:00:00,12,4,7,86917,0.3569697056885901,0,http,0,benign,0
h052,2024-03-02 05:00:00,15,4,8,87020,0.8424350342276467,0,http,0,benign,0
h053,2024-03-02 05:00:00,6,4,4,17736,0.29385667372453317,0,http,0,benign,0
h054,2024-03-02 05:00:00,12,5,6,83108,0.4374128932622221,1,http,0,benign,0
h055,2024-03-02 05:00:00,12,3,5,37029,0.5898563272570071,0,http,0,benign,0
h056,2024-03-02 05:00:00,5,3,3,32843,0.420291551153952,0,http,0,benign,0
h057,2024-03-02 05:00:00,5,2,5,27718,1.2730715390019278,0,http,0,benign,0
h058,2024-03-02 05:00:00,14,4,6,50989,0.43431455794895407,0,http,0,benign,0
h059,2024-03-02 05:00:00,18,4,7,60715,0.6865921874657724,0,http,0,benign,0
h000,2024-03-02 06:00:00,27,5,7,120523,0.6263701310157175,0,http,0,benign,0
h001,2024-03-02 06:00:00,7,4,5,32589,0.5730041356743952,0,http,0,benign,0
h002,2024-03-02 06:00:00,2,2,1,571433,22.551040496506754,0,http,1,exfil,1
h003,2024-03-02 06:00:00,15,5,6,45260,0.7098319608098923,0,http,0,benign,0
h004,2024-03-02 06:00:00,11,4,6,31649,0.36892794861298106,0,http,0,benign,0
h005,2024-03-02 06:00:00,6,3,4,8578,0.7183359454232926,0,http,0,benign,0
h006,2024-03-02 06:00:00,5,3,4,19736,0.3114167338568228,0,http,0,benign,0
h007,2024-03-02 06:00:00,6,2,6,6679,0.6212716849489458,0,http,1,benign,0
h008,2024-03-02 06:00:00,22,5,8,87354,0.5587392164523733,1,http,0,benign,0
h009,2024-03-02 06:00:00,63,55,42,3422,0.05766296092254017,0,other,1,portscan,1
h010,2024-03-02 06:00:00,12,3,6,34986,0.4299235644119393,0,http,1,benign,0
h011,2024-03-02 06:00:00,27,4,8,69861,0.8345842153531402,0,http,0,benign,0
h012,2024-03-02 06:00:00,27,5,8,74918,0.7380573818646889,0,http,0,benign,0
h013,2024-03-02 06:00:00,8,3,6,25750,0.4114451892991807,0,http,0,benign,0
h014,2024-03-02 06:00:00,17,4,8,45039,0.6310602169799233,0,http,0,benign,0
h015,2024-03-02 06:00:00,3,2,3,13084,0.5220730189468158,0,dns,0,benign,0
h016,2024-03-02 06:00:00,11,5,7,52399,0.577663133766343,0,http,0,benign,0
h017,2024-03-02 06:00:00,13,3,7,61853,0.47635829388608575,1,http,0,benign,0
h018,2024-03-02 06:00:00,13,5,6,34677,0.723174744505601,0,http,0,benign,0
h019,2024-03-02 06:00:00,14,5,8,92231,1.8014164837258526,0,http,0,benign,0
h020,2024-03-02 06:00:00,6,2,5,19338,0.4816543665172057,0,http,0,benign,0
h021,2024-03-02 06:00:00,6,3,4,12767,0.2830730664936964,0,http,0,benign,0
h022,2024-03-02 06:00:00,12,3,5,33541,0.8569411288414548,1,http,0,benign,0
h023,2024-03-02 06:00:00,3,3,2,17687,0.4214727779369685,0,ssh,0,benign,0
h024,2024-03-02 06:00:00,18,4,8,78473,0.5821566180726393,1,http,0,benign,0
h025,2024-03-02 06:00:00,50,49,31,113986,0.8696150505621154,0,other,0,benign,0
h026,2024-03-02 06:00:00,4,1,1,2077668,38.01064149457967,0,ssh,1,exfil,1
h027,2024-03-02 06:00:00,7,4,4,16549,0.49987318254002516,0,http,0,benign,0
h028,2024-03-02 06:00:00,6,4,5,39343,0.6368996603784575,0,http,0,benign,0
h029,2024-03-02 06:00:00,12,4,6,57781,0.8298574336392183,0,http,0,benign,0
h030,2024-03-02 06:00:00,11,4,8,14363,0.39894334558689587,0,http,0,benign,0
h031,2024-03-02 06:00:00,32,4,8,123291,0.5364935894594063,0,http,0,benign,0
h032,2024-03-02 06:00:00,6,3,4,17335,0.7217584382085417,1,http,0,benign,0
h033,2024-03-02 06:00:00,15,3,6,98121,0.5424106617722447,0,http,0,benign,0
h034,2024-03-02 06:00:00,7,3,4,18677,0.49002653353444797,0,http,0,benign,0
h035,2024-03-02 06:00:00,29,5,8,124835,0.4293998406460111,0,http,0,benign,0
h036,2024-03-02 06:00:00,9,5,5,12717,0.7614115546800371,0,http,0,benign,0
h037,2024-03-02 06:00:00,48,43,29,134483,0.39024012255610985,0,other,0,benign,0
h038,2024-03-02 06:00:00,8,4,5,80665,0.5453841631406015,0,http,0,benign,0
h039,2024-03-02 06:00:00,20,4,7,96697,0.6866607411533363,0,http,0,benign,0
h040,2024-03-02 06:00:00,17,2,6,66087,0.746247750879028,0,http,0,benign,0
h041,2024-03-02 06:00:00,8,4,5,16425,0.6632343165452168,0,http,1,benign,0
h042,2024-03-02 06:00:00,8,3,5,18932,0.5884259646371566,0,http,0,benign,0
h043,2024-03-02 06:00:00,30,5,8,193149,0.5604746591953328,0,http,0,benign,0
h044,2024-03-02 06:00:00,17,5,8,44125,0.7099596747135271,0,http,0,benign,0
h045,2024-03-02 06:00:00,28,5,8,81974,0.8180119291172876,0,http,0,benign,0
h046,2024-03-02 06:00:00,18,5,7,47894,0.6259194770032467,0,http,0,benign,0
h047,2024-03-02 06:00:00,12,4,7,54138,0.7568130216576483,0,http,0,benign,0
h048,2024-03-02 06:00:00,19,5,7,48295,0.49156174200837033,0,http,0,benign,0
h049,2024-03-02 06:00:00,17,5,6,94579,0.7441328727533346,0,http,0,benign,0
h050,2024-03-02 06:00:00,10,4,8,36423,1.293117672677408,0,http,0,benign,0
h051,2024-03-02 06:00:00,11,4,6,183524,0.3368858733676748,0,http,0,benign,0
h052,2024-03-02 06:00:00,13,4,8,59373,0.7329438817897048,0,http,0,benign,0
h053,2024-03-02 06:00:00,11,3,5,60828,0.7969858948988192,0,http,0,benign,0
h054,2024-03-02 06:00:00,5,3,3,4458,0.49328330808179766,0,http,0,benign,0
h055,2024-03-02 06:00:00,9,4,5,113957,0.7082795884459765,0,http,0,benign,0
h056,2024-03-02 06:00:00,6,2,2,1563701,9.593034511669595,0,http,0,benign,0
h057,2024-03-02 06:00:00,7,4,5,25723,0.7572284509366076,0,http,0,benign,0
h058,2024-03-02 06:00:00,51,48,26,150778,0.7138503180401186,0,other,0,benign,0
h059,2024-03-02 06:00:00,24,5,8,82500,0.5189468683837242,0,http,0,benign,0
h000,2024-03-02 07:00:00,26,4,8,91166,0.8059298259150847,0,http,0,benign,0
h001,2024-03-02 07:00:00,21,5,7,95037,1.6833305117888373,0,http,0,benign,0
h002,2024-03-02 07:00:00,6,4,4,28030,0.60778586950103,0,http,0,benign,0
h003,2024-03-02 07:00:00,24,4,8,111186,0.6272656742045101,0,http,0,benign,0
h004,2024-03-02 07:00:00,19,4,8,42885,0.8689961814125531,0,http,0,benign,0
h005,2024-03-02 07:00:00,17,4,7,37041,0.6187687739670152,0,http,0,benign,0
h006,2024-03-02 07:00:00,31,4,7,90431,0.4847224026652462,0,http,0,benign,0
h007,2024-03-02 07:00:00,7,4,5,15943,1.7453824228226327,0,http,0,benign,0
h008,2024-03-02 07:00:00,2,2,2,560712,12.077546069481645,0,ssh,0,benign,0
h009,2024-03-02 07:00:00,67,65,48,4336,0.049296045389079876,0,other,1,portscan,1
h010,2024-03-02 07:00:00,5,4,4,28295,0.4829042388995351,0,dns,0,benign,0
h011,2024-03-02 07:00:00,6,2,2,3404615,9.146211039340129,0,http,0,benign,0
h012,2024-03-02 07:00:00,2,2,2,1848,0.5782820372697732,0,http,0,benign,0
h013,2024-03-02 07:00:00,16,5,8,54900,0.5612412364810808,0,http,0,benign,0
h014,2024-03-02 07:00:00,21,3,8,63361,0.5381595118016248,1,http,0,benign,0
h015,2024-03-02 07:00:00,17,3,7,66765,0.5634677671955575,0,http,0,benign,0
h016,2024-03-02 07:00:00,44,42,26,165193,0.6150513911691561,0,other,0,benign,0
h017,2024-03-02 07:00:00,32,5,8,142605,0.6475797954514395,0,http,1,benign,0
h018,2024-03-02 07:00:00,6,4,5,23206,0.40351935286412116,0,http,0,benign,0
h019,2024-03-02 07:00:00,9,4,6,21527,0.5371224262989043,0,http,0,benign,0
h020,2024-03-02 07:00:00,13,4,6,58239,0.7461223507163736,0,http,1,benign,0
h021,2024-03-02 07:00:00,27,4,8,80880,0.6218018282497245,1,http,0,benign,0
h022,2024-03-02 07:00:00,11,4,5,35368,1.3971769283696236,0,http,0,benign,0
h023,2024-03-02 07:00:00,32,1,3,4946,0.25472319425953793,24,ssh,1,bruteforce,1
h024,2024-03-02 07:00:00,21,5,7,238021,0.5214188033235623,0,http,0,benign,0
h025,2024-03-02 07:00:00,15,5,8,146466,0.6922674256961651,0,http,0,benign,0
h026,2024-03-02 07:00:00,3,1,3,8137,0.6267856686961847,0,http,0,benign,0
h027,2024-03-02 07:00:00,19,5,7,81634,0.3724793826088894,0,http,0,benign,0
h028,2024-03-02 07:00:00,25,5,8,43057,0.5918302984100383,1,http,0,benign,0
h029,2024-03-02 07:00:00,3,2,2,6516,0.6250327291636402,0,http,0,benign,0
h030,2024-03-02 07:00:00,13,4,5,62878,0.6251652620246316,0,http,0,benign,0
h031,2024-03-02 07:00:00,17,4,7,41286,0.5883319145346604,0,http,0,benign,0
h032,2024-03-02 07:00:00,14,4,5,40714,0.5871636012666466,0,http,0,benign,0
h033,2024-03-02 07:00:00,13,4,6,49316,0.5906576531572528,0,http,0,benign,0
h034,2024-03-02 07:00:00,15,3,7,40929,0.3872975263060415,0,http,0,benign,0
h035,2024-03-02 07:00:00,16,4,6,29427,0.6203660529054872,0,http,0,benign,0
h036,2024-03-02 07:00:00,11,4,7,39552,0.45806015168669256,0,http,0,benign,0
h037,2024-03-02 07:00:00,15,4,7,104139,0.5135181903664655,0,http,0,benign,0
h038,2024-03-02 07:00:00,18,4,8,105289,0.41402962721307013,1,http,1,benign,0
h039,2024-03-02 07:00:00,4,3,2,9593,0.7558806391417324,0,http,0,benign,0
h040,2024-03-02 07:00:00,121,114,88,7357,0.054585776761140944,0,other,1,portscan,1
h041,2024-03-02 07:00:00,15,4,6,121959,0.36450025672832853,1,http,0,benign,0
h042,2024-03-02 07:00:00,14,5,6,47104,0.33531274931924265,1,http,0,benign,0
h043,2024-03-02 07:00:00,5,2,1,1989179,15.487539689027889,0,http,0,benign,0
h044,2024-03-02 07:00:00,6,3,5,112092,0.289828439901519,0,http,0,benign,0
h045,2024-03-02 07:00:00,11,3,5,20860,0.491721923089921,1,http,0,benign,0
h046,2024-03-02 07:00:00,42,39,25,149050,0.598770508107823,0,other,0,benign,0
h047,2024-03-02 07:00:00,30,5,8,127887,0.4817739721016995,1,http,0,benign,0
h048,2024-03-02 07:00:00,29,5,8,67742,0.6436998065569269,0,http,0,benign,0
h049,2024-03-02 07:00:00,8,3,5,37726,0.1936122065467251,0,http,0,benign,0
h050,2024-03-02 07:00:00,4,2,3,2580,0.5916447811679888,1,http,0,benign,0
h051,2024-03-02 07:00:00,4,2,4,43696,0.6487082180563264,0,http,0,benign,0
h052,2024-03-02 07:00:00,3,2,2,1310643,9.86340233422453,0,ssh,0,benign,0
h053,2024-03-02 07:00:00,58,1,3,9735,0.2949069329780361,45,ssh,0,benign,0
h054,2024-03-02 07:00:00,5,4,5,22914,0.2710106547778356,0,ssh,0,benign,0
h055,2024-03-02 07:00:00,10,3,7,60105,0.5371395738321041,0,http,0,benign,0
h056,2024-03-02 07:00:00,9,4,4,21919,0.5507348491266294,0,http,0,benign,0
h057,2024-03-02 07:00:00,8,4,6,21231,0.4603665230127331,0,http,0,benign,0
h058,2024-03-02 07:00:00,25,5,7,49431,0.5961907732017947,0,http,0,benign,0
h059,2024-03-02 07:00:00,3,2,2,9979,0.21362052562940026,1,dns,0,benign,0
h000,2024-03-02 08:00:00,18,4,6,98360,0.3679501928386092,0,http,0,benign,0
h001,2024-03-02 08:00:00,19,5,8,88444,0.7019157619260274,0,http,0,benign,0
h002,2024-03-02 08:00:00,5,3,4,13768,0.34044420716387036,0,http,0,benign,0
h003,2024-03-02 08:00:00,3,2,3,7462,0.1495179694888218,0,http,0,benign,0
h004,2024-03-02 08:00:00,30,5,8,84477,0.6967070531378484,0,http,0,benign,0
h005,2024-03-02 08:00:00,1,1,1,3217,0.3206364269073268,0,http,0,benign,0
h006,2024-03-02 08:00:00,6,4,4,19602,0.6157041491179205,0,http,0,benign,0
h007,2024-03-02 08:00:00,8,2,2,3854700,21.95139884051924,0,http,0,benign,0
h008,2024-03-02 08:00:00,3,3,3,7938,0.23762259960056908,0,http,0,benign,0
h009,2024-03-02 08:00:00,1,1,1,580,0.11561552358928219,0,http,0,benign,0
h010,2024-03-02 08:00:00,7,4,5,6050,0.5174132868787659,1,http,0,benign,0
h011,2024-03-02 08:00:00,12,4,6,64291,0.9049889612367901,0,http,0,benign,0
h012,2024-03-02 08:00:00,21,5,7,65352,0.4843632936525183,0,http,0,benign,0
h013,2024-03-02 08:00:00,15,5,7,96892,0.5773512570768256,0,http,0,benign,0
h014,2024-03-02 08:00:00,11,5,7,57565,0.3420388183074501,1,http,0,benign,0
h015,2024-03-02 08:00:00,12,3,6,71528,0.5086929899824376,0,http,0,benign,0
h016,2024-03-02 08:00:00,12,4,5,54848,0.6914750220899589,0,http,0,benign,0
h017,2024-03-02 08:00:00,19,3,7,55972,0.9169179758054521,0,http,0,benign,0
h018,2024-03-02 08:00:00,53,47,27,178165,0.7840018852296535,0,other,0,benign,0
h019,2024-03-02 08:00:00,13,5,7,33990,0.4796358320078252,0,http,0,benign,0
h020,2024-03-02 08:00:00,13,5,7,60421,0.760824442488246,1,dns,0,benign,0
h021,2024-03-02 08:00:00,10,3,5,67825,0.6676922548922596,0,http,0,benign,0
h022,2024-03-02 08:00:00,46,42,21,158677,0.7585297927648312,0,other,0,benign,0
h023,2024-03-02 08:00:00,3,3,3,3128,0.46243824838082154,0,http,0,benign,0
h024,2024-03-02 08:00:00,3,2,2,1742691,9.703648682198285,0,ssh,0,benign,0
h025,2024-03-02 08:00:00,3,2,2,965828,4.383646066133222,0,http,0,benign,0
h026,2024-03-02 08:00:00,17,5,7,126457,0.3909406342280337,0,http,0,benign,0
h027,2024-03-02 08:00:00,17,5,8,62553,0.43419166899564327,0,http,0,benign,0
h028,2024-03-02 08:00:00,17,5,8,77170,0.756804829589854,0,http,0,benign,0
h029,2024-03-02 08:00:00,15,5,6,55039,0.5107511601379028,0,http,0,benign,0
h030,2024-03-02 08:00:00,3,3,3,9507,0.6461560261106934,0,http,0,benign,0
h031,2024-03-02 08:00:00,3,3,2,2404,0.7140379425949769,0,http,0,benign,0
h032,2024-03-02 08:00:00,11,4,6,10923,0.9469913836090845,0,http,0,benign,0
h033,2024-03-02 08:00:00,7,3,5,24799,0.8832454981678189,0,http,0,benign,0
h034,2024-03-02 08:00:00,11,5,6,23280,0.8628095420083555,0,http,0,benign,0
h035,2024-03-02 08:00:00,13,4,8,70993,0.5151120108335969,0,http,0,benign,0
h036,2024-03-02 08:00:00,114,106,75,6935,0.053913215779775675,0,other,1,portscan,1
h037,2024-03-02 08:00:00,3,2,3,4739,3.438949008230877,0,http,0,benign,0
h038,2024-03-02 08:00:00,13,4,7,29536,0.8930398825061696,0,http,0,benign,0
h039,2024-03-02 08:00:00,20,5,7,154160,0.5031718788647453,0,http,0,benign,0
h040,2024-03-02 08:00:00,6,4,5,29126,1.3144929269807673,0,dns,0,benign,0
h041,2024-03-02 08:00:00,22,4,8,69387,0.49761346935376677,0,http,0,benign,0
h042,2024-03-02 08:00:00,37,1,3,5575,0.23929163162813946,26,ssh,1,bruteforce,1
h043,2024-03-02 08:00:00,7,3,5,18906,0.399774473904012,0,http,0,benign,0
h044,2024-03-02 08:00:00,2,2,2,15406,0.2349392537861053,0,http,0,benign,0
h045,2024-03-02 08:00:00,20,5,7,38446,0.5119470921972382,1,http,1,benign,0
h046,2024-03-02 08:00:00,11,3,7,36781,0.7201822218010725,0,http,0,benign,0
h047,2024-03-02 08:00:00,9,4,7,22865,0.6760574077175495,0,http,0,benign,0
h048,2024-03-02 08:00:00,7,3,5,29339,0.7072830049885873,0,http,0,benign,0
h049,2024-03-02 08:00:00,18,5,8,68284,0.9044377327794891,0,http,0,benign,0
h050,2024-03-02 08:00:00,5,2,5,11309,1.7376749206676325,0,http,0,benign,0
h051,2024-03-02 08:00:00,8,3,6,23069,0.5915773847851252,0,http,0,benign,0
h052,2024-03-02 08:00:00,2,2,2,2789,0.840057361788789,0,smtp,1,benign,0
h053,2024-03-02 08:00:00,9,3,6,53766,0.4663019149117994,0,http,0,benign,0
h054,2024-03-02 08:00:00,12,5,5,66392,0.49671514977900805,0,http,0,benign,0
h055,2024-03-02 08:00:00,35,5,8,145939,0.665097488037644,1,http,0,benign,0
h056,2024-03-02 08:00:00,7,5,7,21573,0.2790895973549355,0,http,0,benign,0
h057,2024-03-02 08:00:00,15,4,8,50679,0.7722412638572228,0,http,0,benign,0
h058,2024-03-02 08:00:00,9,4,5,43884,0.816201547912008,1,http,0,benign,0
h059,2024-03-02 08:00:00,12,5,6,35188,0.5225147282065407,1,http,0,benign,0
h000,2024-03-02 09:00:00,29,5,8,105126,0.682033987386846,1,http,0,benign,0
h001,2024-03-02 09:00:00,48,45,31,153819,0.46950477776732297,0,other,0,benign,0
h002,2024-03-02 09:00:00,23,5,7,94965,0.3973144882454703,1,http,0,benign,0
h003,2024-03-02 09:00:00,4,2,4,100964,0.46922366358501433,0,dns,0,benign,0
h004,2024-03-02 09:00:00,3,2,3,30139,0.4661937493206972,0,ssh,0,benign,0
h005,2024-03-02 09:00:00,1,1,1,695,0.14013307373499811,0,http,0,benign,0
h006,2024-03-02 09:00:00,4,2,2,3981,0.47102093930519506,1,http,0,benign,0
h007,2024-03-02 09:00:00,11,4,6,71155,0.5665432386927148,0,http,0,benign,0
h008,2024-03-02 09:00:00,18,5,7,47566,0.6766808122818053,0,http,0,benign,0
h009,2024-03-02 09:00:00,10,4,5,32175,0.38477855624485857,0,http,1,benign,0
h010,2024-03-02 09:00:00,22,5,7,49782,0.8314943207908254,1,http,0,benign,0
h011,2024-03-02 09:00:00,6,3,6,7613,0.4832503863895954,0,http,0,benign,0
h012,2024-03-02 09:00:00,6,3,5,15437,0.559896338544621,0,http,0,benign,0
h013,2024-03-02 09:00:00,10,3,3,29680,0.4309691160056646,0,http,0,benign,0
h014,2024-03-02 09:00:00,32,5,8,86015,0.6510837303482754,2,http,0,benign,0
h015,2024-03-02 09:00:00,3,2,1,3568487,20.387421620454948,0,http,1,exfil,1
h016,2024-03-02 09:00:00,13,4,6,43288,0.31835271278696087,0,http,0,benign,0
h017,2024-03-02 09:00:00,11,4,6,52353,0.3770132658561598,0,http,0,benign,0
h018,2024-03-02 09:00:00,55,50,31,187919,0.5983630953613295,0,other,0,benign,0
h019,2024-03-02 09:00:00,11,3,7,17713,0.47973819931840206,1,http,0,benign,0
h020,2024-03-02 09:00:00,44,5,8,192836,0.482218877698066,0,http,0,benign,0
h021,2024-03-02 09:00:00,23,5,8,57608,0.5725377853135386,0,http,0,benign,0
h022,2024-03-02 09:00:00,10,4,7,54231,0.5175408225367037,0,http,0,benign,0
h023,2024-03-02 09:00:00,14,4,8,33036,0.6694062976057189,0,http,0,benign,0
h024,2024-03-02 09:00:00,28,5,8,90430,0.47490183962180893,1,http,0,benign,0
h025,2024-03-02 09:00:00,3,2,3,38352,0.5706300110830034,1,http,0,benign,0
h026,2024-03-02 09:00:00,8,4,5,40488,0.5363667809807312,0,http,0,benign,0
h027,2024-03-02 09:00:00,15,4,6,43067,0.8647111161885497,0,http,0,benign,0
h028,2024-03-02 09:00:00,18,4,6,47691,0.9054798954997817,0,http,1,benign,0
h029,2024-03-02 09:00:00,4,2,2,20675,1.2866615657540346,0,http,0,benign,0
h030,2024-03-02 09:00:00,20,5,8,39220,0.812386115326891,0,http,0,benign,0
h031,2024-03-02 09:00:00,13,5,7,41612,0.421284253407542,0,http,0,benign,0
h032,2024-03-02 09:00:00,2,2,2,7358,0.19069901682990892,0,smtp,0,benign,0
h033,2024-03-02 09:00:00,175,160,122,10935,0.05604557455709385,0,other,1,portscan,1
h034,2024-03-02 09:00:00,5,4,3,10857,0.5868379312055094,0,http,0,benign,0
h035,2024-03-02 09:00:00,4,3,3,8883,0.36609411916833073,0,http,0,benign,0
h036,2024-03-02 09:00:00,20,4,8,65824,0.5068086473318801,0,http,0,benign,0
h037,2024-03-02 09:00:00,4,3,4,9276,0.9598274832562004,0,http,0,benign,0
h038,2024-03-02 09:00:00,2,1,1,494502,18.891342771842453,0,ssh,0,benign,0
h039,2024-03-02 09:00:00,33,4,8,125207,0.805187107499383,2,http,0,benign,0
h040,2024-03-02 09:00:00,19,5,7,50714,0.5642671112181307,0,http,0,benign,0
h041,2024-03-02 09:00:00,4,3,4,38085,0.9521503793956592,0,dns,0,benign,0
h042,2024-03-02 09:00:00,60,58,31,218589,0.5255216757419986,0,other,0,benign,0
h043,2024-03-02 09:00:00,4,3,3,4266,0.4884686025114683,0,http,1,benign,0
h044,2024-03-02 09:00:00,44,43,28,115606,0.6237729269862224,0,other,0,benign,0
h045,2024-03-02 09:00:00,5,4,3,15129,1.931310426388086,0,http,0,benign,0
h046,2024-03-02 09:00:00,2,1,2,8563,0.2810662400205975,0,http,0,benign,0
h047,2024-03-02 09:00:00,5,2,4,21759,0.32802807663928196,1,http,0,benign,0
h048,2024-03-02 09:00:00,5,2,4,9407,0.3384844118299356,0,http,0,benign,0
h049,2024-03-02 09:00:00,41,5,8,214415,0.6315666227005895,1,http,0,benign,0
h050,2024-03-02 09:00:00,14,4,5,68084,0.47116914740713617,1,http,0,benign,0
h051,2024-03-02 09:00:00,4,2,3,16525,0.48344234419637677,0,http,0,benign,0
h052,2024-03-02 09:00:00,2,1,2,2209,0.23212153390357318,0,http,0,benign,0
h053,2024-03-02 09:00:00,13,4,5,52400,0.41512020490730184,0,http,0,benign,0
h054,2024-03-02 09:00:00,12,4,7,43933,0.5474094582043986,0,http,0,benign,0
h055,2024-03-02 09:00:00,10,3,6,56278,0.38909690218484716,0,http,0,benign,0
h056,2024-03-02 09:00:00,85,78,60,5840,0.06734533985512813,0,other,0,benign,0
h057,2024-03-02 09:00:00,7,4,5,10481,0.6969221763081279,1,http,0,benign,0
h058,2024-03-02 09:00:00,10,3,7,43286,0.4746373239782951,0,http,0,benign,0
h059,2024-03-02 09:00:00,9,3,7,59397,0.2773502811250358,1,http,0,benign,0
h000,2024-03-02 10:00:00,22,5,8,48013,0.4999643050725886,0,http,0,benign,0
h001,2024-03-02 10:00:00,125,113,86,7975,0.05018680138454295,0,other,1,portscan,1
h002,2024-03-02 10:00:00,8,4,4,10539,0.6526276597001288,0,http,0,benign,0
h003,2024-03-02 10:00:00,13,5,7,38580,0.30101174819056015,0,http,0,benign,0
h004,2024-03-02 10:00:00,2,2,2,2621,0.7633719785854393,0,http,0,benign,0
h005,2024-03-02 10:00:00,31,4,8,145449,0.5677179546827069,0,http,0,benign,0
h006,2024-03-02 10:00:00,10,3,6,72744,0.7025283153568207,0,http,0,benign,0
h007,2024-03-02 10:00:00,6,3,5,17831,0.18550568497421285,0,http,0,benign,0
h008,2024-03-02 10:00:00,3,3,3,22556,0.3216046965631453,0,http,0,benign,0
h009,2024-03-02 10:00:00,5,2,1,7147058,22.66992193173502,0,ssh,1,exfil,1
h010,2024-03-02 10:00:00,14,4,6,30129,0.3736725680543721,1,http,0,benign,0
h011,2024-03-02 10:00:00,35,1,3,5774,0.2556107988505069,28,ssh,0,benign,0
h012,2024-03-02 10:00:00,52,1,3,8365,0.2822222298588926,44,ssh,1,bruteforce,1
h013,2024-03-02 10:00:00,14,3,6,45138,0.589700352684171,0,http,0,benign,0
h014,2024-03-02 10:00:00,50,48,29,145698,0.7511115395249444,0,other,0,benign,0
h015,2024-03-02 10:00:00,15,5,7,100289,0.8001263105419028,0,http,1,benign,0
h016,2024-03-02 10:00:00,20,5,8,109036,0.7610911047864998,0,http,0,benign,0
h017,2024-03-02 10:00:00,15,5,6,44947,0.4800448925831546,1,http,0,benign,0
h018,2024-03-02 10:00:00,9,3,4,20538,0.8065606800898066,0,http,0,benign,0
h019,2024-03-02 10:00:00,2,2,2,2481,0.3312799245637895,0,http,0,benign,0
h020,2024-03-02 10:00:00,52,46,31,150207,0.5205712389029118,0,other,0,benign,0
h021,2024-03-02 10:00:00,9,3,7,42084,0.7092049739238602,0,http,0,benign,0
h022,2024-03-02 10:00:00,1,1,1,698,0.8951839559001604,0,http,0,benign,0
h023,2024-03-02 10:00:00,123,115,89,8242,0.061176392740637,0,other,1,portscan,1
h024,2024-03-02 10:00:00,12,5,7,34249,0.8293241732310078,0,http,0,benign,0
h025,2024-03-02 10:00:00,4,3,3,38971,0.7436899532201292,0,dns,0,benign,0
h026,2024-03-02 10:00:00,18,5,8,69270,0.5702332537408663,0,http,0,benign,0
h027,2024-03-02 10:00:00,17,4,7,87418,0.6734358673819743,0,http,0,benign,0
h028,2024-03-02 10:00:00,12,5,6,71178,0.6289388010241598,0,http,0,benign,0
h029,2024-03-02 10:00:00,7,3,4,9605,0.368556302549154,0,http,0,benign,0
h030,2024-03-02 10:00:00,19,5,8,84341,0.5025283903091567,0,http,0,benign,0
h031,2024-03-02 10:00:00,3,2,2,3474,0.5601816927044377,0,http,0,benign,0
h032,2024-03-02 10:00:00,52,51,31,125126,0.7321607818248121,0,other,0,benign,0
h033,2024-03-02 10:00:00,12,4,7,28838,0.6065309139732556,0,http,0,benign,0
h034,2024-03-02 10:00:00,10,4,4,72683,0.6896605280693805,0,http,0,benign,0
h035,2024-03-02 10:00:00,52,49,26,133141,0.6293874910066767,0,other,1,benign,0
h036,2024-03-02 10:00:00,10,3,5,28760,0.3307615474433331,0,http,0,benign,0
h037,2024-03-02 10:00:00,6,4,4,18052,0.519352631004064,0,http,0,benign,0
h038,2024-03-02 10:00:00,37,5,8,154669,0.900142615545259,1,http,0,benign,0
h039,2024-03-02 10:00:00,8,4,5,16768,0.5792148814462482,0,http,0,benign,0
h040,2024-03-02 10:00:00,3,1,2,1199518,15.530777442359962,0,http,0,benign,0
h041,2024-03-02 10:00:00,20,5,8,46139,0.5285922359204575,0,http,0,benign,0
h042,2024-03-02 10:00:00,9,5,6,28841,1.226782795328131,0,http,0,benign,0
h043,2024-03-02 10:00:00,11,4,7,25643,0.4082437679516106,0,http,0,benign,0
h044,2024-03-02 10:00:00,2,1,1,1612741,22.03481077649208,0,http,1,exfil,1
h045,2024-03-02 10:00:00,11,3,7,27367,0.49616888193,0,http,0,benign,0
h046,2024-03-02 10:00:00,17,4,8,59725,0.49535901009753547,1,http,0,benign,0
h047,2024-03-02 10:00:00,15,4,8,49553,0.6106428106189039,0,http,0,benign,0
h048,2024-03-02 10:00:00,16,4,7,63733,0.7001949012614052,0,http,0,benign,0
h049,2024-03-02 10:00:00,2,2,1,8372,0.5961124179652568,0,http,0,benign,0
h050,2024-03-02 10:00:00,22,4,8,91776,0.406897329170606,0,http,0,benign,0
h051,2024-03-02 10:00:00,12,3,7,60859,0.7729824063915073,1,http,0,benign,0
h052,2024-03-02 10:00:00,11,4,5,36573,0.7153807186030935,0,http,0,benign,0
h053,2024-03-02 10:00:00,17,5,7,80120,0.5194173417029485,1,http,0,benign,0
h054,2024-03-02 10:00:00,11,5,7,55357,0.6366592856480815,0,http,0,benign,0
h055,2024-03-02 10:00:00,16,5,8,36447,0.7520084597316365,0,http,0,benign,0
h056,2024-03-02 10:00:00,17,4,6,57621,0.4630829235417469,0,http,0,benign,0
h057,2024-03-02 10:00:00,6,3,4,9679,0.49484431831348746,0,http,0,benign,0
h058,2024-03-02 10:00:00,23,5,7,73612,0.681958863202384,0,http,0,benign,0
h059,2024-03-02 10:00:00,3,3,3,2743,0.1421128469478435,0,http,0,benign,0
h000,2024-03-02 11:00:00,28,5,8,204098,0.602733586272651,0,http,0,benign,0
h001,2024-03-02 11:00:00,24,5,8,126062,0.6661122631844038,1,http,0,benign,0
h002,2024-03-02 11:00:00,43,40,25,123759,0.5823458019944486,0,other,1,benign,0
h003,2024-03-02 11:00:00,15,5,7,47920,0.7506431791392795,0,http,0,benign,0
h004,2024-03-02 11:00:00,16,4,7,45270,0.5864409722921307,0,http,0,benign,0
h005,2024-03-02 11:00:00,10,4,5,49628,0.5844118082637447,0,http,0,benign,0
h006,2024-03-02 11:00:00,8,2,2,3345716,16.697607746743103,0,http,0,benign,0
h007,2024-03-02 11:00:00,14,5,7,46640,0.4175026960757865,1,http,0,benign,0
h008,2024-03-02 11:00:00,8,4,6,42524,0.8254272835717607,0,http,0,benign,0
h009,2024-03-02 11:00:00,72,68,48,4357,0.05402606507212759,0,other,1,portscan,1
h010,2024-03-02 11:00:00,6,2,1,6464171,17.731087799025158,0,http,1,exfil,1
h011,2024-03-02 11:00:00,10,4,6,40369,0.46447167218244373,0,http,0,benign,0
h012,2024-03-02 11:00:00,8,4,4,48003,0.4832057227170552,0,http,0,benign,0
h013,2024-03-02 11:00:00,2,1,2,872,0.15506829033545008,0,http,0,benign,0
h014,2024-03-02 11:00:00,9,4,6,37944,0.3552940472377244,0,http,0,benign,0
h015,2024-03-02 11:00:00,13,3,7,42284,0.6527207364177338,0,http,0,benign,0
h016,2024-03-02 11:00:00,10,4,5,35832,0.42783300791740286,1,http,0,benign,0
h017,2024-03-02 11:00:00,31,5,7,106685,0.648100135913386,0,http,0,benign,0
h018,2024-03-02 11:00:00,10,3,6,9696,0.43222999426608844,0,http,0,benign,0
h019,2024-03-02 11:00:00,8,2,5,39128,0.9407511507790305,0,http,0,benign,0
h020,2024-03-02 11:00:00,2,2,2,14468,0.3025134857905099,0,http,0,benign,0
h021,2024-03-02 11:00:00,8,4,5,27617,1.141921075377425,0,http,0,benign,0
h022,2024-03-02 11:00:00,12,5,7,48263,0.7209576011392763,1,http,0,benign,0
h023,2024-03-02 11:00:00,27,4,8,141375,0.6911163296829833,1,http,0,benign,0
h024,2024-03-02 11:00:00,3,1,2,1140546,28.225871982440612,0,ssh,0,benign,0
h025,2024-03-02 11:00:00,32,5,8,120297,0.518008661257448,0,http,0,benign,0
h026,2024-03-02 11:00:00,5,4,5,20211,0.36902983153988467,0,dns,0,benign,0
h027,2024-03-02 11:00:00,7,2,2,2101135,17.687058429548674,0,http,0,benign,0
h028,2024-03-02 11:00:00,19,5,8,36783,0.6635268487007157,0,http,0,benign,0
h029,2024-03-02 11:00:00,19,3,7,94390,0.47805176925771226,0,http,0,benign,0
h030,2024-03-02 11:00:00,8,5,7,30660,0.23060120278536428,0,http,0,benign,0
h031,2024-03-02 11:00:00,16,4,6,214642,0.6497235574579526,0,http,0,benign,0
h032,2024-03-02 11:00:00,4,2,2,6545,0.6755934936313354,0,http,0,benign,0
h033,2024-03-02 11:00:00,7,3,5,57284,0.6182104108091149,0,http,0,benign,0
h034,2024-03-02 11:00:00,26,5,8,144292,0.4459552593113308,0,http,0,benign,0
h035,2024-03-02 11:00:00,11,4,6,53285,0.39639157203267994,0,http,0,benign,0
h036,2024-03-02 11:00:00,6,2,4,36174,0.7807608317856984,0,http,0,benign,0
h037,2024-03-02 11:00:00,6,4,5,24540,0.6643827177753974,0,ssh,0,benign,0
h038,2024-03-02 11:00:00,2,2,2,2449,0.43198194715805627,0,http,0,benign,0
h039,2024-03-02 11:00:00,9,4,5,31727,0.7824981948517599,0,http,0,benign,0
h040,2024-03-02 11:00:00,12,5,7,81491,0.31347171205072943,0,http,0,benign,0
h041,2024-03-02 11:00:00,9,4,8,16209,0.38946446179967004,0,http,0,benign,0
h042,2024-03-02 11:00:00,51,49,28,182077,0.46871638699090906,0,other,0,benign,0
h043,2024-03-02 11:00:00,8,4,7,17771,0.24625029064539394,0,http,0,benign,0
h044,2024-03-02 11:00:00,24,5,8,73867,0.6670182563049104,0,http,0,benign,0
h045,2024-03-02 11:00:00,78,73,47,5330,0.05510659092923646,0,other,1,portscan,1
h046,2024-03-02 11:00:00,19,5,7,42964,0.5565525618094006,0,http,0,benign,0
h047,2024-03-02 11:00:00,27,5,8,164515,0.5984476296288547,2,http,0,benign,0
h048,2024-03-02 11:00:00,11,4,5,58160,0.6549976580505327,0,http,0,benign,0
h049,2024-03-02 11:00:00,8,4,4,27165,0.5213732255437786,0,http,0,benign,0
h050,2024-03-02 11:00:00,20,4,8,110196,0.5560902290597551,0,http,0,benign,0
h051,2024-03-02 11:00:00,18,5,6,46936,0.5789608013681891,0,http,0,benign,0
h052,2024-03-02 11:00:00,13,3,6,92352,0.4835171376399884,0,http,0,benign,0
h053,2024-03-02 11:00:00,23,5,8,83967,0.7857754180563729,0,http,0,benign,0
h054,2024-03-02 11:00:00,5,2,4,5133,0.6618472455135351,0,http,0,benign,0
h055,2024-03-02 11:00:00,23,5,8,99249,0.7290279834363188,0,http,0,benign,0
h056,2024-03-02 11:00:00,19,4,6,114517,0.5611564112790649,0,http,0,benign,0
h057,2024-03-02 11:00:00,6,3,4,6861,0.7547942784859968,0,http,0,benign,0
h058,2024-03-02 11:00:00,6,4,3,3764,0.2502134700946658,0,http,0,benign,0
h059,2024-03-02 11:00:00,14,4,6,54708,0.5472538122192004,0,http,0,benign,0
h000,2024-03-02 12:00:00,16,5,6,80455,0.4601342554047114,1,http,0,benign,0
h001,2024-03-02 12:00:00,10,4,8,39892,0.36554468280117236,0,http,0,benign,0
h002,2024-03-02 12:00:00,6,2,2,2705827,9.522473524762695,0,ssh,1,benign,0
h003,2024-03-02 12:00:00,10,3,6,32983,0.5099558732146919,1,http,0,benign,0
h004,2024-03-02 12:00:00,14,4,7,17858,0.8165195451779413,0,http,0,benign,0
h005,2024-03-02 12:00:00,7,4,5,12349,0.4695571555484171,0,http,0,benign,0
h006,2024-03-02 12:00:00,2,2,2,2312,0.8925901820482766,0,smtp,0,benign,0
h007,2024-03-02 12:00:00,14,5,7,40854,1.0424266667664066,0,http,0,benign,0
h008,2024-03-02 12:00:00,22,5,8,96447,0.3826771603062104,0,http,0,benign,0
h009,2024-03-02 12:00:00,3,2,3,3370,0.6678477750713477,0,http,0,benign,0
h010,2024-03-02 12:00:00,13,4,7,40207,0.6434870857028101,0,http,0,benign,0
h011,2024-03-02 12:00:00,20,5,7,112188,0.6591793158649126,1,http,0,benign,0
h012,2024-03-02 12:00:00,4,2,2,2197781,26.960022779463745,0,http,0,benign,0
h013,2024-03-02 12:00:00,7,3,4,30963,0.6346801775586383,0,http,0,benign,0
h014,2024-03-02 12:00:00,26,5,8,108723,0.3811399209073826,0,http,0,benign,0
h015,2024-03-02 12:00:00,10,3,6,25948,0.6035407290079704,0,http,0,benign,0
h016,2024-03-02 12:00:00,4,3,4,27682,0.36636879048798154,0,http,0,benign,0
h017,2024-03-02 12:00:00,16,4,6,74497,0.3890494138563175,0,http,0,benign,0
h018,2024-03-02 12:00:00,25,4,8,97121,0.8123850708418608,1,http,0,benign,0
h019,2024-03-02 12:00:00,14,3,8,25039,0.5209922071476503,0,http,0,benign,0
h020,2024-03-02 12:00:00,17,5,8,62971,0.4851840650672396,0,http,1,benign,0
h021,2024-03-02 12:00:00,15,5,8,23756,0.5801991142986191,0,http,0,benign,0
h022,2024-03-02 12:00:00,56,1,3,10209,0.2249666994940453,55,ssh,0,benign,0
h023,2024-03-02 12:00:00,52,5,8,230822,0.566098145661186,0,http,0,benign,0
h024,2024-03-02 12:00:00,14,3,6,54715,1.0612142989027995,0,http,0,benign,0
h025,2024-03-02 12:00:00,7,3,5,38731,0.523259862832239,0,http,0,benign,0
h026,2024-03-02 12:00:00,33,5,8,146735,0.5939266506927038,0,http,0,benign,0
h027,2024-03-02 12:00:00,83,76,58,4853,0.06724963824290117,0,other,1,portscan,1
h028,2024-03-02 12:00:00,28,5,8,139790,0.5497602917854071,0,http,0,benign,0
h029,2024-03-02 12:00:00,19,4,8,75996,0.5180372409168166,1,http,0,benign,0
h030,2024-03-02 12:00:00,9,4,6,35258,0.5035657972671164,0,http,0,benign,0
h031,2024-03-02 12:00:00,9,3,5,54090,0.42880945639156054,0,http,0,benign,0
h032,2024-03-02 12:00:00,23,5,8,113670,0.7092576637625233,0,http,0,benign,0
h033,2024-03-02 12:00:00,4,3,4,59180,0.31731334195707095,0,http,0,benign,0
h034,2024-03-02 12:00:00,8,4,6,32616,0.18644164115522954,0,http,0,benign,0
h035,2024-03-02 12:00:00,15,5,7,42458,0.695162148267459,0,http,0,benign,0
h036,2024-03-02 12:00:00,18,4,8,38420,0.5140046871623025,0,http,0,benign,0
h037,2024-03-02 12:00:00,18,5,7,96556,0.5292333482712573,0,http,0,benign,0
h038,2024-03-02 12:00:00,33,5,8,161809,0.43233517377381786,0,http,0,benign,0
h039,2024-03-02 12:00:00,32,1,3,4712,0.24651408885996778,24,ssh,1,bruteforce,1
h040,2024-03-02 12:00:00,2,1,2,6745,2.7142379038964184,0,http,0,benign,0
h041,2024-03-02 12:00:00,3,3,2,4112,0.5541516573691979,0,http,0,benign,0
h042,2024-03-02 12:00:00,9,4,5,58429,0.22951619282495894,0,http,0,benign,0
h043,2024-03-02 12:00:00,5,2,3,5290,1.1835113570684357,0,http,0,benign,0
h044,2024-03-02 12:00:00,15,5,6,115860,0.4090042357538019,0,http,0,benign,0
h045,2024-03-02 12:00:00,21,5,8,63939,0.418309151034938,0,http,0,benign,0
h046,2024-03-02 12:00:00,8,3,4,50674,0.589361754811531,0,http,0,benign,0
h047,2024-03-02 12:00:00,2,2,2,7756,0.1691566896021321,0,http,0,benign,0
h048,2024-03-02 12:00:00,17,5,8,28441,0.6089575879787028,0,http,0,benign,0
h049,2024-03-02 12:00:00,67,1,3,10404,0.2647334096959954,61,ssh,0,benign,0
h050,2024-03-02 12:00:00,8,4,6,52253,0.3262452471214297,0,http,0,benign,0
h051,2024-03-02 12:00:00,133,125,86,9080,0.050305641349099074,0,other,1,portscan,1
h052,2024-03-02 12:00:00,14,4,6,25963,0.6181012930693378,0,http,0,benign,0
h053,2024-03-02 12:00:00,10,3,5,31926,0.5663851775632798,0,http,0,benign,0
h054,2024-03-02 12:00:00,15,4,7,145703,0.9997290522639025,0,http,0,benign,0
h055,2024-03-02 12:00:00,16,4,8,86617,0.886526740426121,0,http,0,benign,0
h056,2024-03-02 12:00:00,19,5,7,76672,0.6124607479317322,0,http,0,benign,0
h057,2024-03-02 12:00:00,11,2,7,32753,0.2246458355978839,1,http,0,benign,0
h058,2024-03-02 12:00:00,5,3,5,20175,0.8615015932987834,0,http,0,benign,0
h059,2024-03-02 12:00:00,153,143,106,9441,0.054612469064182344,0,other,1,portscan,1
h000,2024-03-02 13:00:00,10,4,6,25264,0.2259634185741699,0,http,0,benign,0
h001,2024-03-02 13:00:00,9,4,6,42885,0.5079838707785185,0,http,0,benign,0
h002,2024-03-02 13:00:00,28,5,8,155582,0.5293663345057448,0,http,0,benign,0
h003,2024-03-02 13:00:00,11,3,6,18751,0.7071323898944295,0,http,0,benign,0
h004,2024-03-02 13:00:00,16,5,7,45966,0.4853130274651668,1,http,0,benign,0
h005,2024-03-02 13:00:00,6,3,4,16704,0.46568277832744037,0,http,0,benign,0
h006,2024-03-02 13:00:00,11,3,7,100574,0.4358554402661711,1,http,0,benign,0
h007,2024-03-02 13:00:00,7,3,4,19643,0.6759006505110304,0,http,0,benign,0
h008,2024-03-02 13:00:00,2,1,1,522757,25.849758488787483,0,http,1,exfil,1
h009,2024-03-02 13:00:00,9,2,6,20592,0.8265877423726731,0,http,0,benign,0
h010,2024-03-02 13:00:00,11,4,6,30891,0.9830774414875102,0,http,0,benign,0
h011,2024-03-02 13:00:00,38,5,8,102789,0.6232884904622423,0,http,0,benign,0
h012,2024-03-02 13:00:00,8,4,6,22756,0.5010894172671563,0,http,0,benign,0
h013,2024-03-02 13:00:00,5,3,5,6952,0.8126507943626727,0,dns,1,benign,0
h014,2024-03-02 13:00:00,15,3,7,49803,1.0705529500620314,0,http,0,benign,0
h015,2024-03-02 13:00:00,51,47,28,166354,0.6518954414699444,0,other,0,benign,0
h016,2024-03-02 13:00:00,22,4,8,117674,0.7814675081111063,1,http,0,benign,0
h017,2024-03-02 13:00:00,24,5,7,107624,0.42870612125455265,0,http,0,benign,0
h018,2024-03-02 13:00:00,38,5,8,160854,0.4516180284614755,0,http,0,benign,0
h019,2024-03-02 13:00:00,17,5,7,49478,0.9627239923679146,0,http,0,benign,0
h020,2024-03-02 13:00:00,4,2,4,12848,0.23362856461084192,0,http,0,benign,0
h021,2024-03-02 13:00:00,4,1,2,1611828,9.33370764758694,0,http,0,benign,0
h022,2024-03-02 13:00:00,5,2,5,7462,0.47556556513201037,0,http,0,benign,0
h023,2024-03-02 13:00:00,43,5,7,199455,1.0926174352690845,0,http,0,benign,0
h024,2024-03-02 13:00:00,32,5,8,75288,0.7563979806366837,0,http,0,benign,0
h025,2024-03-02 13:00:00,19,4,6,83941,0.818172702839898,0,http,0,benign,0
h026,2024-03-02 13:00:00,3,2,3,9700,0.8288328245139418,0,http,0,benign,0
h027,2024-03-02 13:00:00,9,4,5,34936,0.48597823342374125,0,http,0,benign,0
h028,2024-03-02 13:00:00,10,4,4,36789,0.573402547050984,0,http,0,benign,0
h029,2024-03-02 13:00:00,24,5,8,48412,0.5085484074470179,0,http,0,benign,0
h030,2024-03-02 13:00:00,7,3,6,23152,0.3274408613771107,0,http,0,benign,0
h031,2024-03-02 13:00:00,79,72,51,6028,0.06018077455069113,0,other,1,portscan,1
h032,2024-03-02 13:00:00,22,5,7,84695,0.5262713058192996,0,http,0,benign,0
h033,2024-03-02 13:00:00,5,3,3,16443,0.41974162559916833,0,dns,0,benign,0
h034,2024-03-02 13:00:00,38,5,8,240412,0.7036893407844245,1,http,0,benign,0
h035,2024-03-02 13:00:00,5,1,2,2545963,14.404433438893872,0,ssh,0,benign,0
h036,2024-03-02 13:00:00,7,3,5,26448,0.4403592687622578,0,http,0,benign,0
h037,2024-03-02 13:00:00,6,4,5,27047,0.7319610493650949,0,http,0,benign,0
h038,2024-03-02 13:00:00,22,4,8,54129,0.9205962128867959,1,http,0,benign,0
h039,2024-03-02 13:00:00,5,3,4,3991,0.20583851534253586,0,http,0,benign,0
h040,2024-03-02 13:00:00,15,4,7,69647,0.6499390594940591,0,http,0,benign,0
h041,2024-03-02 13:00:00,4,3,3,11234,0.5627931017497937,0,http,0,benign,0
h042,2024-03-02 13:00:00,5,2,3,22361,0.43156693924372813,0,http,0,benign,0
h043,2024-03-02 13:00:00,4,3,3,122515,0.5127190795315558,0,http,0,benign,0
h044,2024-03-02 13:00:00,3,3,2,2298,0.17105312756221977,0,smtp,0,benign,0
h045,2024-03-02 13:00:00,40,39,29,83245,0.8971297218511827,0,other,0,benign,0
h046,2024-03-02 13:00:00,15,4,7,87847,0.4692145060107332,0,http,0,benign,0
h047,2024-03-02 13:00:00,3,2,2,1815,1.5570130192562328,0,http,0,benign,0
h048,2024-03-02 13:00:00,5,3,4,35883,0.3725648155371931,0,http,0,benign,0
h049,2024-03-02 13:00:00,10,2,7,52544,0.4469942161877011,0,http,0,benign,0
h050,2024-03-02 13:00:00,42,40,24,115377,0.925731430912487,0,other,0,benign,0
h051,2024-03-02 13:00:00,5,2,3,14229,0.5682016941953729,0,http,0,benign,0
h052,2024-03-02 13:00:00,33,5,8,161916,0.6278207343759313,1,http,0,benign,0
h053,2024-03-02 13:00:00,9,4,5,10825,0.5355761942696493,0,http,0,benign,0
h054,2024-03-02 13:00:00,6,5,5,15562,0.5407514941231538,1,http,0,benign,0
h055,2024-03-02 13:00:00,23,3,7,105669,0.7273798564352252,1,http,0,benign,0
h056,2024-03-02 13:00:00,12,5,7,30131,0.7869618483740379,0,http,0,benign,0
h057,2024-03-02 13:00:00,15,3,7,27046,1.1740114359183158,1,http,0,benign,0
h058,2024-03-02 13:00:00,13,4,7,39099,0.39264238918269173,1,http,0,benign,0
h059,2024-03-02 13:00:00,14,3,6,33572,0.4347232011074041,0,http,0,benign,0
h000,2024-03-02 14:00:00,3,1,2,1185092,36.3479692596345,0,ssh,0,benign,0
h001,2024-03-02 14:00:00,6,2,5,15847,0.8073072310799135,1,http,0,benign,0
h002,2024-03-02 14:00:00,35,5,8,93138,0.6943016500083149,0,http,0,benign,0
h003,2024-03-02 14:00:00,2,2,1,2115,0.4585459502027535,0,http,0,benign,0
h004,2024-03-02 14:00:00,19,4,6,67642,0.7417479042953745,0,http,0,benign,0
h005,2024-03-02 14:00:00,18,4,8,86900,0.42939344434066773,1,http,0,benign,0
h006,2024-03-02 14:00:00,50,48,28,142962,0.5790094825889375,0,other,0,benign,0
h007,2024-03-02 14:00:00,5,2,1,7291041,31.98850322613179,0,ssh,0,benign,0
h008,2024-03-02 14:00:00,16,4,8,49281,0.762999570935244,1,http,0,benign,0
h009,2024-03-02 14:00:00,4,2,2,1781976,13.794862272735449,0,http,0,benign,0
h010,2024-03-02 14:00:00,3,2,2,12796,0.6238384863227963,0,http,0,benign,0
h011,2024-03-02 14:00:00,31,5,7,85770,0.5434688200188796,3,http,0,benign,0
h012,2024-03-02 14:00:00,27,5,7,135484,0.7438464533209849,0,http,0,benign,0
h013,2024-03-02 14:00:00,5,2,3,9408,0.4061002121772093,0,http,0,benign,0
h014,2024-03-02 14:00:00,10,4,5,85817,0.5404201797875592,0,http,0,benign,0
h015,2024-03-02 14:00:00,4,2,2,6605,0.21380845660922693,0,http,0,benign,0
h016,2024-03-02 14:00:00,4,2,1,699171,18.31978667299433,0,http,0,benign,0
h017,2024-03-02 14:00:00,13,5,6,50584,0.7732895808392996,0,http,0,benign,0
h018,2024-03-02 14:00:00,15,5,6,114764,0.38400824038214665,0,http,0,benign,0
h019,2024-03-02 14:00:00,1,1,1,224524,12.341666825488392,0,ssh,0,benign,0
h020,2024-03-02 14:00:00,4,2,3,5152,1.1335849269415286,0,http,0,benign,0
h021,2024-03-02 14:00:00,18,4,8,108797,0.5314883348618284,0,http,0,benign,0
h022,2024-03-02 14:00:00,5,2,4,31504,0.18025092577812804,0,http,0,benign,0
h023,2024-03-02 14:00:00,10,4,4,16562,0.33842114192890566,0,http,0,benign,0
h024,2024-03-02 14:00:00,12,4,7,92741,0.6288981964822532,0,http,0,benign,0
h025,2024-03-02 14:00:00,11,4,7,40041,0.44808788522876725,0,http,0,benign,0
h026,2024-03-02 14:00:00,4,3,4,4298,0.43123359775355585,0,http,0,benign,0
h027,2024-03-02 14:00:00,34,5,8,139946,0.8387192114224977,0,http,0,benign,0
h028,2024-03-02 14:00:00,8,3,4,22323,0.7712922843739672,0,http,0,benign,0
h029,2024-03-02 14:00:00,4,2,3,15525,0.5039340229312401,1,http,0,benign,0
h030,2024-03-02 14:00:00,11,4,7,93994,1.0288751463938466,0,http,0,benign,0
h031,2024-03-02 14:00:00,8,4,6,36011,0.6569093931769597,0,http,0,benign,0
h032,2024-03-02 14:00:00,15,4,6,32276,0.47774389969078296,0,http,0,benign,0
h033,2024-03-02 14:00:00,14,4,6,50893,0.43539424012350697,0,http,0,benign,0
h034,2024-03-02 14:00:00,17,5,7,93108,0.8920296741500177,1,http,0,benign,0
h035,2024-03-02 14:00:00,4,2,4,31798,0.42664466308059357,0,http,0,benign,0
h036,2024-03-02 14:00:00,13,4,8,43346,0.44686863557760304,0,http,0,benign,0
h037,2024-03-02 14:00:00,6,4,2,13583,1.2506102232326892,0,http,0,benign,0
h038,2024-03-02 14:00:00,4,4,3,6294,0.5851730212488286,0,smtp,0,benign,0
h039,2024-03-02 14:00:00,10,5,6,23602,0.30375992082096287,0,http,0,benign,0
h040,2024-03-02 14:00:00,10,3,6,26491,0.49559576275247375,0,http,0,benign,0
h041,2024-03-02 14:00:00,34,5,7,135727,0.5173996329476493,0,http,0,benign,0
h042,2024-03-02 14:00:00,3,2,3,4585,0.4656339776345986,0,http,0,benign,0
h043,2024-03-02 14:00:00,2,1,2,2781,0.24803477195562418,0,http,0,benign,0
h044,2024-03-02 14:00:00,15,5,6,122599,0.8465774252254064,0,http,0,benign,0
h045,2024-03-02 14:00:00,16,5,7,62711,0.4920401450180141,0,http,0,benign,0
h046,2024-03-02 14:00:00,2,2,2,10996,0.32592893503858644,0,http,0,benign,0
h047,2024-03-02 14:00:00,15,4,8,59575,0.697583702273139,0,http,0,benign,0
h048,2024-03-02 14:00:00,9,3,7,19209,0.8572042545966164,0,http,0,benign,0
h049,2024-03-02 14:00:00,8,3,5,34001,0.5457976224595511,0,http,0,benign,0
h050,2024-03-02 14:00:00,4,2,2,6393,0.492257342666249,0,http,0,benign,0
h051,2024-03-02 14:00:00,2,2,2,6104,0.49336383925005833,0,http,0,benign,0
h052,2024-03-02 14:00:00,39,5,8,112241,0.6120946649152478,0,http,0,benign,0
h053,2024-03-02 14:00:00,14,5,6,45409,0.7953156616356429,0,http,0,benign,0
h054,2024-03-02 14:00:00,15,5,7,44167,0.6015636711082061,0,http,0,benign,0
h055,2024-03-02 14:00:00,16,5,8,80350,0.754256168851027,0,http,0,benign,0
h056,2024-03-02 14:00:00,7,3,3,18514,0.6902280754147775,0,http,0,benign,0
h057,2024-03-02 14:00:00,12,4,6,36217,0.5914970274980412,0,http,1,benign,0
h058,2024-03-02 14:00:00,7,3,5,45781,0.6644589415116375,0,http,0,benign,0
h059,2024-03-02 14:00:00,1,1,1,1053,0.05534577528789114,0,http,0,benign,0
h000,2024-03-02 15:00:00,1,1,1,550,0.34550551139284036,0,smtp,0,benign,0
h001,2024-03-02 15:00:00,22,5,8,87790,0.6046181672760441,0,http,0,benign,0
h002,2024-03-02 15:00:00,13,4,7,34014,0.564114760237016,0,http,0,benign,0
h003,2024-03-02 15:00:00,8,4,5,15840,0.5264767944187416,0,http,0,benign,0
h004,2024-03-02 15:00:00,11,3,6,78391,0.3673462643218997,0,http,0,benign,0
h005,2024-03-02 15:00:00,6,2,5,26489,0.5705827095320657,0,http,0,benign,0
h006,2024-03-02 15:00:00,12,5,5,24100,0.378116191920554,0,http,0,benign,0
h007,2024-03-02 15:00:00,10,3,5,29297,0.3303090913352057,0,http,0,benign,0
h008,2024-03-02 15:00:00,25,5,8,82187,0.5827921680334252,0,http,0,benign,0
h009,2024-03-02 15:00:00,21,5,7,111269,0.6509311654148517,0,http,0,benign,0
h010,2024-03-02 15:00:00,7,5,3,9103,0.33967931291442527,0,http,0,benign,0
h011,2024-03-02 15:00:00,8,5,5,32666,0.6579602811261422,0,http,0,benign,0
h012,2024-03-02 15:00:00,42,40,30,107685,0.6534874260020386,0,other,0,benign,0
h013,2024-03-02 15:00:00,8,3,5,20080,0.5745803785354587,0,http,0,benign,0
h014,2024-03-02 15:00:00,13,5,7,48907,0.43548838012381375,0,http,0,benign,0
h015,2024-03-02 15:00:00,22,5,8,70078,0.6657939756503158,1,http,0,benign,0
h016,2024-03-02 15:00:00,16,5,5,58843,0.49196908909520365,0,http,0,benign,0
h017,2024-03-02 15:00:00,12,4,5,30621,0.6298125678966584,0,http,0,benign,0
h018,2024-03-02 15:00:00,2,2,1,2982068,26.278630992284718,0,http,0,benign,0
h019,2024-03-02 15:00:00,4,2,1,6220299,22.582512370786553,0,http,1,exfil,1
h020,2024-03-02 15:00:00,22,5,8,52361,0.5426316492168815,0,http,0,benign,0
h021,2024-03-02 15:00:00,2,2,2,18684,0.14203263535107824,0,http,0,benign,0
h022,2024-03-02 15:00:00,5,4,4,34620,0.46631023731955157,0,http,0,benign,0
h023,2024-03-02 15:00:00,15,4,8,56460,0.856100852261712,0,http,0,benign,0
h024,2024-03-02 15:00:00,11,4,6,37551,0.9055668013112818,0,http,0,benign,0
h025,2024-03-02 15:00:00,5,4,5,12860,0.437640999470809,0,http,0,benign,0
h026,2024-03-02 15:00:00,3,2,3,129774,0.9068526390593682,0,http,0,benign,0
h027,2024-03-02 15:00:00,9,4,6,41443,0.761265407766659,0,http,0,benign,0
h028,2024-03-02 15:00:00,42,4,8,171403,0.4392668502364722,1,http,0,benign,0
h029,2024-03-02 15:00:00,10,4,6,19608,0.6855994450715461,0,http,0,benign,0
h030,2024-03-02 15:00:00,3,1,3,3476,0.40914071649961464,0,http,0,benign,0
h031,2024-03-02 15:00:00,3,2,3,6897,0.30721173127945417,0,http,0,benign,0
h032,2024-03-02 15:00:00,14,4,7,49885,0.6187667917822939,0,http,0,benign,0
h033,2024-03-02 15:00:00,25,5,7,58709,0.797947462405538,0,http,0,benign,0
h034,2024-03-02 15:00:00,14,5,7,101126,0.5055344101426134,0,http,0,benign,0
h035,2024-03-02 15:00:00,111,103,75,7047,0.054129991381859824,0,other,1,portscan,1
h036,2024-03-02 15:00:00,39,5,8,168821,0.5535869789551047,0,http,0,benign,0
h037,2024-03-02 15:00:00,18,4,8,84136,1.0070573801382658,1,http,0,benign,0
h038,2024-03-02 15:00:00,33,4,7,144168,0.5288625839054619,0,http,0,benign,0
h039,2024-03-02 15:00:00,7,4,4,13468,0.9993521649073484,1,http,0,benign,0
h040,2024-03-02 15:00:00,20,4,8,46409,0.49873976900233574,1,http,0,benign,0
h041,2024-03-02 15:00:00,11,3,6,60827,0.8136766372891198,0,http,0,benign,0
h042,2024-03-02 15:00:00,6,4,4,9809,0.3331999934918323,0,http,0,benign,0
h043,2024-03-02 15:00:00,36,5,8,110756,0.5922811970776747,0,http,0,benign,0
h044,2024-03-02 15:00:00,1,1,1,9423,0.27870119643998914,0,http,0,benign,0
h045,2024-03-02 15:00:00,9,4,6,31681,0.3882393292724018,0,http,0,benign,0
h046,2024-03-02 15:00:00,3,2,3,13951,1.4946502338190306,0,http,0,benign,0
h047,2024-03-02 15:00:00,13,5,8,26716,0.6494949917563276,0,http,0,benign,0
h048,2024-03-02 15:00:00,2,1,2,4436,0.157120542745805,0,dns,0,benign,0
h049,2024-03-02 15:00:00,30,4,8,85468,0.5006841845056341,0,http,0,benign,0
h050,2024-03-02 15:00:00,10,4,6,46484,0.4379636925539062,0,http,0,benign,0
h051,2024-03-02 15:00:00,3,3,3,4912,0.3713141734535168,0,http,0,benign,0
h052,2024-03-02 15:00:00,37,5,8,273239,0.4700299041259282,0,http,0,benign,0
h053,2024-03-02 15:00:00,9,4,6,51575,0.7730683880114386,0,http,0,benign,0
h054,2024-03-02 15:00:00,4,3,3,6499,0.2075669347716353,0,http,0,benign,0
h055,2024-03-02 15:00:00,8,3,6,16830,0.5278365910103984,0,http,0,benign,0
h056,2024-03-02 15:00:00,32,4,8,76200,0.5002374758765863,0,http,0,benign,0
h057,2024-03-02 15:00:00,30,5,8,138532,0.6650985353272983,0,http,0,benign,0
h058,2024-03-02 15:00:00,8,4,5,35377,1.4312131582224936,0,http,0,benign,0
h059,2024-03-02 15:00:00,6,2,1,5743556,18.23911114360959,0,http,1,exfil,1
h000,2024-03-02 16:00:00,59,57,37,4005,0.04660041940778749,0,other,0,benign,0
h001,2024-03-02 16:00:00,1,1,1,719,0.16623112497878376,0,http,0,benign,0
h002,2024-03-02 16:00:00,6,3,4,33990,0.7314688023760206,0,http,0,benign,0
h003,2024-03-02 16:00:00,40,5,8,144569,0.7841351722393397,0,http,0,benign,0
h004,2024-03-02 16:00:00,9,3,6,90056,0.45139102788668833,0,dns,0,benign,0
h005,2024-03-02 16:00:00,15,5,8,33097,0.7878389962398429,0,http,0,benign,0
h006,2024-03-02 16:00:00,3,3,3,3988,0.4154618198631958,0,http,0,benign,0
h007,2024-03-02 16:00:00,24,5,7,77414,0.597268058019552,2,http,0,benign,0
h008,2024-03-02 16:00:00,5,2,4,30269,0.35814288442702313,1,http,0,benign,0
h009,2024-03-02 16:00:00,31,5,8,185586,0.845086902284295,0,http,0,benign,0
h010,2024-03-02 16:00:00,25,5,8,91700,0.6057587048266035,0,http,0,benign,0
h011,2024-03-02 16:00:00,20,5,8,170627,0.46846710532120966,0,http,0,benign,0
h012,2024-03-02 16:00:00,33,5,8,147984,0.6072298994870182,0,http,0,benign,0
h013,2024-03-02 16:00:00,17,5,7,105102,0.5670164867789824,0,dns,0,benign,0
h014,2024-03-02 16:00:00,6,3,4,22587,0.31913843452460594,0,http,0,benign,0
h015,2024-03-02 16:00:00,60,57,33,196645,0.48910633060439346,0,other,0,benign,0
h016,2024-03-02 16:00:00,4,2,1,1831645,36.97038632204787,0,http,1,exfil,1
h017,2024-03-02 16:00:00,21,5,7,61649,0.5337936099035298,0,http,0,benign,0
h018,2024-03-02 16:00:00,65,1,3,10839,0.24627607559312772,57,ssh,1,bruteforce,1
h019,2024-03-02 16:00:00,4,1,4,4894,0.44859135576359854,0,http,0,benign,0
h020,2024-03-02 16:00:00,3,3,3,19070,0.5773296924225345,0,http,0,benign,0
h021,2024-03-02 16:00:00,15,5,7,45989,0.40731905031370014,0,http,0,benign,0
h022,2024-03-02 16:00:00,30,3,8,88332,0.6799546411761459,0,http,0,benign,0
h023,2024-03-02 16:00:00,16,5,7,59560,0.6344726432580124,1,http,0,benign,0
h024,2024-03-02 16:00:00,3,3,3,3809,1.4689917528959047,0,dns,0,benign,0
h025,2024-03-02 16:00:00,21,4,8,110480,0.6354031804431417,0,http,0,benign,0
h026,2024-03-02 16:00:00,36,5,8,277486,0.5323735271990411,1,http,0,benign,0
h027,2024-03-02 16:00:00,32,4,8,146151,0.8962061924149352,0,http,0,benign,0
h028,2024-03-02 16:00:00,9,5,6,24197,0.3988933030156778,0,http,0,benign,0
h029,2024-03-02 16:00:00,9,4,6,36742,0.7261052195696376,0,http,0,benign,0
h030,2024-03-02 16:00:00,7,2,2,2223224,13.430154341968409,0,ssh,0,benign,0
h031,2024-03-02 16:00:00,13,5,7,66962,0.7996988663667612,0,http,0,benign,0
h032,2024-03-02 16:00:00,6,3,5,11729,0.6231743602731669,0,http,0,benign,0
h033,2024-03-02 16:00:00,2,1,1,425291,11.739183409447882,0,ssh,0,benign,0
h034,2024-03-02 16:00:00,12,4,5,20192,0.4604984740472668,0,http,0,benign,0
h035,2024-03-02 16:00:00,49,45,32,164273,0.4414883787969472,0,other,0,benign,0
h036,2024-03-02 16:00:00,13,4,7,62350,0.7136867084277065,0,http,0,benign,0
h037,2024-03-02 16:00:00,5,3,4,7289,0.47365593702241926,0,http,0,benign,0
h038,2024-03-02 16:00:00,13,5,7,86245,0.3577479582114538,0,http,0,benign,0
h039,2024-03-02 16:00:00,17,5,6,56203,1.0348845556495854,0,http,0,benign,0
h040,2024-03-02 16:00:00,14,4,7,42079,0.7963577329574792,0,http,0,benign,0
h041,2024-03-02 16:00:00,7,3,6,15890,0.6685420629645842,0,http,0,benign,0
h042,2024-03-02 16:00:00,11,4,6,34151,0.495778995470825,1,http,0,benign,0
h043,2024-03-02 16:00:00,11,3,6,61478,0.4036657109205794,0,http,0,benign,0
h044,2024-03-02 16:00:00,14,3,7,106030,0.42938270260159944,0,http,0,benign,0
h045,2024-03-02 16:00:00,5,3,3,12293,0.43946027234568064,0,http,0,benign,0
h046,2024-03-02 16:00:00,23,5,8,76838,0.5393092410519411,1,http,0,benign,0
h047,2024-03-02 16:00:00,22,4,8,106132,0.5186915523062795,0,http,0,benign,0
h048,2024-03-02 16:00:00,15,3,8,47506,0.45422401550718194,0,http,0,benign,0
h049,2024-03-02 16:00:00,9,4,7,12324,0.6369178471579383,0,http,0,benign,0
h050,2024-03-02 16:00:00,18,5,7,84966,0.5167572463160799,0,http,0,benign,0
h051,2024-03-02 16:00:00,12,5,6,86364,0.35486894637007804,0,http,0,benign,0
h052,2024-03-02 16:00:00,11,5,5,65925,0.6831431381421902,0,http,0,benign,0
h053,2024-03-02 16:00:00,11,3,6,37835,1.2069413590851046,1,http,0,benign,0
h054,2024-03-02 16:00:00,9,3,6,20519,0.8647518993598745,0,http,0,benign,0
h055,2024-03-02 16:00:00,25,5,7,63046,0.5737231713062445,0,http,1,benign,0
h056,2024-03-02 16:00:00,22,4,7,76781,0.5393429777962314,0,http,0,benign,0
h057,2024-03-02 16:00:00,16,2,8,46332,0.44049092890674246,0,http,0,benign,0
h058,2024-03-02 16:00:00,15,3,6,81124,0.4606125578600545,0,http,0,benign,0
h059,2024-03-02 16:00:00,9,4,5,78368,0.46178874033533623,0,http,0,benign,0
h000,2024-03-02 17:00:00,6,3,5,18596,1.0755176150268695,0,http,0,benign,0
h001,2024-03-02 17:00:00,32,5,8,122347,0.9404260213259673,1,http,0,benign,0
h002,2024-03-02 17:00:00,4,3,3,4348,0.4166123702619783,0,http,0,benign,0
h003,2024-03-02 17:00:00,14,5,7,77177,0.6768717274249166,1,http,0,benign,0
h004,2024-03-02 17:00:00,10,5,6,17635,0.6855091624237138,0,http,0,benign,0
h005,2024-03-02 17:00:00,2,2,2,5657,0.5288780120026663,0,http,0,benign,0
h006,2024-03-02 17:00:00,9,4,6,71754,1.0319638560985187,0,http,0,benign,0
h007,2024-03-02 17:00:00,8,4,4,75015,0.4422831006453035,0,http,0,benign,0
h008,2024-03-02 17:00:00,20,4,7,108706,0.4799006500805654,1,http,0,benign,0
h009,2024-03-02 17:00:00,14,4,7,67321,0.9823433102066386,0,http,0,benign,0
h010,2024-03-02 17:00:00,25,4,8,75157,0.5314310493515468,0,http,0,benign,0
h011,2024-03-02 17:00:00,13,5,6,32001,0.5068906192950581,0,http,0,benign,0
h012,2024-03-02 17:00:00,6,3,4,17503,1.0142360921472555,0,http,0,benign,0
h013,2024-03-02 17:00:00,31,5,8,113033,0.4894715650410147,1,http,0,benign,0
h014,2024-03-02 17:00:00,6,4,5,15908,0.5323388108317345,0,http,0,benign,0
h015,2024-03-02 17:00:00,4,3,4,7318,0.3341985268276034,0,http,0,benign,0
h016,2024-03-02 17:00:00,9,4,5,27106,0.4894280556970699,0,http,0,benign,0
h017,2024-03-02 17:00:00,20,5,7,67332,0.409507069229043,0,http,0,benign,0
h018,2024-03-02 17:00:00,14,3,6,30311,0.4427995151226697,0,http,0,benign,0
h019,2024-03-02 17:00:00,9,3,7,32272,0.38112277752436113,0,http,0,benign,0
h020,2024-03-02 17:00:00,23,4,8,64411,1.0748894427483693,0,http,0,benign,0
h021,2024-03-02 17:00:00,30,1,3,4383,0.2733783571386589,25,ssh,1,bruteforce,1
h022,2024-03-02 17:00:00,6,3,4,14794,0.5491779035263912,0,http,1,benign,0
h023,2024-03-02 17:00:00,5,4,3,20621,0.25991917628480377,0,http,0,benign,0
h024,2024-03-02 17:00:00,10,3,6,22463,0.34691592672089244,0,http,0,benign,0
h025,2024-03-02 17:00:00,14,4,6,129797,0.6822945157903473,0,http,0,benign,0
h026,2024-03-02 17:00:00,26,4,6,86766,0.6093480428958953,0,http,0,benign,0
h027,2024-03-02 17:00:00,24,5,6,92293,0.5499366234082075,0,http,0,benign,0
h028,2024-03-02 17:00:00,10,4,5,68644,0.6423209564096778,0,http,0,benign,0
h029,2024-03-02 17:00:00,43,39,25,154319,0.680370548042404,0,other,0,benign,0
h030,2024-03-02 17:00:00,10,4,6,24589,0.5629414551120174,0,http,0,benign,0
h031,2024-03-02 17:00:00,23,5,7,112038,0.6952057662883299,0,http,0,benign,0
h032,2024-03-02 17:00:00,6,3,3,12706,0.39956549542156045,0,http,0,benign,0
h033,2024-03-02 17:00:00,6,3,6,6619,1.5587700641139666,0,http,0,benign,0
h034,2024-03-02 17:00:00,3,3,2,10598,0.19500564978358825,0,http,0,benign,0
h035,2024-03-02 17:00:00,52,5,8,246214,0.5378390705271566,0,http,0,benign,0
h036,2024-03-02 17:00:00,9,3,5,8384,0.4111073408107738,0,http,0,benign,0
h037,2024-03-02 17:00:00,9,4,4,20077,0.2537846685556929,0,http,0,benign,0
h038,2024-03-02 17:00:00,8,4,6,21076,0.4461199334878492,0,http,0,benign,0
h039,2024-03-02 17:00:00,20,5,7,51031,0.6207589770297244,1,http,1,benign,0
h040,2024-03-02 17:00:00,14,5,8,43397,0.6547184716637878,0,http,0,benign,0
h041,2024-03-02 17:00:00,6,2,1,8371752,28.793357018086066,0,http,1,exfil,1
h042,2024-03-02 17:00:00,13,5,6,23264,0.6116959098200434,0,http,0,benign,0
h043,2024-03-02 17:00:00,15,4,7,29812,0.38937407952941017,0,http,0,benign,0
h044,2024-03-02 17:00:00,13,3,6,45796,0.4754041734008778,1,http,0,benign,0
h045,2024-03-02 17:00:00,9,5,5,38970,0.31736934215153206,1,http,0,benign,0
h046,2024-03-02 17:00:00,8,4,3,33564,0.7686957675912682,0,http,0,benign,0
h047,2024-03-02 17:00:00,22,4,7,81833,0.49529970588792493,0,http,0,benign,0
h048,2024-03-02 17:00:00,4,1,1,9345773,28.692495865761,0,ssh,1,exfil,1
h049,2024-03-02 17:00:00,64,1,3,11312,0.24292196253328072,55,ssh,1,bruteforce,1
h050,2024-03-02 17:00:00,5,3,4,14326,0.21154812528342384,0,smtp,0,benign,0
h051,2024-03-02 17:00:00,3,2,2,17333,0.5282364951038427,0,http,0,benign,0
h052,2024-03-02 17:00:00,25,4,8,131489,0.65751386983261,0,http,0,benign,0
h053,2024-03-02 17:00:00,13,5,6,39693,0.31230250545022753,0,http,0,benign,0
h054,2024-03-02 17:00:00,30,5,7,88108,0.3987745780350767,2,http,0,benign,0
h055,2024-03-02 17:00:00,11,5,7,142983,0.39157931562334786,0,http,0,benign,0
h056,2024-03-02 17:00:00,158,147,110,10437,0.05562579913684896,0,other,1,portscan,1
h057,2024-03-02 17:00:00,2,2,2,14261,0.924647907553716,0,dns,0,benign,0
h058,2024-03-02 17:00:00,28,5,8,96633,0.49372006434432036,1,http,0,benign,0
h059,2024-03-02 17:00:00,2,2,2,14171,0.7708064410287427,0,http,0,benign,0
h000,2024-03-02 18:00:00,77,69,52,5673,0.056379287911068346,0,other,0,benign,0
h001,2024-03-02 18:00:00,15,5,8,139927,0.3703904927355643,1,http,0,benign,0
h002,2024-03-02 18:00:00,7,4,4,29748,0.6523341947012378,0,http,0,benign,0
h003,2024-03-02 18:00:00,9,5,6,24339,0.5466262210411076,0,http,0,benign,0
h004,2024-03-02 18:00:00,15,3,7,27848,0.4620307167319098,0,http,0,benign,0
h005,2024-03-02 18:00:00,12,3,5,50770,0.36533008953841173,0,http,0,benign,0
h006,2024-03-02 18:00:00,8,3,4,29437,0.630954374994708,0,http,0,benign,0
h007,2024-03-02 18:00:00,3,3,3,3156,0.6370271780802366,0,http,0,benign,0
h008,2024-03-02 18:00:00,8,4,5,32198,0.5525014976964047,0,http,0,benign,0
h009,2024-03-02 18:00:00,9,3,6,20988,0.39358846848138973,0,http,1,benign,0
h010,2024-03-02 18:00:00,34,5,8,145008,0.6858845929937748,0,http,0,benign,0
h011,2024-03-02 18:00:00,50,5,8,219786,0.6940903085893997,1,http,0,benign,0
h012,2024-03-02 18:00:00,9,5,6,33245,0.26363909213394815,0,http,0,benign,0
h013,2024-03-02 18:00:00,49,1,3,7190,0.2474268092787012,38,ssh,1,bruteforce,1
h014,2024-03-02 18:00:00,17,5,6,115592,0.7819434592007749,1,http,0,benign,0
h015,2024-03-02 18:00:00,18,4,8,38199,0.4782249604581678,0,http,0,benign,0
h016,2024-03-02 18:00:00,16,5,6,97807,0.5962850787358043,0,http,0,benign,0
h017,2024-03-02 18:00:00,5,3,4,3276,0.4221738296301786,0,http,0,benign,0
h018,2024-03-02 18:00:00,37,1,3,6339,0.2469120584533103,28,ssh,1,bruteforce,1
h019,2024-03-02 18:00:00,4,3,3,14007,0.47383192993459017,0,dns,0,benign,0
h020,2024-03-02 18:00:00,73,70,47,4928,0.06000097337759512,0,other,1,portscan,1
h021,2024-03-02 18:00:00,17,4,8,107718,0.5765994355093124,0,http,0,benign,0
h022,2024-03-02 18:00:00,111,102,74,6398,0.05344813093993668,0,other,1,portscan,1
h023,2024-03-02 18:00:00,15,5,7,42701,0.7208690660135751,0,http,0,benign,0
h024,2024-03-02 18:00:00,14,5,7,86093,0.3218290605073361,0,http,0,benign,0
h025,2024-03-02 18:00:00,4,3,3,11196,0.5825876468393949,0,dns,0,benign,0
h026,2024-03-02 18:00:00,8,3,5,26957,1.669637687156794,0,http,0,benign,0
h027,2024-03-02 18:00:00,19,4,7,78180,0.4756083999613415,0,http,0,benign,0
h028,2024-03-02 18:00:00,12,3,7,63658,0.6368283969352606,0,http,0,benign,0
h029,2024-03-02 18:00:00,9,3,6,16595,0.6028962553839585,1,http,0,benign,0
h030,2024-03-02 18:00:00,6,3,5,93147,0.46516086927374006,0,dns,0,benign,0
h031,2024-03-02 18:00:00,106,102,75,6575,0.054456294113796634,0,other,1,portscan,1
h032,2024-03-02 18:00:00,13,4,6,46985,0.7232279918271822,0,http,0,benign,0
h033,2024-03-02 18:00:00,2,2,2,11275,0.4011500133336918,0,dns,0,benign,0
h034,2024-03-02 18:00:00,16,5,8,77281,0.3101771848070187,0,http,0,benign,0
h035,2024-03-02 18:00:00,18,5,8,98277,0.7811827510728533,0,http,1,benign,0
h036,2024-03-02 18:00:00,52,50,30,142813,0.6575537638450801,0,other,0,benign,0
h037,2024-03-02 18:00:00,10,5,5,67331,0.49987241580980407,0,http,0,benign,0
h038,2024-03-02 18:00:00,4,2,3,10899,0.8778779847545879,0,http,0,benign,0
h039,2024-03-02 18:00:00,7,3,5,30133,0.5746321566461405,0,http,0,benign,0
h040,2024-03-02 18:00:00,1,1,1,2390,3.5379844710172237,0,http,0,benign,0
h041,2024-03-02 18:00:00,2,2,2,6479,0.12095330519652482,0,http,0,benign,0
h042,2024-03-02 18:00:00,23,4,8,66951,0.4890751117388403,0,http,0,benign,0
h043,2024-03-02 18:00:00,4,3,2,1948,0.3949377062552246,0,http,0,benign,0
h044,2024-03-02 18:00:00,11,2,6,45957,0.3941110798619023,0,http,0,benign,0
h045,2024-03-02 18:00:00,11,5,5,20297,0.5838931119352556,0,http,0,benign,0
h046,2024-03-02 18:00:00,10,3,7,31042,0.36732094091753015,0,http,0,benign,0
h047,2024-03-02 18:00:00,19,3,7,68836,0.6703443686853442,0,http,0,benign,0
h048,2024-03-02 18:00:00,15,4,8,70501,0.9142272309451168,0,http,0,benign,0
h049,2024-03-02 18:00:00,1,1,1,1271,0.06111652911610694,0,http,0,benign,0
h050,2024-03-02 18:00:00,36,5,8,136081,0.4458337758620283,0,http,0,benign,0
h051,2024-03-02 18:00:00,2,2,1,8510,1.1546686842834972,0,http,0,benign,0
h052,2024-03-02 18:00:00,147,135,101,10550,0.05436208376968998,0,other,0,benign,0
h053,2024-03-02 18:00:00,3,2,3,7740,0.9800193272074426,0,http,0,benign,0
h054,2024-03-02 18:00:00,17,4,7,84215,0.3453393324860178,0,http,0,benign,0
h055,2024-03-02 18:00:00,1,1,1,311,1.9264334909141505,0,http,0,benign,0
h056,2024-03-02 18:00:00,9,3,6,38126,0.4863779426779557,0,http,0,benign,0
h057,2024-03-02 18:00:00,13,4,7,46571,0.403944236830073,0,http,0,benign,0
h058,2024-03-02 18:00:00,2,2,2,1725,0.23593494705821522,0,http,0,benign,0
h059,2024-03-02 18:00:00,13,5,7,86170,0.5298806732487945,0,http,0,benign,0
h000,2024-03-02 19:00:00,3,3,3,2639,0.2028297551409803,0,ssh,0,benign,0
h001,2024-03-02 19:00:00,6,3,3,26142,1.0434644189713338,0,http,0,benign,0
h002,2024-03-02 19:00:00,2,2,2,3940,0.3128011051480001,0,smtp,1,benign,0
h003,2024-03-02 19:00:00,27,5,8,79635,0.6229374192715542,0,http,0,benign,0
h004,2024-03-02 19:00:00,8,4,6,40011,0.5879305329516862,0,http,0,benign,0
h005,2024-03-02 19:00:00,3,2,3,8773,1.0662657923715837,0,http,0,benign,0
h006,2024-03-02 19:00:00,2,2,2,13284,0.43302599662793084,0,http,0,benign,0
h007,2024-03-02 19:00:00,11,5,7,19547,0.4216685386442735,0,http,0,benign,0
h008,2024-03-02 19:00:00,3,2,3,8371,0.4062051170873156,0,http,0,benign,0
h009,2024-03-02 19:00:00,150,141,105,9393,0.05923352292011349,0,other,1,portscan,1
h010,2024-03-02 19:00:00,6,3,3,46111,1.2756062175367535,0,ssh,0,benign,0
h011,2024-03-02 19:00:00,19,3,7,99521,0.47457759587720866,0,http,0,benign,0
h012,2024-03-02 19:00:00,5,4,2,10082,0.4210397990038416,0,http,0,benign,0
h013,2024-03-02 19:00:00,4,3,3,37875,0.883214311758926,0,http,0,benign,0
h014,2024-03-02 19:00:00,21,4,8,76086,1.162415048151141,0,http,0,benign,0
h015,2024-03-02 19:00:00,21,5,8,45655,0.931093263202457,0,http,0,benign,0
h016,2024-03-02 19:00:00,5,3,4,9152,0.5710461219449792,0,http,0,benign,0
h017,2024-03-02 19:00:00,2,2,1,1155456,22.033111959245826,0,ssh,1,exfil,1
h018,2024-03-02 19:00:00,14,4,7,47913,0.6131620372330344,0,http,0,benign,0
h019,2024-03-02 19:00:00,1,1,1,426,0.11474759788174645,0,http,0,benign,0
h020,2024-03-02 19:00:00,23,5,8,94575,0.40778904965452395,0,http,0,benign,0
h021,2024-03-02 19:00:00,16,4,8,69329,0.5903328660470818,0,http,0,benign,0
h022,2024-03-02 19:00:00,4,4,3,20293,0.46017921121304484,0,http,0,benign,0
h023,2024-03-02 19:00:00,5,4,4,22483,0.8652123402340737,0,http,0,benign,0
h024,2024-03-02 19:00:00,52,48,29,202251,0.7322047454826796,0,other,0,benign,0
h025,2024-03-02 19:00:00,4,2,4,9486,0.6086052128839694,0,http,0,benign,0
h026,2024-03-02 19:00:00,3,2,3,15963,0.5495012551832954,0,http,0,benign,0
h027,2024-03-02 19:00:00,10,4,7,28395,0.569384822469325,1,http,0,benign,0
h028,2024-03-02 19:00:00,10,2,8,16026,0.897214207385377,0,http,0,benign,0
h029,2024-03-02 19:00:00,7,4,5,36376,0.7246419370559712,0,http,0,benign,0
h030,2024-03-02 19:00:00,7,3,4,27968,0.4766839213154205,0,http,1,benign,0
h031,2024-03-02 19:00:00,11,3,7,59069,0.29404478042769017,0,http,0,benign,0
h032,2024-03-02 19:00:00,12,5,7,19256,0.6855435278911114,1,http,0,benign,0
h033,2024-03-02 19:00:00,7,3,5,18833,0.5344854744324364,0,http,0,benign,0
h034,2024-03-02 19:00:00,7,4,6,26746,0.5276675446304667,1,http,0,benign,0
h035,2024-03-02 19:00:00,57,1,3,9806,0.2436416768543466,45,ssh,1,bruteforce,1
h036,2024-03-02 19:00:00,9,4,5,43276,0.8230810584378777,1,http,0,benign,0
h037,2024-03-02 19:00:00,10,3,4,44203,0.5440509442823777,0,http,0,benign,0
h038,2024-03-02 19:00:00,6,4,4,27558,0.4168316259026399,0,http,0,benign,0
h039,2024-03-02 19:00:00,12,4,6,35533,0.5882432370709282,0,http,0,benign,0
h040,2024-03-02 19:00:00,28,4,8,58610,0.6659051746210286,0,http,0,benign,0
h041,2024-03-02 19:00:00,6,3,5,36876,0.3160902899537969,0,http,0,benign,0
h042,2024-03-02 19:00:00,44,41,30,151988,0.6156933340344138,0,other,0,benign,0
h043,2024-03-02 19:00:00,5,4,4,17853,0.6102361638017058,0,http,0,benign,0
h044,2024-03-02 19:00:00,11,4,7,43664,0.5807377471181839,0,http,0,benign,0
h045,2024-03-02 19:00:00,20,3,8,121129,0.6046741310014454,0,http,0,benign,0
h046,2024-03-02 19:00:00,52,5,8,195256,0.46566302262293036,1,http,0,benign,0
h047,2024-03-02 19:00:00,2,2,2,5665,0.3345500328074852,0,ssh,0,benign,0
h048,2024-03-02 19:00:00,44,5,8,140921,0.6115511082798878,0,http,0,benign,0
h049,2024-03-02 19:00:00,10,3,6,42007,0.6793357804785592,0,http,0,benign,0
h050,2024-03-02 19:00:00,12,5,7,68643,0.6344259172105199,0,http,0,benign,0
h051,2024-03-02 19:00:00,10,3,5,56463,0.3336547198379087,0,dns,0,benign,0
h052,2024-03-02 19:00:00,4,3,4,4520,0.39775600989002957,0,http,0,benign,0
h053,2024-03-02 19:00:00,1,1,1,184,0.6863670039797899,0,http,0,benign,0
h054,2024-03-02 19:00:00,51,5,8,199222,0.7261619661142626,1,http,0,benign,0
h055,2024-03-02 19:00:00,6,2,2,1577471,30.48908860024764,0,ssh,0,benign,0
h056,2024-03-02 19:00:00,2,2,2,3601,0.696996065996452,0,http,0,benign,0
h057,2024-03-02 19:00:00,13,4,8,37250,0.613053173463075,0,http,0,benign,0
h058,2024-03-02 19:00:00,4,3,2,10093,0.6026207616496544,0,http,0,benign,0
h059,2024-03-02 19:00:00,3,2,3,10007,0.6631059593828746,0,http,0,benign,0
h000,2024-03-02 20:00:00,6,3,4,23311,1.363483650874329,0,http,0,benign,0
h001,2024-03-02 20:00:00,33,5,8,68649,0.4826329285251291,0,http,0,benign,0
h002,2024-03-02 20:00:00,11,4,5,71785,0.6223573040673409,0,http,0,benign,0
h003,2024-03-02 20:00:00,8,2,5,30187,0.7092778776491043,0,http,0,benign,0
h004,2024-03-02 20:00:00,4,2,1,4465211,26.169075337713828,0,http,1,exfil,1
h005,2024-03-02 20:00:00,21,3,8,50224,0.333877535998297,0,http,0,benign,0
h006,2024-03-02 20:00:00,47,5,8,168576,0.5213473904943242,0,http,0,benign,0
h007,2024-03-02 20:00:00,10,5,6,24301,0.4172533637024407,1,http,0,benign,0
h008,2024-03-02 20:00:00,14,2,7,20616,0.7615258229954301,0,http,0,benign,0
h009,2024-03-02 20:00:00,4,4,4,6786,0.4633595795962502,0,http,0,benign,0
h010,2024-03-02 20:00:00,3,2,3,27718,0.5112937783152312,0,http,0,benign,0
h011,2024-03-02 20:00:00,11,4,6,13815,1.0941843009846348,0,http,0,benign,0
h012,2024-03-02 20:00:00,13,4,6,94988,0.5146362836130831,0,http,0,benign,0
h013,2024-03-02 20:00:00,6,4,5,49245,0.4588445054926496,0,http,0,benign,0
h014,2024-03-02 20:00:00,7,3,5,53883,0.42434412271379884,0,http,0,benign,0
h015,2024-03-02 20:00:00,2,2,2,6861,0.5377576734784529,0,http,0,benign,0
h016,2024-03-02 20:00:00,3,2,3,3956,0.23928883507282875,0,http,0,benign,0
h017,2024-03-02 20:00:00,57,52,35,3488,0.05152200533197242,0,other,1,portscan,1
h018,2024-03-02 20:00:00,5,3,3,12034,0.5236482615710414,0,http,0,benign,0
h019,2024-03-02 20:00:00,2,1,2,8069,0.24774175761921657,0,http,0,benign,0
h020,2024-03-02 20:00:00,32,5,7,115172,0.5926623908692781,0,http,0,benign,0
h021,2024-03-02 20:00:00,25,5,8,58173,0.5451705701597092,0,http,0,benign,0
h022,2024-03-02 20:00:00,125,118,89,7665,0.05260526062376478,0,other,1,portscan,1
h023,2024-03-02 20:00:00,21,4,8,311708,0.3550622968075045,0,http,0,benign,0
h024,2024-03-02 20:00:00,14,4,8,50025,0.8550156669393935,0,http,0,benign,0
h025,2024-03-02 20:00:00,4,2,1,2195578,12.402766309705145,0,http,0,benign,0
h026,2024-03-02 20:00:00,35,4,8,144233,0.8746363590123938,1,http,0,benign,0
h027,2024-03-02 20:00:00,11,3,7,30076,0.37138082872002764,0,http,0,benign,0
h028,2024-03-02 20:00:00,9,4,5,47252,0.8257980706449767,1,http,0,benign,0
h029,2024-03-02 20:00:00,20,5,7,65928,0.7760674613670154,0,http,0,benign,0
h030,2024-03-02 20:00:00,21,5,7,103443,0.536035488315707,0,http,0,benign,0
h031,2024-03-02 20:00:00,22,4,7,82003,0.8684620022352838,0,http,0,benign,0
h032,2024-03-02 20:00:00,44,42,27,108283,0.6268909734768162,0,other,0,benign,0
h033,2024-03-02 20:00:00,1,1,1,1687,0.5762157747328964,0,http,0,benign,0
h034,2024-03-02 20:00:00,7,3,4,37095,0.21166877289394867,0,http,0,benign,0
h035,2024-03-02 20:00:00,11,4,7,65970,0.3645156122934003,1,http,0,benign,0
h036,2024-03-02 20:00:00,3,2,3,5004,0.34300130240447246,0,http,0,benign,0
h037,2024-03-02 20:00:00,3,2,1,881317,14.894803850712918,0,ssh,1,exfil,1
h038,2024-03-02 20:00:00,11,4,8,57377,0.45392522651215095,0,http,0,benign,0
h039,2024-03-02 20:00:00,1,1,1,7149,0.38930118386001505,0,ssh,0,benign,0
h040,2024-03-02 20:00:00,19,5,8,77034,0.5514926725004108,0,http,0,benign,0
h041,2024-03-02 20:00:00,10,4,5,27637,0.5562087005556843,0,http,0,benign,0
h042,2024-03-02 20:00:00,29,5,8,119008,0.5648981885385875,0,http,0,benign,0
h043,2024-03-02 20:00:00,5,2,2,1204567,9.545533969071212,0,ssh,0,benign,0
h044,2024-03-02 20:00:00,43,42,27,124373,0.7062622732612384,0,other,0,benign,0
h045,2024-03-02 20:00:00,1,1,1,1554,0.4336110373106504,0,http,0,benign,0
h046,2024-03-02 20:00:00,15,4,7,230448,0.6593732737697533,0,http,0,benign,0
h047,2024-03-02 20:00:00,12,5,6,53719,0.63540724991278,0,http,0,benign,0
h048,2024-03-02 20:00:00,42,5,8,184399,0.6100107815038089,1,http,0,benign,0
h049,2024-03-02 20:00:00,9,5,5,45444,0.5988090489624371,1,http,0,benign,0
h050,2024-03-02 20:00:00,20,4,8,123989,0.49178407721866935,0,http,0,benign,0
h051,2024-03-02 20:00:00,8,4,5,13071,1.3280177890140914,0,http,1,benign,0
h052,2024-03-02 20:00:00,6,3,5,27058,1.016118385003279,0,dns,0,benign,0
h053,2024-03-02 20:00:00,10,5,6,32268,0.5997282782583111,0,http,0,benign,0
h054,2024-03-02 20:00:00,9,4,5,17530,0.2949985423182534,0,http,0,benign,0
h055,2024-03-02 20:00:00,4,2,2,942017,8.77864077280467,0,ssh,0,benign,0
h056,2024-03-02 20:00:00,4,2,2,1913790,14.066611724995637,0,ssh,0,benign,0
h057,2024-03-02 20:00:00,19,4,8,42106,0.3796589050089321,0,http,1,benign,0
h058,2024-03-02 20:00:00,61,60,39,4176,0.060484034803966545,0,other,1,portscan,1
h059,2024-03-02 20:00:00,15,4,7,49283,0.4502866980544021,0,http,0,benign,0
h000,2024-03-02 21:00:00,3,3,3,2689,0.28158694718977983,0,http,0,benign,0
h001,2024-03-02 21:00:00,156,145,98,10041,0.05567909734108245,0,other,0,benign,0
h002,2024-03-02 21:00:00,15,5,8,46882,0.6916249984140445,0,http,0,benign,0
h003,2024-03-02 21:00:00,24,5,8,105997,0.6948328974623581,0,http,0,benign,0
h004,2024-03-02 21:00:00,110,104,79,6646,0.05746700737400106,0,other,1,portscan,1
h005,2024-03-02 21:00:00,26,5,8,81795,0.683012420354837,0,http,0,benign,0
h006,2024-03-02 21:00:00,10,3,5,37757,0.8447083416739609,0,http,0,benign,0
h007,2024-03-02 21:00:00,13,4,5,53062,0.5158270378514838,0,http,0,benign,0
h008,2024-03-02 21:00:00,2,1,1,4949,0.3493135302173577,0,dns,0,benign,0
h009,2024-03-02 21:00:00,13,3,6,72175,0.505177349454263,0,http,0,benign,0
h010,2024-03-02 21:00:00,21,5,8,99334,0.7837224099411815,0,http,0,benign,0
h011,2024-03-02 21:00:00,5,3,5,18810,0.6130600079124077,0,http,0,benign,0
h012,2024-03-02 21:00:00,11,4,7,40597,0.5312160519073389,0,http,0,benign,0
h013,2024-03-02 21:00:00,3,3,3,57093,0.434890375859907,0,http,0,benign,0
h014,2024-03-02 21:00:00,9,4,6,57234,0.5475344497297789,0,http,0,benign,0
h015,2024-03-02 21:00:00,96,87,67,6028,0.06120717544398998,0,other,1,portscan,1
h016,2024-03-02 21:00:00,76,1,3,12143,0.25330902134411987,70,ssh,0,benign,0
h017,2024-03-02 21:00:00,13,4,8,30668,0.5495719099179253,1,http,0,benign,0
h018,2024-03-02 21:00:00,10,3,6,58490,0.45952538843926083,1,http,0,benign,0
h019,2024-03-02 21:00:00,15,5,5,52338,0.4284861843353655,0,http,0,benign,0
h020,2024-03-02 21:00:00,16,5,6,40058,0.49969769669897646,0,http,0,benign,0
h021,2024-03-02 21:00:00,13,5,7,19715,1.8653387869063218,0,http,0,benign,0
h022,2024-03-02 21:00:00,4,4,3,18725,0.4093364334982254,0,http,0,benign,0
h023,2024-03-02 21:00:00,13,5,6,53893,0.40310957212051207,1,http,0,benign,0
h024,2024-03-02 21:00:00,2,2,1,730279,10.240712194774341,0,ssh,0,benign,0
h025,2024-03-02 21:00:00,39,5,8,112912,0.5091562530505237,1,http,0,benign,0
h026,2024-03-02 21:00:00,11,4,7,49787,0.7611089234723625,0,http,0,benign,0
h027,2024-03-02 21:00:00,7,3,3,72529,0.4265241333042435,0,http,0,benign,0
h028,2024-03-02 21:00:00,13,5,7,63383,0.5568308142560763,0,http,0,benign,0
h029,2024-03-02 21:00:00,9,4,5,20960,0.39452722959933617,0,http,0,benign,0
h030,2024-03-02 21:00:00,21,4,7,77913,0.5811152465705931,0,http,1,benign,0
h031,2024-03-02 21:00:00,8,4,5,11628,1.1236320253670797,0,http,0,benign,0
h032,2024-03-02 21:00:00,53,49,29,137413,0.5447809036703445,0,other,0,benign,0
h033,2024-03-02 21:00:00,25,5,8,70370,0.5074844596487968,0,http,0,benign,0
h034,2024-03-02 21:00:00,2,2,2,1771,0.8182431283089019,0,http,0,benign,0
h035,2024-03-02 21:00:00,15,4,7,143885,0.6081978203915046,0,http,0,benign,0
h036,2024-03-02 21:00:00,64,58,43,4311,0.055707318800435765,0,other,1,portscan,1
h037,2024-03-02 21:00:00,9,3,5,23210,0.8044280949918009,0,http,0,benign,0
h038,2024-03-02 21:00:00,11,4,6,48802,0.504671102177113,0,http,0,benign,0
h039,2024-03-02 21:00:00,16,4,5,63542,0.7595183070645627,0,http,0,benign,0
h040,2024-03-02 21:00:00,50,1,3,8708,0.24905359863049473,42,ssh,1,bruteforce,1
h041,2024-03-02 21:00:00,5,2,1,1823651,14.594756142631544,0,http,0,benign,0
h042,2024-03-02 21:00:00,78,72,50,5336,0.04906579493322442,0,other,0,benign,0
h043,2024-03-02 21:00:00,5,3,4,12864,0.7471272207039272,0,http,0,benign,0
h044,2024-03-02 21:00:00,6,2,4,133215,0.332810827152997,0,http,0,benign,0
h045,2024-03-02 21:00:00,23,5,8,108525,0.5141803239521275,0,http,0,benign,0
h046,2024-03-02 21:00:00,15,4,7,41218,0.8717007576867639,1,http,0,benign,0
h047,2024-03-02 21:00:00,16,5,7,21862,0.5593912668405129,1,http,0,benign,0
h048,2024-03-02 21:00:00,5,3,5,10179,0.47256084536253223,0,http,0,benign,0
h049,2024-03-02 21:00:00,24,5,8,58538,0.29410870425336966,0,http,0,benign,0
h050,2024-03-02 21:00:00,15,4,7,58392,0.6459565243475788,0,http,0,benign,0
h051,2024-03-02 21:00:00,3,3,3,14598,0.3189493701241623,0,ssh,0,benign,0
h052,2024-03-02 21:00:00,10,4,6,54627,1.2005428105967817,0,http,0,benign,0
h053,2024-03-02 21:00:00,5,2,2,2745466,24.02072413248262,0,http,0,benign,0
h054,2024-03-02 21:00:00,6,2,5,38675,0.34865544712719765,0,http,0,benign,0
h055,2024-03-02 21:00:00,33,5,8,107171,0.9736483319749732,0,http,0,benign,0
h056,2024-03-02 21:00:00,17,3,8,82305,0.810406631011656,0,http,0,benign,0
h057,2024-03-02 21:00:00,20,5,8,40806,0.3877174511214343,1,http,0,benign,0
h058,2024-03-02 21:00:00,10,4,7,27958,0.5667021250227177,0,http,0,benign,0
h059,2024-03-02 21:00:00,3,2,2,837970,9.982807800027244,0,http,0,benign,0
h000,2024-03-02 22:00:00,17,3,8,32364,0.5742583979051286,0,http,0,benign,0
h001,2024-03-02 22:00:00,13,4,6,106779,0.5047256164087152,0,http,0,benign,0
h002,2024-03-02 22:00:00,31,5,8,147082,0.5993440895827308,0,http,0,benign,0
h003,2024-03-02 22:00:00,6,4,4,46372,0.3041540020005475,0,http,0,benign,0
h004,2024-03-02 22:00:00,6,4,5,6997,0.514485970459215,0,http,0,benign,0
h005,2024-03-02 22:00:00,12,4,7,107348,0.5652654312820573,0,http,0,benign,0
h006,2024-03-02 22:00:00,6,4,5,43534,0.6711256748994209,0,http,0,benign,0
h007,2024-03-02 22:00:00,10,4,6,27804,0.53828793713625,0,http,0,benign,0
h008,2024-03-02 22:00:00,3,2,2,5807,0.5038053217162716,0,http,0,benign,0
h009,2024-03-02 22:00:00,19,5,7,96874,0.5882942202409257,0,http,0,benign,0
h010,2024-03-02 22:00:00,18,4,8,60566,0.3905250349377211,1,http,0,benign,0
h011,2024-03-02 22:00:00,17,4,7,65402,1.050424784430755,0,http,0,benign,0
h012,2024-03-02 22:00:00,160,140,107,10722,0.056354652121810345,0,other,1,portscan,1
h013,2024-03-02 22:00:00,3,3,2,2739,0.24187142259520392,0,http,0,benign,0
h014,2024-03-02 22:00:00,13,4,5,80269,0.44573512411078275,0,http,0,benign,0
h015,2024-03-02 22:00:00,21,4,7,85420,0.48831163652314774,0,http,0,benign,0
h016,2024-03-02 22:00:00,3,3,2,4686,1.3513847490627038,0,http,0,benign,0
h017,2024-03-02 22:00:00,12,5,5,43088,0.8641646792819162,0,http,0,benign,0
h018,2024-03-02 22:00:00,2,1,2,10905,0.3432945933737349,0,http,0,benign,0
h019,2024-03-02 22:00:00,14,4,7,43620,0.9966164651581423,0,http,0,benign,0
h020,2024-03-02 22:00:00,10,5,6,47680,0.36940152439491736,0,http,0,benign,0
h021,2024-03-02 22:00:00,11,4,4,24807,0.5895672810167788,0,http,0,benign,0
h022,2024-03-02 22:00:00,18,4,6,114144,0.6608789305175614,0,http,0,benign,0
h023,2024-03-02 22:00:00,3,2,2,2245122,6.438846262122321,0,ssh,0,benign,0
h024,2024-03-02 22:00:00,16,3,7,50172,0.629878073351983,0,http,0,benign,0
h025,2024-03-02 22:00:00,150,142,100,10111,0.05528011105973756,0,other,1,portscan,1
h026,2024-03-02 22:00:00,37,5,8,118324,0.6170167108776644,0,http,0,benign,0
h027,2024-03-02 22:00:00,13,3,8,38793,0.46625290964552996,0,http,0,benign,0
h028,2024-03-02 22:00:00,22,5,7,106487,0.45480614329934616,0,http,0,benign,0
h029,2024-03-02 22:00:00,13,4,7,52857,0.47137810968788263,0,http,0,benign,0
h030,2024-03-02 22:00:00,11,3,5,63220,0.23824291319626797,0,http,0,benign,0
h031,2024-03-02 22:00:00,18,5,8,162696,1.1308171768079855,0,http,0,benign,0
h032,2024-03-02 22:00:00,18,5,7,78879,0.9075061600084346,0,http,0,benign,0
h033,2024-03-02 22:00:00,9,4,5,43445,0.6985678809058031,0,http,0,benign,0
h034,2024-03-02 22:00:00,7,4,6,14010,0.3654134110753812,0,http,0,benign,0
h035,2024-03-02 22:00:00,7,4,6,11687,0.3956101793719794,0,http,0,benign,0
h036,2024-03-02 22:00:00,2,2,2,3260,0.19039095131780354,0,dns,0,benign,0
h037,2024-03-02 22:00:00,9,5,7,23806,0.6272325511230771,0,http,0,benign,0
h038,2024-03-02 22:00:00,4,2,4,16243,0.7517888325320902,0,http,0,benign,0
h039,2024-03-02 22:00:00,14,4,7,42187,0.8206687444005224,1,http,0,benign,0
h040,2024-03-02 22:00:00,41,5,8,123558,0.558816627431722,0,http,0,benign,0
h041,2024-03-02 22:00:00,6,4,5,16013,0.2935897349374689,0,smtp,0,benign,0
h042,2024-03-02 22:00:00,4,4,3,41144,1.213157049565354,0,http,0,benign,0
h043,2024-03-02 22:00:00,17,4,8,47884,0.6202121564864749,0,http,0,benign,0
h044,2024-03-02 22:00:00,4,4,3,12758,1.2846432926882865,0,http,0,benign,0
h045,2024-03-02 22:00:00,18,5,8,91094,0.5175734348130142,0,http,0,benign,0
h046,2024-03-02 22:00:00,7,3,5,45272,0.3268960986758293,0,http,0,benign,0
h047,2024-03-02 22:00:00,23,4,7,96080,0.5472926412304578,0,http,0,benign,0
h048,2024-03-02 22:00:00,19,5,7,95591,0.43572429893463543,1,http,0,benign,0
h049,2024-03-02 22:00:00,10,5,6,16406,0.8105870713614453,0,http,0,benign,0
h050,2024-03-02 22:00:00,8,4,5,65860,0.631052467100054,0,http,0,benign,0
h051,2024-03-02 22:00:00,6,4,5,31152,0.6886221276636021,0,smtp,0,benign,0
h052,2024-03-02 22:00:00,5,3,4,10416,0.6391114934976454,0,http,0,benign,0
h053,2024-03-02 22:00:00,18,5,8,70510,0.5314626898820095,1,http,0,benign,0
h054,2024-03-02 22:00:00,61,1,3,11157,0.23452423885642207,50,ssh,0,benign,0
h055,2024-03-02 22:00:00,5,3,4,10208,0.2749135703288253,0,http,0,benign,0
h056,2024-03-02 22:00:00,6,4,4,30222,0.44243835686057364,0,http,0,benign,0
h057,2024-03-02 22:00:00,11,5,6,35422,0.5369475772222366,0,http,0,benign,0
h058,2024-03-02 22:00:00,13,4,7,43139,0.676332350100046,0,http,0,benign,0
h059,2024-03-02 22:00:00,2,2,2,6508,0.28857086194655357,0,http,0,benign,0
h000,2024-03-02 23:00:00,44,43,23,133015,0.5775036335647179,0,other,0,benign,0
h001,2024-03-02 23:00:00,11,4,6,67067,0.617388930504065,0,http,0,benign,0
h002,2024-03-02 23:00:00,4,2,3,9791,0.7415096969685504,0,http,0,benign,0
h003,2024-03-02 23:00:00,12,4,7,54900,0.485602100967117,0,http,0,benign,0
h004,2024-03-02 23:00:00,4,4,3,15733,1.1401645054280112,0,smtp,0,benign,0
h005,2024-03-02 23:00:00,24,4,8,75049,0.4681193044899543,0,http,0,benign,0
h006,2024-03-02 23:00:00,19,5,7,49433,0.4220871633095412,2,http,0,benign,0
h007,2024-03-02 23:00:00,3,1,2,4904,0.4217338128867915,0,http,0,benign,0
h008,2024-03-02 23:00:00,4,3,3,31466,0.35623806467400887,0,smtp,0,benign,0
h009,2024-03-02 23:00:00,2,2,2,283594,22.375512948498944,0,ssh,0,benign,0
h010,2024-03-02 23:00:00,21,4,8,54201,0.38520777201813905,0,http,0,benign,0
h011,2024-03-02 23:00:00,9,4,5,59416,0.6242193018355772,1,http,0,benign,0
h012,2024-03-02 23:00:00,7,3,5,63227,0.38248295257480475,0,http,0,benign,0
h013,2024-03-02 23:00:00,18,5,7,74547,0.9529547536156948,0,http,0,benign,0
h014,2024-03-02 23:00:00,26,4,8,65433,0.6500469407362868,1,http,0,benign,0
h015,2024-03-02 23:00:00,8,4,5,27343,0.4912180454648597,0,http,0,benign,0
h016,2024-03-02 23:00:00,2,2,1,511712,28.065289449640268,0,http,1,exfil,1
h017,2024-03-02 23:00:00,58,1,3,10439,0.26322925761554844,55,ssh,1,bruteforce,1
h018,2024-03-02 23:00:00,15,5,7,75378,0.6357082495690262,0,http,0,benign,0
h019,2024-03-02 23:00:00,47,41,30,108462,0.6184477398917428,0,other,1,benign,0
h020,2024-03-02 23:00:00,18,4,7,36418,0.36028769143805794,0,http,0,benign,0
h021,2024-03-02 23:00:00,22,5,8,74908,0.5184581414235757,1,http,0,benign,0
h022,2024-03-02 23:00:00,6,4,3,19675,0.23192120360719412,0,http,0,benign,0
h023,2024-03-02 23:00:00,11,3,6,49118,0.43977067381677787,0,http,0,benign,0
h024,2024-03-02 23:00:00,14,4,6,78211,0.509678136419093,0,http,0,benign,0
h025,2024-03-02 23:00:00,7,3,4,81167,0.32885117209908005,0,http,0,benign,0
h026,2024-03-02 23:00:00,74,1,3,12330,0.22591195499526165,71,ssh,1,bruteforce,1
h027,2024-03-02 23:00:00,3,3,3,12179,0.3977542098547508,0,http,0,benign,0
h028,2024-03-02 23:00:00,12,4,6,50736,0.44552913837282054,0,http,0,benign,0
h029,2024-03-02 23:00:00,3,3,3,4367,0.8788108398745768,0,http,0,benign,0
h030,2024-03-02 23:00:00,6,4,4,16645,0.4773211320892758,1,http,0,benign,0
h031,2024-03-02 23:00:00,6,3,5,15086,0.7556520494180616,0,http,0,benign,0
h032,2024-03-02 23:00:00,9,5,5,11022,0.41082983198231715,0,http,0,benign,0
h033,2024-03-02 23:00:00,18,5,7,180364,0.596230770771946,0,http,0,benign,0
h034,2024-03-02 23:00:00,48,45,29,153890,0.5734073081467705,0,other,0,benign,0
h035,2024-03-02 23:00:00,6,2,2,4250934,15.585807378761148,0,ssh,0,benign,0
h036,2024-03-02 23:00:00,12,4,7,19665,0.8445657947698035,0,http,0,benign,0
h037,2024-03-02 23:00:00,49,48,29,142126,0.6282538344801448,0,other,0,benign,0
h038,2024-03-02 23:00:00,11,3,7,51925,0.654425509000609,0,http,0,benign,0
h039,2024-03-02 23:00:00,4,2,4,3698,0.37060919525571745,0,http,0,benign,0
h040,2024-03-02 23:00:00,4,3,3,8436,0.6188282535328455,0,http,0,benign,0
h041,2024-03-02 23:00:00,10,4,6,80904,0.7201860229025454,0,http,0,benign,0
h042,2024-03-02 23:00:00,8,3,6,23963,0.4035075399347672,0,http,0,benign,0
h043,2024-03-02 23:00:00,47,45,22,123540,0.8207423528886179,0,other,0,benign,0
h044,2024-03-02 23:00:00,5,2,5,18061,0.5064895438069914,0,http,0,benign,0
h045,2024-03-02 23:00:00,17,5,8,44269,0.6696201470981932,0,http,0,benign,0
h046,2024-03-02 23:00:00,4,2,4,7629,0.23622025296981597,0,http,0,benign,0
h047,2024-03-02 23:00:00,28,5,8,86032,0.4461209237323886,0,http,0,benign,0
h048,2024-03-02 23:00:00,9,4,5,30365,1.3537705864972833,0,http,0,benign,0
h049,2024-03-02 23:00:00,2,1,2,15476,0.44549139229746715,0,http,0,benign,0
h050,2024-03-02 23:00:00,54,51,30,138325,0.5306840066978489,0,other,0,benign,0
h051,2024-03-02 23:00:00,8,4,5,62227,0.747231663677742,0,http,0,benign,0
h052,2024-03-02 23:00:00,16,5,5,91808,0.6285283043113811,0,http,0,benign,0
h053,2024-03-02 23:00:00,14,4,8,71327,0.28383893675750665,0,http,0,benign,0
h054,2024-03-02 23:00:00,18,4,7,50805,0.4805906558438769,0,http,0,benign,0
h055,2024-03-02 23:00:00,1,1,1,1219,0.022039540198132746,0,http,0,benign,0
h056,2024-03-02 23:00:00,23,5,8,88559,0.4239291912776459,1,http,0,benign,0
h057,2024-03-02 23:00:00,11,4,7,54194,0.6259813136242053,1,http,0,benign,0
h058,2024-03-02 23:00:00,7,3,4,21344,0.4721956449003618,0,http,0,benign,0
h059,2024-03-02 23:00:00,10,3,5,87223,0.9462816197145847,0,http,0,benign,0
h000,2024-03-03 00:00:00,7,3,4,19995,0.9220858779456033,0,http,0,benign,0
h001,2024-03-03 00:00:00,13,5,7,74176,0.7488627489173457,0,http,0,benign,0
h002,2024-03-03 00:00:00,3,2,2,1381253,8.124353750084632,0,ssh,0,benign,0
h003,2024-03-03 00:00:00,3,2,3,3061,0.884656072857311,0,http,0,benign,0
h004,2024-03-03 00:00:00,2,2,2,818940,5.428880518574079,0,ssh,0,benign,0
h005,2024-03-03 00:00:00,12,3,7,29994,0.9187711065450951,0,http,0,benign,0
h006,2024-03-03 00:00:00,17,5,6,89214,0.4397502266152354,1,http,0,benign,0
h007,2024-03-03 00:00:00,130,119,98,8324,0.06006899560527367,0,other,1,portscan,1
h008,2024-03-03 00:00:00,18,2,7,45661,0.41306824689905336,0,http,0,benign,0
h009,2024-03-03 00:00:00,3,2,3,18079,0.3178178427806316,0,smtp,0,benign,0
h010,2024-03-03 00:00:00,6,2,2,5865326,18.50213095673695,0,ssh,0,benign,0
h011,2024-03-03 00:00:00,10,4,7,12531,0.541627369517618,1,http,0,benign,0
h012,2024-03-03 00:00:00,7,4,5,33541,0.370646277634674,0,http,0,benign,0
h013,2024-03-03 00:00:00,8,5,7,13608,0.5072029707756291,0,http,0,benign,0
h014,2024-03-03 00:00:00,13,3,6,30567,0.34421782136636814,0,http,0,benign,0
h015,2024-03-03 00:00:00,20,4,8,54098,0.6288786786928225,0,http,0,benign,0
h016,2024-03-03 00:00:00,14,3,8,53917,0.6092239696419265,0,http,0,benign,0
h017,2024-03-03 00:00:00,8,4,5,22675,0.3910923738903417,0,http,0,benign,0
h018,2024-03-03 00:00:00,7,4,4,21765,0.567245492268042,0,http,0,benign,0
h019,2024-03-03 00:00:00,4,2,2,2415247,22.39413593086666,0,http,0,benign,0
h020,2024-03-03 00:00:00,11,3,5,24597,0.7055999847475892,0,http,0,benign,0
h021,2024-03-03 00:00:00,7,2,5,9530,0.3629213450835488,0,http,0,benign,0
h022,2024-03-03 00:00:00,4,3,3,7294,0.4564097032895326,0,http,0,benign,0
h023,2024-03-03 00:00:00,12,5,6,20107,0.44288368908933085,0,http,0,benign,0
h024,2024-03-03 00:00:00,9,4,7,33446,0.44736662096365026,0,http,0,benign,0
h025,2024-03-03 00:00:00,5,3,4,18651,0.5628072567597247,0,ssh,0,benign,0
h026,2024-03-03 00:00:00,2,2,2,41785,1.1051038585388626,0,http,0,benign,0
h027,2024-03-03 00:00:00,3,2,3,31257,0.29685907372657844,0,http,0,benign,0
h028,2024-03-03 00:00:00,7,3,4,23270,0.7743089169817365,0,http,0,benign,0
h029,2024-03-03 00:00:00,12,4,7,35906,0.42291110869451404,0,http,0,benign,0
h030,2024-03-03 00:00:00,17,5,8,160884,0.3964181485888703,0,http,0,benign,0
h031,2024-03-03 00:00:00,9,5,4,79145,1.0068293059263103,0,http,0,benign,0
h032,2024-03-03 00:00:00,5,3,4,14492,0.44700817413905014,0,http,0,benign,0
h033,2024-03-03 00:00:00,7,3,4,33064,0.5824968859958303,0,http,0,benign,0
h034,2024-03-03 00:00:00,6,3,5,46987,0.9118225919853535,0,http,0,benign,0
h035,2024-03-03 00:00:00,43,41,25,102756,0.6483645971288431,0,other,0,benign,0
h036,2024-03-03 00:00:00,7,3,4,11491,0.788152240300704,0,http,0,benign,0
h037,2024-03-03 00:00:00,11,3,7,25598,0.3589530034858996,0,http,0,benign,0
h038,2024-03-03 00:00:00,20,4,8,131066,0.4652396867114491,0,http,0,benign,0
h039,2024-03-03 00:00:00,3,2,3,5555,0.8226302735524588,0,http,0,benign,0
h040,2024-03-03 00:00:00,9,4,4,12220,0.6456151088882425,0,http,1,benign,0
h041,2024-03-03 00:00:00,4,3,3,47511,1.403450396898881,0,http,0,benign,0
h042,2024-03-03 00:00:00,10,4,7,25352,0.48011770425009354,0,http,0,benign,0
h043,2024-03-03 00:00:00,5,4,4,7937,0.20820206181915743,0,ssh,0,benign,0
h044,2024-03-03 00:00:00,26,5,7,88558,0.5149554863034773,0,http,0,benign,0
h045,2024-03-03 00:00:00,4,3,2,10712,0.45737983477473304,0,ssh,0,benign,0
h046,2024-03-03 00:00:00,7,3,3,20940,0.5674365554464361,1,http,0,benign,0
h047,2024-03-03 00:00:00,10,3,5,85710,0.47823349524454317,0,http,0,benign,0
h048,2024-03-03 00:00:00,10,4,5,32765,0.510341407613257,0,http,0,benign,0
h049,2024-03-03 00:00:00,26,5,8,265922,0.4040413419884006,0,http,0,benign,0
h050,2024-03-03 00:00:00,10,4,6,42222,0.32452387047939607,0,http,0,benign,0
h051,2024-03-03 00:00:00,12,5,7,25011,0.3189209484375804,0,http,0,benign,0
h052,2024-03-03 00:00:00,11,3,6,38100,0.5117713187167056,0,http,0,benign,0
h053,2024-03-03 00:00:00,22,4,7,89788,0.5556442403996014,1,http,0,benign,0
h054,2024-03-03 00:00:00,4,3,4,3675,0.32193595111721673,0,smtp,0,benign,0
h055,2024-03-03 00:00:00,8,5,4,28387,0.36685775663823095,0,http,0,benign,0
h056,2024-03-03 00:00:00,7,3,5,28775,1.2193888773806445,0,http,0,benign,0
h057,2024-03-03 00:00:00,14,4,6,50901,0.5225176831476471,0,http,0,benign,0
h058,2024-03-03 00:00:00,17,5,6,40381,0.5981080716746168,1,http,0,benign,0
h059,2024-03-03 00:00:00,53,48,30,137503,0.6284634586316635,0,other,0,benign,0
h000,2024-03-03 01:00:00,8,3,5,17577,0.5616305043512229,0,http,0,benign,0
h001,2024-03-03 01:00:00,5,3,3,13094,0.524392246337175,0,dns,0,benign,0
h002,2024-03-03 01:00:00,27,4,8,112578,0.6360069992003573,0,http,0,benign,0
h003,2024-03-03 01:00:00,6,4,4,34748,0.6347947819633524,0,http,0,benign,0
h004,2024-03-03 01:00:00,7,3,4,26656,0.5672396276131298,0,http,0,benign,0
h005,2024-03-03 01:00:00,12,5,6,95996,0.46042155231527615,0,http,1,benign,0
h006,2024-03-03 01:00:00,7,4,6,22964,0.765108554415433,0,ssh,0,benign,0
h007,2024-03-03 01:00:00,13,5,8,70492,0.6226464472740791,0,http,0,benign,0
h008,2024-03-03 01:00:00,11,4,7,56422,0.3256208744698755,0,http,0,benign,0
h009,2024-03-03 01:00:00,64,61,31,158824,0.6119873440573618,0,other,0,benign,0
h010,2024-03-03 01:00:00,10,4,7,98554,0.40623978445221515,0,http,0,benign,0
h011,2024-03-03 01:00:00,8,3,5,33925,0.9662229459348131,0,http,0,benign,0
h012,2024-03-03 01:00:00,58,55,30,196522,0.6778568291600839,0,other,0,benign,0
h013,2024-03-03 01:00:00,17,4,8,90756,0.6811603444305044,0,http,0,benign,0
h014,2024-03-03 01:00:00,6,4,5,20508,0.46590667454741985,0,http,0,benign,0
h015,2024-03-03 01:00:00,4,2,4,7507,0.3981202089843673,0,http,1,benign,0
h016,2024-03-03 01:00:00,2,2,2,4089,1.034130136028449,0,http,0,benign,0
h017,2024-03-03 01:00:00,22,4,7,114414,0.9374114820539021,0,http,0,benign,0
h018,2024-03-03 01:00:00,159,148,104,9790,0.060409570959607646,0,other,1,portscan,1
h019,2024-03-03 01:00:00,8,4,4,12466,0.6914492846823448,0,http,0,benign,0
h020,2024-03-03 01:00:00,106,100,71,7011,0.05465539197462194,0,other,0,benign,0
h021,2024-03-03 01:00:00,2,2,2,7740,0.20228196227828388,0,dns,0,benign,0
h022,2024-03-03 01:00:00,7,3,4,49913,0.4536441396122416,0,http,0,benign,0
h023,2024-03-03 01:00:00,4,2,2,1082023,12.102831851346,0,ssh,0,benign,0
h024,2024-03-03 01:00:00,26,5,8,118312,0.43833845739693966,0,http,0,benign,0
h025,2024-03-03 01:00:00,3,1,3,10348,0.20009837660993646,0,http,0,benign,0
h026,2024-03-03 01:00:00,13,5,6,31563,0.5186926049223579,0,http,0,benign,0
h027,2024-03-03 01:00:00,15,4,6,57442,0.5686479396689409,0,http,0,benign,0
h028,2024-03-03 01:00:00,6,2,6,16225,0.3203748007105833,0,http,0,benign,0
h029,2024-03-03 01:00:00,11,3,5,56634,0.40850000763972166,0,http,0,benign,0
h030,2024-03-03 01:00:00,8,3,5,30870,0.6692584152828956,0,http,0,benign,0
h031,2024-03-03 01:00:00,1,1,1,924,0.5951022102936961,0,http,0,benign,0
h032,2024-03-03 01:00:00,36,5,8,177846,0.48421296765440114,1,http,0,benign,0
h033,2024-03-03 01:00:00,2,1,2,4503,2.032475318539026,0,http,0,benign,0
h034,2024-03-03 01:00:00,20,4,8,87487,0.5371300702778112,0,http,0,benign,0
h035,2024-03-03 01:00:00,21,4,8,89081,0.588647970776777,0,http,0,benign,0
h036,2024-03-03 01:00:00,15,5,7,69939,0.3611499587690966,0,http,0,benign,0
h037,2024-03-03 01:00:00,11,4,6,35572,0.7926449171897016,0,http,0,benign,0
h038,2024-03-03 01:00:00,87,1,3,15204,0.2609778430170232,82,ssh,1,bruteforce,1
h039,2024-03-03 01:00:00,20,5,7,108836,0.42447152438164243,0,http,0,benign,0
h040,2024-03-03 01:00:00,10,4,7,49102,0.654670920689072,0,http,0,benign,0
h041,2024-03-03 01:00:00,168,153,107,9659,0.05919816959315501,0,other,1,portscan,1
h042,2024-03-03 01:00:00,1,1,1,1183,0.08374020576169718,0,http,0,benign,0
h043,2024-03-03 01:00:00,3,3,3,18682,0.3336419054386743,0,http,0,benign,0
h044,2024-03-03 01:00:00,22,5,8,117864,0.5338550477059821,0,http,0,benign,0
h045,2024-03-03 01:00:00,1,1,1,1580,0.8462957168128552,0,dns,0,benign,0
h046,2024-03-03 01:00:00,23,5,8,194155,0.868504267279601,0,http,0,benign,0
h047,2024-03-03 01:00:00,13,3,6,40699,0.8394608394576664,1,http,0,benign,0
h048,2024-03-03 01:00:00,1,1,1,8123,0.09690405990353895,0,http,0,benign,0
h049,2024-03-03 01:00:00,7,2,2,1354769,24.685801283281894,0,ssh,0,benign,0
h050,2024-03-03 01:00:00,24,5,8,110547,0.7483714239148096,0,http,0,benign,0
h051,2024-03-03 01:00:00,29,5,8,83152,0.44853269739867013,0,http,0,benign,0
h052,2024-03-03 01:00:00,5,2,4,21567,0.2497954712983889,0,http,0,benign,0
h053,2024-03-03 01:00:00,10,3,4,59402,0.5676399245167248,0,http,0,benign,0
h054,2024-03-03 01:00:00,4,3,2,9061,0.7676713158302041,0,http,0,benign,0
h055,2024-03-03 01:00:00,8,3,5,49373,0.2732929270691605,0,http,0,benign,0
h056,2024-03-03 01:00:00,2,2,2,3369,0.3166012777928885,0,http,0,benign,0
h057,2024-03-03 01:00:00,5,2,2,1843600,22.69721067969244,0,ssh,0,benign,0
h058,2024-03-03 01:00:00,53,5,8,270572,0.6243221370283927,0,http,0,benign,0
h059,2024-03-03 01:00:00,5,1,2,1261150,19.796642251223783,0,ssh,0,benign,0
h000,2024-03-03 02:00:00,110,103,83,7946,0.053826417576383935,0,other,1,portscan,1
h001,2024-03-03 02:00:00,26,4,7,202151,0.8450949509753127,0,http,0,benign,0
h002,2024-03-03 02:00:00,7,3,5,18493,1.2781650058428693,0,http,0,benign,0
h003,2024-03-03 02:00:00,11,3,6,110520,0.8596340086564888,0,http,0,benign,0
h004,2024-03-03 02:00:00,6,3,4,21603,0.2749782714938041,0,http,0,benign,0
h005,2024-03-03 02:00:00,28,5,8,67634,0.557167065595697,0,http,0,benign,0
h006,2024-03-03 02:00:00,24,4,8,69168,0.640991729210744,0,http,0,benign,0
h007,2024-03-03 02:00:00,11,4,8,21441,0.5804166094704323,1,http,0,benign,0
h008,2024-03-03 02:00:00,4,3,4,6295,0.32584001072844443,0,http,0,benign,0
h009,2024-03-03 02:00:00,4,2,1,1821063,10.364244890529989,0,ssh,1,exfil,1
h010,2024-03-03 02:00:00,8,4,5,13438,0.5123483224868587,0,http,0,benign,0
h011,2024-03-03 02:00:00,7,2,5,16482,1.1500937172153132,0,http,0,benign,0
h012,2024-03-03 02:00:00,14,5,7,47872,0.4892356523830584,0,http,0,benign,0
h013,2024-03-03 02:00:00,11,5,6,45285,0.3137383739028936,0,http,0,benign,0
h014,2024-03-03 02:00:00,33,1,3,5108,0.2427938699952046,24,ssh,1,bruteforce,1
h015,2024-03-03 02:00:00,117,105,78,7851,0.05713213707385943,0,other,1,portscan,1
h016,2024-03-03 02:00:00,11,4,7,27671,0.44120351480848313,0,http,0,benign,0
h017,2024-03-03 02:00:00,6,2,5,11036,0.5005922627642619,0,http,0,benign,0
h018,2024-03-03 02:00:00,7,4,5,82365,0.25504298237340084,0,http,0,benign,0
h019,2024-03-03 02:00:00,8,4,8,8679,1.118895097972522,0,http,0,benign,0
h020,2024-03-03 02:00:00,8,5,6,19170,0.5635086142359211,0,http,0,benign,0
h021,2024-03-03 02:00:00,9,4,6,77225,0.6190434578941267,0,http,0,benign,0
h022,2024-03-03 02:00:00,8,5,4,25091,0.8577122146181996,0,http,0,benign,0
h023,2024-03-03 02:00:00,4,2,2,1333769,6.317786481236745,0,http,0,benign,0
h024,2024-03-03 02:00:00,9,3,6,43662,0.992432553667038,0,http,0,benign,0
h025,2024-03-03 02:00:00,35,5,8,88749,0.6981104802994591,2,http,0,benign,0
h026,2024-03-03 02:00:00,8,4,4,36334,0.7115665418434786,1,http,0,benign,0
h027,2024-03-03 02:00:00,6,3,4,25215,0.2874546798469056,0,http,0,benign,0
h028,2024-03-03 02:00:00,3,3,3,2460,0.525874235632626,0,dns,0,benign,0
h029,2024-03-03 02:00:00,15,3,6,35676,0.40723417764647507,1,http,0,benign,0
h030,2024-03-03 02:00:00,6,3,4,14708,0.7755107989175362,0,http,0,benign,0
h031,2024-03-03 02:00:00,47,46,26,129774,0.6950568496757461,0,other,0,benign,0
h032,2024-03-03 02:00:00,22,5,8,102503,0.3782949370961552,0,http,0,benign,0
h033,2024-03-03 02:00:00,3,2,3,1921,0.4109254722627845,0,http,0,benign,0
h034,2024-03-03 02:00:00,47,45,26,164956,0.7705360635865497,0,other,0,benign,0
h035,2024-03-03 02:00:00,17,5,8,73111,0.6922941356236534,0,http,0,benign,0
h036,2024-03-03 02:00:00,7,3,4,65396,0.32904521460442926,0,http,0,benign,0
h037,2024-03-03 02:00:00,29,5,8,76254,0.4920645224890264,0,http,0,benign,0
h038,2024-03-03 02:00:00,65,1,3,10866,0.25746964401442646,60,ssh,1,bruteforce,1
h039,2024-03-03 02:00:00,21,3,8,117953,0.9040217167561009,0,http,1,benign,0
h040,2024-03-03 02:00:00,11,5,7,54098,0.5572027677727407,0,http,0,benign,0
h041,2024-03-03 02:00:00,13,4,7,100042,0.4981948137432773,0,http,0,benign,0
h042,2024-03-03 02:00:00,11,4,6,29969,0.3705997785717024,0,http,0,benign,0
h043,2024-03-03 02:00:00,46,42,26,126440,0.5533239283330229,0,other,0,benign,0
h044,2024-03-03 02:00:00,12,5,7,49964,0.3492392748783977,0,http,0,benign,0
h045,2024-03-03 02:00:00,11,3,6,27484,0.6907012159996688,0,http,0,benign,0
h046,2024-03-03 02:00:00,29,5,8,77793,0.5237285475671704,0,http,0,benign,0
h047,2024-03-03 02:00:00,1,1,1,387609,113.8771748197583,0,http,0,benign,0
h048,2024-03-03 02:00:00,23,4,8,82771,0.7554794744329555,0,http,0,benign,0
h049,2024-03-03 02:00:00,6,4,5,41522,0.5626187248648672,0,http,0,benign,0
h050,2024-03-03 02:00:00,14,5,7,69781,0.3700555077144328,0,http,0,benign,0
h051,2024-03-03 02:00:00,2,1,2,7332,0.45598511590229895,0,http,0,benign,0
h052,2024-03-03 02:00:00,113,107,83,6522,0.053428765377890895,0,other,1,portscan,1
h053,2024-03-03 02:00:00,7,4,4,16395,0.593087746186546,0,http,0,benign,0
h054,2024-03-03 02:00:00,15,5,6,44244,0.26828618165973184,0,http,0,benign,0
h055,2024-03-03 02:00:00,9,5,7,41190,0.7584331007940944,0,http,0,benign,0
h056,2024-03-03 02:00:00,5,3,4,36253,1.6857591468557036,0,http,0,benign,0
h057,2024-03-03 02:00:00,12,5,5,73535,0.5529371387862266,0,http,0,benign,0
h058,2024-03-03 02:00:00,21,5,8,80057,0.6550551045723625,0,http,0,benign,0
h059,2024-03-03 02:00:00,17,5,8,70232,0.48104213437379867,1,http,0,benign,0
h000,2024-03-03 03:00:00,25,4,7,149044,0.5868837826750379,0,http,0,benign,0
h001,2024-03-03 03:00:00,6,4,4,10590,0.5370161733745501,0,http,0,benign,0
h002,2024-03-03 03:00:00,9,3,5,95158,0.5330248917776893,0,http,0,benign,0
h003,2024-03-03 03:00:00,10,4,6,36102,0.30708108719607574,0,dns,1,benign,0
h004,2024-03-03 03:00:00,9,4,5,20927,0.31382244001383325,0,http,0,benign,0
h005,2024-03-03 03:00:00,2,2,1,1111,0.5332070570807141,0,http,0,benign,0
h006,2024-03-03 03:00:00,3,2,1,27954,0.6684995639965576,0,http,0,benign,0
h007,2024-03-03 03:00:00,5,2,1,5330340,13.388556587967347,0,http,1,exfil,1
h008,2024-03-03 03:00:00,16,5,7,98836,0.6772689447275354,0,http,0,benign,0
h009,2024-03-03 03:00:00,29,5,8,144854,0.4113788972544227,0,http,0,benign,0
h010,2024-03-03 03:00:00,9,4,7,12130,0.5045291753949729,0,http,0,benign,0
h011,2024-03-03 03:00:00,3,2,2,565107,21.941450286459354,0,http,0,benign,0
h012,2024-03-03 03:00:00,6,2,4,28264,0.6016295490634521,0,http,0,benign,0
h013,2024-03-03 03:00:00,13,5,7,91086,0.6534805069637385,0,http,0,benign,0
h014,2024-03-03 03:00:00,5,4,3,24388,0.4116696967318537,1,http,0,benign,0
h015,2024-03-03 03:00:00,2,2,2,1164,0.39441379620199685,0,http,0,benign,0
h016,2024-03-03 03:00:00,10,4,5,21329,0.6209666859592179,0,http,1,benign,0
h017,2024-03-03 03:00:00,67,60,41,4502,0.06148594638743081,0,other,1,portscan,1
h018,2024-03-03 03:00:00,23,5,7,44477,0.6919223932516928,0,http,0,benign,0
h019,2024-03-03 03:00:00,9,2,5,23541,0.6127263527694322,0,http,0,benign,0
h020,2024-03-03 03:00:00,16,3,8,46549,0.4617974947987112,0,http,0,benign,0
h021,2024-03-03 03:00:00,5,4,3,9303,0.43673453755174985,0,http,0,benign,0
h022,2024-03-03 03:00:00,23,5,8,66378,0.8044513661448388,0,http,0,benign,0
h023,2024-03-03 03:00:00,9,3,5,43070,0.3014782565119289,0,http,0,benign,0
h024,2024-03-03 03:00:00,13,5,7,67423,0.6644288113881719,0,http,0,benign,0
h025,2024-03-03 03:00:00,3,3,3,11650,0.4604097016340419,0,http,0,benign,0
h026,2024-03-03 03:00:00,20,4,7,60201,0.6207433028067346,1,http,0,benign,0
h027,2024-03-03 03:00:00,28,5,7,142588,0.613335126979064,1,http,0,benign,0
h028,2024-03-03 03:00:00,4,2,2,1213436,39.75134395609932,0,http,0,benign,0
h029,2024-03-03 03:00:00,12,4,6,94101,0.406443906565366,0,http,0,benign,0
h030,2024-03-03 03:00:00,13,3,7,35309,1.122109017975637,0,http,0,benign,0
h031,2024-03-03 03:00:00,11,3,7,40536,0.5515131530253918,0,http,0,benign,0
h032,2024-03-03 03:00:00,145,133,92,9906,0.05670174115474635,0,other,1,portscan,1
h033,2024-03-03 03:00:00,17,4,6,52009,0.6962113581763296,0,http,0,benign,0
h034,2024-03-03 03:00:00,5,3,4,44179,0.26637215003343884,0,http,0,benign,0
h035,2024-03-03 03:00:00,9,3,6,39902,1.2024646795010412,0,http,0,benign,0
h036,2024-03-03 03:00:00,7,3,6,80867,0.40962287386390545,0,http,0,benign,0
h037,2024-03-03 03:00:00,8,3,5,12009,0.5808688747266912,0,http,0,benign,0
h038,2024-03-03 03:00:00,87,82,68,5275,0.05118961168355206,0,other,1,portscan,1
h039,2024-03-03 03:00:00,15,4,7,74099,0.6255927819712578,0,http,0,benign,0
h040,2024-03-03 03:00:00,13,5,5,63036,0.5706743735251927,1,http,0,benign,0
h041,2024-03-03 03:00:00,17,4,8,63763,0.5231803067845495,0,http,0,benign,0
h042,2024-03-03 03:00:00,2,2,2,526,0.7355050875265138,0,http,0,benign,0
h043,2024-03-03 03:00:00,8,4,6,22097,0.28252756425626185,0,http,0,benign,0
h044,2024-03-03 03:00:00,14,5,7,67356,0.48978724217139186,0,http,0,benign,0
h045,2024-03-03 03:00:00,15,5,7,46447,0.9912960233336171,0,http,0,benign,0
h046,2024-03-03 03:00:00,28,5,8,160752,0.7014470836772341,0,http,0,benign,0
h047,2024-03-03 03:00:00,139,130,89,9235,0.055205868849686895,0,other,1,portscan,1
h048,2024-03-03 03:00:00,33,4,8,146420,0.5435648171751439,0,http,0,benign,0
h049,2024-03-03 03:00:00,9,5,5,11891,0.6131528022139596,0,http,0,benign,0
h050,2024-03-03 03:00:00,64,1,3,9332,0.265288542918052,59,ssh,1,bruteforce,1
h051,2024-03-03 03:00:00,19,5,6,54657,0.560862947682547,0,http,0,benign,0
h052,2024-03-03 03:00:00,8,4,5,17345,0.4650958393031811,0,http,0,benign,0
h053,2024-03-03 03:00:00,11,3,8,27981,0.49533916743619016,0,http,0,benign,0
h054,2024-03-03 03:00:00,1,1,1,9476,1.7584610859404746,0,smtp,0,benign,0
h055,2024-03-03 03:00:00,5,2,4,17660,1.2972677503949468,0,http,0,benign,0
h056,2024-03-03 03:00:00,28,5,8,140933,0.6711252055923439,0,http,0,benign,0
h057,2024-03-03 03:00:00,7,2,6,44404,0.3767364256649282,0,http,0,benign,0
h058,2024-03-03 03:00:00,54,1,3,9346,0.2639147107788555,45,ssh,1,bruteforce,1
h059,2024-03-03 03:00:00,30,5,8,113325,0.8282726777065086,0,http,0,benign,0
h000,2024-03-03 04:00:00,8,4,5,24896,0.8485404191442456,0,http,0,benign,0
h001,2024-03-03 04:00:00,131,116,92,7747,0.0546998301468432,0,other,1,portscan,1
h002,2024-03-03 04:00:00,80,78,52,5086,0.05845609680594752,0,other,1,portscan,1
h003,2024-03-03 04:00:00,21,4,8,90191,0.5131371814032923,1,http,0,benign,0
h004,2024-03-03 04:00:00,21,5,7,60332,0.49545307350885115,0,http,0,benign,0
h005,2024-03-03 04:00:00,9,3,6,25134,0.8472593494418441,0,http,0,benign,0
h006,2024-03-03 04:00:00,12,3,7,28890,1.5908300630664671,0,http,0,benign,0
h007,2024-03-03 04:00:00,5,3,3,8832,0.4812002466645193,0,http,0,benign,0
h008,2024-03-03 04:00:00,31,5,8,187309,0.42536812244455896,0,http,0,benign,0
h009,2024-03-03 04:00:00,9,5,5,23862,0.5386695520261542,0,http,0,benign,0
h010,2024-03-03 04:00:00,5,2,3,6805,0.5551431459089351,0,http,0,benign,0
h011,2024-03-03 04:00:00,11,3,5,89286,0.7337083802366969,0,http,0,benign,0
h012,2024-03-03 04:00:00,11,5,7,27882,0.2818872850606516,0,http,0,benign,0
h013,2024-03-03 04:00:00,43,5,8,127074,0.5183604833424355,1,http,0,benign,0
h014,2024-03-03 04:00:00,129,118,89,7943,0.05389351468030327,0,other,1,portscan,1
h015,2024-03-03 04:00:00,8,3,5,31394,0.4506313619056978,0,http,0,benign,0
h016,2024-03-03 04:00:00,8,4,5,13760,0.38063256343833896,0,http,0,benign,0
h017,2024-03-03 04:00:00,22,5,8,52382,0.6991972333700816,0,http,0,benign,0
h018,2024-03-03 04:00:00,4,3,4,13462,0.3593356747148442,0,http,0,benign,0
h019,2024-03-03 04:00:00,13,4,7,41676,0.39393283412213553,0,http,0,benign,0
h020,2024-03-03 04:00:00,14,5,6,67924,0.6411131812561492,0,http,0,benign,0
h021,2024-03-03 04:00:00,30,5,8,99693,0.4348019288538306,0,http,0,benign,0
h022,2024-03-03 04:00:00,5,4,5,16421,0.5606957485508735,0,ssh,0,benign,0
h023,2024-03-03 04:00:00,4,2,4,17214,0.4170312830953179,0,http,0,benign,0
h024,2024-03-03 04:00:00,21,3,7,59668,0.6568134304581912,0,http,0,benign,0
h025,2024-03-03 04:00:00,13,3,6,30450,0.5108968957249561,0,http,0,benign,0
h026,2024-03-03 04:00:00,9,4,5,43394,0.9785041315795849,0,http,0,benign,0
h027,2024-03-03 04:00:00,11,4,6,80459,0.4779744968266467,0,http,0,benign,0
h028,2024-03-03 04:00:00,7,5,6,30007,1.0271356212220983,0,http,0,benign,0
h029,2024-03-03 04:00:00,24,5,8,78079,0.46099360972658704,0,http,0,benign,0
h030,2024-03-03 04:00:00,16,4,7,82426,0.9465854578202232,0,http,0,benign,0
h031,2024-03-03 04:00:00,19,5,8,41768,0.703952250925869,0,http,0,benign,0
h032,2024-03-03 04:00:00,32,5,7,115530,0.5232172106166955,1,http,0,benign,0
h033,2024-03-03 04:00:00,3,3,2,11692,0.9175751054897548,0,http,0,benign,0
h034,2024-03-03 04:00:00,27,5,8,120233,0.5592271010773648,0,http,0,benign,0
h035,2024-03-03 04:00:00,10,4,7,48672,0.8362964308615888,0,http,0,benign,0
h036,2024-03-03 04:00:00,21,5,8,110484,0.5429711743616511,0,http,0,benign,0
h037,2024-03-03 04:00:00,15,4,7,92039,0.36644254362404055,1,http,0,benign,0
h038,2024-03-03 04:00:00,47,45,31,165617,0.553476398631387,0,other,0,benign,0
h039,2024-03-03 04:00:00,4,2,4,22040,0.9112451588996529,0,http,0,benign,0
h040,2024-03-03 04:00:00,14,5,6,35887,0.7543426328489826,0,http,0,benign,0
h041,2024-03-03 04:00:00,6,2,3,35895,1.6441580436221797,0,http,0,benign,0
h042,2024-03-03 04:00:00,4,2,4,7198,1.0197406265347446,0,dns,0,benign,0
h043,2024-03-03 04:00:00,13,5,6,106949,0.6739142454820993,2,http,0,benign,0
h044,2024-03-03 04:00:00,6,3,4,10619,0.2693691644020389,0,http,0,benign,0
h045,2024-03-03 04:00:00,4,4,4,26185,0.45057539777018013,0,smtp,0,benign,0
h046,2024-03-03 04:00:00,13,5,8,30812,0.34321324187164587,0,http,0,benign,0
h047,2024-03-03 04:00:00,14,5,6,97304,0.4380380620373657,0,http,0,benign,0
h048,2024-03-03 04:00:00,3,2,2,448376,13.16711064515887,0,ssh,0,benign,0
h049,2024-03-03 04:00:00,8,3,5,3922,1.0766617382023274,0,http,0,benign,0
h050,2024-03-03 04:00:00,4,3,3,24428,0.6218901435735248,1,dns,0,benign,0
h051,2024-03-03 04:00:00,52,50,30,183661,0.555900577349484,0,other,0,benign,0
h052,2024-03-03 04:00:00,101,96,68,6032,0.058610923091516984,0,other,1,portscan,1
h053,2024-03-03 04:00:00,73,1,3,11888,0.27823851955553985,64,ssh,1,bruteforce,1
h054,2024-03-03 04:00:00,2,2,2,17292,0.9648673397281504,0,http,1,benign,0
h055,2024-03-03 04:00:00,10,5,5,65846,0.45356832082616183,0,http,0,benign,0
h056,2024-03-03 04:00:00,14,3,7,197163,0.7406375489169277,0,http,0,benign,0
h057,2024-03-03 04:00:00,13,2,6,50801,0.37367624741163125,0,http,0,benign,0
h058,2024-03-03 04:00:00,5,3,4,12942,0.6223453688498288,0,http,0,benign,0
h059,2024-03-03 04:00:00,10,3,8,137665,1.159019378576072,0,http,0,benign,0
h000,2024-03-03 05:00:00,47,43,26,115943,0.6281397410909899,0,other,0,benign,0
h001,2024-03-03 05:00:00,25,5,8,95834,0.6541125895160603,0,http,0,benign,0
h002,2024-03-03 05:00:00,16,5,6,116167,0.6235084104420854,1,http,0,benign,0
h003,2024-03-03 05:00:00,6,3,5,27110,0.23150183954470616,0,http,0,benign,0
h004,2024-03-03 05:00:00,1,1,1,1382,0.5780086547640529,0,dns,0,benign,0
h005,2024-03-03 05:00:00,12,4,5,56325,0.6014433296075837,0,http,0,benign,0
h006,2024-03-03 05:00:00,15,4,8,37303,0.568819226557201,0,http,0,benign,0
h007,2024-03-03 05:00:00,17,4,8,52241,0.7984424479618923,0,http,0,benign,0
h008,2024-03-03 05:00:00,8,3,3,48263,0.2839351959335006,0,http,0,benign,0
h009,2024-03-03 05:00:00,42,4,8,116119,0.3992776442265741,2,http,0,benign,0
h010,2024-03-03 05:00:00,17,4,7,47204,0.44876780299133756,0,http,0,benign,0
h011,2024-03-03 05:00:00,6,4,5,7426,0.5467517983601116,0,http,0,benign,0
h012,2024-03-03 05:00:00,10,5,6,22322,0.5870765691116981,1,http,0,benign,0
h013,2024-03-03 05:00:00,12,5,6,33915,0.47523532765008386,0,http,0,benign,0
h014,2024-03-03 05:00:00,22,5,8,92615,0.6421580723993039,0,http,0,benign,0
h015,2024-03-03 05:00:00,15,4,8,85004,0.5504553167161983,1,http,0,benign,0
h016,2024-03-03 05:00:00,15,4,8,48681,0.7556770097038581,0,http,0,benign,0
h017,2024-03-03 05:00:00,5,5,4,23135,0.6819404411031919,0,http,0,benign,0
h018,2024-03-03 05:00:00,8,3,2,79810,0.939745930404856,0,http,0,benign,0
h019,2024-03-03 05:00:00,9,2,6,63483,1.1446406881825069,0,http,0,benign,0
h020,2024-03-03 05:00:00,28,5,8,77847,0.46949355053022573,0,http,0,benign,0
h021,2024-03-03 05:00:00,8,2,5,18844,0.23526180368923127,0,http,0,benign,0
h022,2024-03-03 05:00:00,11,4,5,25872,0.3860942039732427,0,http,0,benign,0
h023,2024-03-03 05:00:00,15,4,5,52862,0.5238074232839766,0,http,0,benign,0
h024,2024-03-03 05:00:00,17,5,7,46868,0.5597948218402728,0,http,0,benign,0
h025,2024-03-03 05:00:00,11,3,6,43423,0.5738089149055943,0,http,0,benign,0
h026,2024-03-03 05:00:00,30,5,8,126179,0.5138669040983561,2,http,0,benign,0
h027,2024-03-03 05:00:00,23,5,8,118997,0.6961232363439445,0,http,0,benign,0
h028,2024-03-03 05:00:00,22,4,7,72390,1.0411844601154037,0,http,0,benign,0
h029,2024-03-03 05:00:00,30,5,8,72774,1.0647139606900768,0,http,0,benign,0
h030,2024-03-03 05:00:00,16,4,7,52918,0.47768568947073975,0,http,0,benign,0
h031,2024-03-03 05:00:00,6,4,4,4832,0.9192499839630628,0,http,0,benign,0
h032,2024-03-03 05:00:00,16,5,8,120032,0.3317346383609437,0,http,0,benign,0
h033,2024-03-03 05:00:00,12,4,7,34848,0.37083833177485803,0,http,0,benign,0
h034,2024-03-03 05:00:00,5,2,2,1166146,21.670632408821767,0,http,0,benign,0
h035,2024-03-03 05:00:00,31,5,8,95032,0.5298668162901489,0,http,0,benign,0
h036,2024-03-03 05:00:00,7,4,4,16020,0.28359034538122907,0,http,0,benign,0
h037,2024-03-03 05:00:00,3,2,3,55373,0.6506371536648006,0,dns,0,benign,0
h038,2024-03-03 05:00:00,9,4,6,18092,0.6255574856556158,0,http,0,benign,0
h039,2024-03-03 05:00:00,158,140,109,9833,0.056059309132134964,0,other,1,portscan,1
h040,2024-03-03 05:00:00,11,3,7,97869,0.5806977242154828,0,http,1,benign,0
h041,2024-03-03 05:00:00,5,4,3,45812,0.5687001920665601,0,http,0,benign,0
h042,2024-03-03 05:00:00,11,4,6,76498,0.47628436451930334,0,http,0,benign,0
h043,2024-03-03 05:00:00,30,4,8,105656,0.82375791051486,1,http,0,benign,0
h044,2024-03-03 05:00:00,27,5,8,107390,0.5931578127746937,0,http,0,benign,0
h045,2024-03-03 05:00:00,7,2,2,1630957,23.578031650074013,0,http,0,benign,0
h046,2024-03-03 05:00:00,5,1,5,39030,0.22821007153819767,0,http,0,benign,0
h047,2024-03-03 05:00:00,3,1,3,4453,0.20096392763370388,0,http,0,benign,0
h048,2024-03-03 05:00:00,7,3,3,12545,0.8382617397924408,0,http,0,benign,0
h049,2024-03-03 05:00:00,2,1,2,7292,1.6635185124390455,0,dns,0,benign,0
h050,2024-03-03 05:00:00,10,4,6,36778,0.8200075539103023,0,http,0,benign,0
h051,2024-03-03 05:00:00,20,4,7,81724,0.4506113229248818,1,http,0,benign,0
h052,2024-03-03 05:00:00,39,5,7,173819,0.5311948623362424,1,http,0,benign,0
h053,2024-03-03 05:00:00,5,2,2,1502147,13.679266246387538,0,http,0,benign,0
h054,2024-03-03 05:00:00,15,5,6,89903,0.8968645137049991,0,http,0,benign,0
h055,2024-03-03 05:00:00,4,4,3,11130,0.2763031233851765,0,http,0,benign,0
h056,2024-03-03 05:00:00,9,4,5,38496,0.5468949623117889,0,http,0,benign,0
h057,2024-03-03 05:00:00,7,3,6,7230,0.6003588775390111,0,http,0,benign,0
h058,2024-03-03 05:00:00,3,2,2,39494,1.334780976504027,0,http,0,benign,0
h059,2024-03-03 05:00:00,19,5,7,95007,0.4522843029017533,0,http,0,benign,0
h000,2024-03-03 06:00:00,4,3,3,5587,1.022652991884313,0,http,0,benign,0
h001,2024-03-03 06:00:00,3,2,3,40392,0.5632910490445284,0,http,0,benign,0
h002,2024-03-03 06:00:00,11,2,6,33853,0.7064144284021193,0,http,0,benign,0
h003,2024-03-03 06:00:00,16,4,6,67082,0.5552071635435777,0,http,0,benign,0
h004,2024-03-03 06:00:00,3,2,1,2629687,36.95153018038849,0,http,1,exfil,1
h005,2024-03-03 06:00:00,8,4,5,39898,0.33057630892880085,0,http,0,benign,0
h006,2024-03-03 06:00:00,9,4,6,181898,0.316611951454667,0,http,0,benign,0
h007,2024-03-03 06:00:00,5,3,4,17823,0.5099526146853899,0,http,0,benign,0
h008,2024-03-03 06:00:00,69,5,8,274013,0.4788719031436077,0,http,0,benign,0
h009,2024-03-03 06:00:00,13,4,8,347146,0.4107729485207562,1,http,0,benign,0
h010,2024-03-03 06:00:00,6,3,4,30270,0.2369386594541596,0,http,0,benign,0
h011,2024-03-03 06:00:00,17,5,6,73275,0.6233764175319002,0,http,0,benign,0
h012,2024-03-03 06:00:00,18,5,7,53300,0.41028596862721156,0,http,1,benign,0
h013,2024-03-03 06:00:00,1,1,1,7561,0.5592998413208686,0,http,0,benign,0
h014,2024-03-03 06:00:00,11,3,5,33638,0.42653365645984403,0,http,0,benign,0
h015,2024-03-03 06:00:00,91,87,66,5790,0.055266869808003674,0,other,1,portscan,1
h016,2024-03-03 06:00:00,8,3,6,37490,0.41249137104073524,0,http,0,benign,0
h017,2024-03-03 06:00:00,8,4,5,44946,0.39569961508959023,0,http,0,benign,0
h018,2024-03-03 06:00:00,4,2,2,2214263,10.815016013201728,0,ssh,0,benign,0
h019,2024-03-03 06:00:00,3,2,2,50984,0.9001989397276727,0,ssh,0,benign,0
h020,2024-03-03 06:00:00,16,5,7,75610,0.4652210931312378,0,http,0,benign,0
h021,2024-03-03 06:00:00,2,2,2,561739,8.187991784310015,0,ssh,0,benign,0
h022,2024-03-03 06:00:00,30,5,8,99001,0.43735600254185963,0,http,0,benign,0
h023,2024-03-03 06:00:00,15,5,6,69935,0.4910970377136605,0,http,0,benign,0
h024,2024-03-03 06:00:00,11,4,6,53735,0.5547708174589464,0,http,0,benign,0
h025,2024-03-03 06:00:00,7,3,4,112204,0.9634667093020639,0,http,0,benign,0
h026,2024-03-03 06:00:00,39,5,8,148003,0.5037359235639973,1,http,0,benign,0
h027,2024-03-03 06:00:00,2,2,2,705,0.22810383965835912,0,dns,0,benign,0
h028,2024-03-03 06:00:00,3,3,3,9770,0.6157032131125783,0,http,0,benign,0
h029,2024-03-03 06:00:00,11,5,5,18058,0.29917682890692937,0,http,0,benign,0
h030,2024-03-03 06:00:00,5,2,4,25903,0.8505141777004941,0,http,0,benign,0
h031,2024-03-03 06:00:00,57,5,8,174783,0.5589758538372565,0,http,0,benign,0
h032,2024-03-03 06:00:00,45,42,21,118613,0.581447159449291,0,other,0,benign,0
h033,2024-03-03 06:00:00,14,4,6,55410,0.6159249699142368,0,http,1,benign,0
h034,2024-03-03 06:00:00,1,1,1,1071,2.182579841160431,0,ssh,0,benign,0
h035,2024-03-03 06:00:00,20,5,7,158710,0.8047006853318404,0,http,0,benign,0
h036,2024-03-03 06:00:00,17,4,6,67459,0.5172419466436103,0,http,0,benign,0
h037,2024-03-03 06:00:00,21,4,8,139880,0.7459540698121936,0,http,0,benign,0
h038,2024-03-03 06:00:00,10,3,4,35481,0.4151482830634417,0,http,0,benign,0
h039,2024-03-03 06:00:00,36,5,8,119026,0.6394426810097076,0,http,0,benign,0
h040,2024-03-03 06:00:00,31,5,8,108453,1.074718229091178,0,http,0,benign,0
h041,2024-03-03 06:00:00,16,4,7,44997,0.6487057413200826,0,http,0,benign,0
h042,2024-03-03 06:00:00,3,3,3,12554,0.42378598084218444,0,http,0,benign,0
h043,2024-03-03 06:00:00,41,39,28,111715,0.5497387000749006,0,other,1,benign,0
h044,2024-03-03 06:00:00,8,3,4,80494,1.2871508867460275,0,http,0,benign,0
h045,2024-03-03 06:00:00,3,2,3,47435,0.6484880186901342,0,dns,0,benign,0
h046,2024-03-03 06:00:00,10,4,7,48106,0.6590005931502055,0,http,0,benign,0
h047,2024-03-03 06:00:00,29,4,8,52824,0.38695890940585065,0,http,0,benign,0
h048,2024-03-03 06:00:00,8,3,6,13190,0.2786082565064608,0,http,0,benign,0
h049,2024-03-03 06:00:00,43,41,28,143991,1.0077573227264323,0,other,0,benign,0
h050,2024-03-03 06:00:00,7,2,4,48058,1.2365638361365945,0,http,0,benign,0
h051,2024-03-03 06:00:00,3,2,3,2625,0.6878502090742623,0,http,0,benign,0
h052,2024-03-03 06:00:00,2,2,2,1475,0.3116080142467855,0,ssh,0,benign,0
h053,2024-03-03 06:00:00,18,4,7,56832,0.5574075081119672,0,http,0,benign,0
h054,2024-03-03 06:00:00,26,5,8,53941,0.7034718235907846,0,http,0,benign,0
h055,2024-03-03 06:00:00,5,3,3,11849,0.8748560700539121,0,http,0,benign,0
h056,2024-03-03 06:00:00,5,3,4,11975,0.3230362445836902,0,http,0,benign,0
h057,2024-03-03 06:00:00,7,4,4,95558,0.6813733055914583,0,http,0,benign,0
h058,2024-03-03 06:00:00,11,5,8,23435,0.634603935721054,1,http,0,benign,0
h059,2024-03-03 06:00:00,4,2,4,31742,0.814291473320159,0,http,0,benign,0
h000,2024-03-03 07:00:00,6,2,2,2568453,38.87498124934163,0,http,0,benign,0
h001,2024-03-03 07:00:00,18,4,7,59227,0.7465895336649812,0,http,0,benign,0
h002,2024-03-03 07:00:00,22,5,7,162785,0.7021791128812296,0,http,0,benign,0
h003,2024-03-03 07:00:00,11,3,6,52323,0.6991914657113468,0,http,0,benign,0
h004,2024-03-03 07:00:00,9,3,6,32562,0.5712468605662757,0,http,0,benign,0
h005,2024-03-03 07:00:00,31,5,8,118618,0.6097524495202461,0,http,0,benign,0
h006,2024-03-03 07:00:00,4,2,4,3500,0.6157827534068162,0,http,0,benign,0
h007,2024-03-03 07:00:00,10,3,8,87205,0.7768229140185504,0,http,0,benign,0
h008,2024-03-03 07:00:00,45,4,8,132555,0.7504503285245613,0,http,0,benign,0
h009,2024-03-03 07:00:00,7,3,6,21502,0.40911229148697636,0,http,0,benign,0
h010,2024-03-03 07:00:00,11,5,5,46854,0.6378848110188854,0,http,0,benign,0
h011,2024-03-03 07:00:00,29,5,8,110959,0.4503422392994801,1,http,0,benign,0
h012,2024-03-03 07:00:00,6,2,3,19275,0.5105026582499607,0,http,0,benign,0
h013,2024-03-03 07:00:00,3,2,3,45979,0.17390963283496874,0,http,0,benign,0
h014,2024-03-03 07:00:00,14,4,6,100837,0.6999967837260055,0,http,0,benign,0
h015,2024-03-03 07:00:00,27,5,8,77054,0.528754897547862,1,http,0,benign,0
h016,2024-03-03 07:00:00,2,1,1,1722560,22.17596572819194,0,ssh,1,exfil,1
h017,2024-03-03 07:00:00,15,4,8,55649,0.5594789344534676,0,http,0,benign,0
h018,2024-03-03 07:00:00,11,4,7,57527,0.34548445529491584,0,http,0,benign,0
h019,2024-03-03 07:00:00,14,5,7,76570,0.507891958787014,0,http,0,benign,0
h020,2024-03-03 07:00:00,11,4,6,43328,0.7023759410590641,0,http,0,benign,0
h021,2024-03-03 07:00:00,27,5,7,138156,0.894796805312684,0,http,0,benign,0
h022,2024-03-03 07:00:00,8,5,6,21899,0.4161200512177944,0,http,0,benign,0
h023,2024-03-03 07:00:00,9,5,7,38206,0.4464214619152789,1,http,0,benign,0
h024,2024-03-03 07:00:00,13,5,7,63716,0.8513912312074958,0,http,0,benign,0
h025,2024-03-03 07:00:00,9,4,4,33951,0.5264441472404457,0,http,0,benign,0
h026,2024-03-03 07:00:00,21,4,8,46589,0.7619449576874431,0,http,0,benign,0
h027,2024-03-03 07:00:00,50,45,23,207415,0.530425475549075,0,other,1,benign,0
h028,2024-03-03 07:00:00,13,5,6,31426,0.3881540872100103,0,http,0,benign,0
h029,2024-03-03 07:00:00,44,41,26,166068,0.6751008488076864,0,other,0,benign,0
h030,2024-03-03 07:00:00,68,1,3,10725,0.3164684650713305,52,ssh,0,benign,0
h031,2024-03-03 07:00:00,10,4,5,27113,0.7311006749137724,0,http,0,benign,0
h032,2024-03-03 07:00:00,1,1,1,461,1.901964741429502,0,http,0,benign,0
h033,2024-03-03 07:00:00,13,4,5,52758,0.7249517938685967,0,http,0,benign,0
h034,2024-03-03 07:00:00,2,2,2,941965,5.660595373426325,0,ssh,0,benign,0
h035,2024-03-03 07:00:00,3,2,3,1006,0.3041454170117196,0,http,0,benign,0
h036,2024-03-03 07:00:00,22,4,8,92007,0.5184015594308976,0,http,0,benign,0
h037,2024-03-03 07:00:00,5,2,1,874545,19.604066779035065,0,ssh,0,benign,0
h038,2024-03-03 07:00:00,10,2,2,3738369,35.380211699773135,0,ssh,0,benign,0
h039,2024-03-03 07:00:00,14,4,6,49799,0.632808840556527,0,http,0,benign,0
h040,2024-03-03 07:00:00,2,2,2,12664,0.19483361028647805,0,http,0,benign,0
h041,2024-03-03 07:00:00,8,4,5,70779,0.6686797161270912,0,http,0,benign,0
h042,2024-03-03 07:00:00,14,5,7,80160,0.5459722242571629,0,http,0,benign,0
h043,2024-03-03 07:00:00,4,2,1,1697111,32.201217472938794,0,ssh,1,exfil,1
h044,2024-03-03 07:00:00,9,4,6,71531,0.4982384677268624,0,http,0,benign,0
h045,2024-03-03 07:00:00,6,3,4,15190,0.23908193867764482,0,http,0,benign,0
h046,2024-03-03 07:00:00,52,49,28,127692,0.647513373018005,0,other,0,benign,0
h047,2024-03-03 07:00:00,2,2,2,2634,0.350351600387673,0,http,0,benign,0
h048,2024-03-03 07:00:00,11,5,7,93317,0.38820275623155814,0,http,0,benign,0
h049,2024-03-03 07:00:00,16,5,7,77272,0.35428939766181744,0,http,0,benign,0
h050,2024-03-03 07:00:00,43,1,3,6647,0.21175398598787767,35,ssh,1,bruteforce,1
h051,2024-03-03 07:00:00,2,2,1,8630,0.4894793747445567,0,http,0,benign,0
h052,2024-03-03 07:00:00,26,5,7,82680,0.5265108288803163,0,http,0,benign,0
h053,2024-03-03 07:00:00,11,4,8,28938,0.46059937647156096,0,http,0,benign,0
h054,2024-03-03 07:00:00,18,4,6,32735,0.9626589219835551,0,http,0,benign,0
h055,2024-03-03 07:00:00,13,5,7,125739,0.37136579533975306,0,http,0,benign,0
h056,2024-03-03 07:00:00,11,4,7,63769,0.2692424749856737,0,http,0,benign,0
h057,2024-03-03 07:00:00,2,2,2,26590,0.32617067339084793,0,http,0,benign,0
h058,2024-03-03 07:00:00,18,4,8,81732,0.7002008122397739,0,http,0,benign,0
h059,2024-03-03 07:00:00,5,3,4,6631,0.30519912472703437,0,http,0,benign,0
h000,2024-03-03 08:00:00,3,2,2,2576,0.6315105739821663,0,http,0,benign,0
h001,2024-03-03 08:00:00,4,3,4,33202,0.5331049904732543,0,http,0,benign,0
h002,2024-03-03 08:00:00,9,3,6,18185,0.6586680442537564,0,http,0,benign,0
h003,2024-03-03 08:00:00,2,2,1,305561,6.762592743013521,0,http,0,benign,0
h004,2024-03-03 08:00:00,10,5,6,36617,0.5119901937319911,0,http,1,benign,0
h005,2024-03-03 08:00:00,16,4,8,275526,0.8349725153960094,0,http,0,benign,0
h006,2024-03-03 08:00:00,48,44,29,167344,0.48053441874294117,0,other,0,benign,0
h007,2024-03-03 08:00:00,57,56,28,147478,0.4738261088983667,0,other,0,benign,0
h008,2024-03-03 08:00:00,3,2,2,40357,0.4017385637376259,0,ssh,0,benign,0
h009,2024-03-03 08:00:00,7,4,5,25581,1.0094550551495398,0,http,0,benign,0
h010,2024-03-03 08:00:00,8,2,2,2674420,12.56253413145343,0,ssh,0,benign,0
h011,2024-03-03 08:00:00,6,2,2,2930725,20.9125594693844,0,ssh,0,benign,0
h012,2024-03-03 08:00:00,46,1,3,7147,0.2437579471060284,37,ssh,1,bruteforce,1
h013,2024-03-03 08:00:00,60,55,30,221311,0.5369251218309545,0,other,0,benign,0
h014,2024-03-03 08:00:00,12,4,7,56067,0.3587858122274812,0,http,0,benign,0
h015,2024-03-03 08:00:00,48,43,29,139737,0.5688695159474334,0,other,0,benign,0
h016,2024-03-03 08:00:00,13,4,6,29003,0.5770865268668852,1,http,0,benign,0
h017,2024-03-03 08:00:00,17,4,7,82461,0.4942042223094086,1,http,0,benign,0
h018,2024-03-03 08:00:00,6,2,4,23450,0.989236956540137,0,http,0,benign,0
h019,2024-03-03 08:00:00,34,5,8,230222,0.6056722862302049,0,http,0,benign,0
h020,2024-03-03 08:00:00,12,5,6,34780,0.4573009614294485,0,http,0,benign,0
h021,2024-03-03 08:00:00,6,2,4,21472,0.4680965556082844,0,http,0,benign,0
h022,2024-03-03 08:00:00,14,4,8,29278,0.4733667727396665,1,http,0,benign,0
h023,2024-03-03 08:00:00,48,46,27,155589,0.6260831039308963,0,other,0,benign,0
h024,2024-03-03 08:00:00,81,76,54,4993,0.05381970304613211,0,other,1,portscan,1
h025,2024-03-03 08:00:00,16,5,7,36466,0.9442572872071262,0,http,0,benign,0
h026,2024-03-03 08:00:00,69,1,3,10941,0.23361700199084748,64,ssh,0,benign,0
h027,2024-03-03 08:00:00,19,4,8,55776,0.5314741061609157,1,http,0,benign,0
h028,2024-03-03 08:00:00,4,2,2,1400979,25.61224968102166,0,http,0,benign,0
h029,2024-03-03 08:00:00,9,5,7,17754,0.43555637042250367,0,http,0,benign,0
h030,2024-03-03 08:00:00,28,4,8,100347,0.64834610739995,0,http,0,benign,0
h031,2024-03-03 08:00:00,7,4,5,7754,0.3166909981463533,0,http,0,benign,0
h032,2024-03-03 08:00:00,29,4,8,136488,0.4293572807086218,0,http,0,benign,0
h033,2024-03-03 08:00:00,6,2,2,2469947,11.736010016194511,0,http,0,benign,0
h034,2024-03-03 08:00:00,5,2,2,1318157,20.085505701572153,0,http,0,benign,0
h035,2024-03-03 08:00:00,15,3,7,57792,0.3324448241781232,0,http,0,benign,0
h036,2024-03-03 08:00:00,10,3,7,22471,0.6085823463945853,1,http,0,benign,0
h037,2024-03-03 08:00:00,95,91,65,6355,0.05871301874882368,0,other,1,portscan,1
h038,2024-03-03 08:00:00,13,5,6,67043,0.6290322956503261,0,http,0,benign,0
h039,2024-03-03 08:00:00,17,5,7,41596,0.4748674294630937,0,http,0,benign,0
h040,2024-03-03 08:00:00,10,4,5,48642,0.7748781592281374,1,http,0,benign,0
h041,2024-03-03 08:00:00,26,4,8,53375,0.8178751585767503,0,http,0,benign,0
h042,2024-03-03 08:00:00,8,4,4,17461,0.7664680531960971,0,http,0,benign,0
h043,2024-03-03 08:00:00,41,5,8,173616,0.5126088615716051,0,http,0,benign,0
h044,2024-03-03 08:00:00,26,4,7,88796,0.3862838495921689,1,http,0,benign,0
h045,2024-03-03 08:00:00,10,4,6,45119,0.7850506117953389,0,http,0,benign,0
h046,2024-03-03 08:00:00,27,5,8,116765,0.6251819342971632,1,http,0,benign,0
h047,2024-03-03 08:00:00,2,2,1,2284,0.708484910048071,0,http,0,benign,0
h048,2024-03-03 08:00:00,6,4,5,13562,0.2991689473935821,0,http,0,benign,0
h049,2024-03-03 08:00:00,11,4,6,24939,0.40272893951036,0,http,0,benign,0
h050,2024-03-03 08:00:00,3,2,3,3084,0.8680543393601511,0,ssh,0,benign,0
h051,2024-03-03 08:00:00,9,4,7,19312,0.5512895956436172,0,http,0,benign,0
h052,2024-03-03 08:00:00,10,4,5,33378,0.7112469084210982,0,http,0,benign,0
h053,2024-03-03 08:00:00,28,4,7,160582,0.45766184442694424,0,http,0,benign,0
h054,2024-03-03 08:00:00,31,5,8,93124,0.4096674754359067,0,http,0,benign,0
h055,2024-03-03 08:00:00,22,5,7,77045,0.7334334967072327,0,http,0,benign,0
h056,2024-03-03 08:00:00,35,5,8,113974,0.7870716137450392,1,http,0,benign,0
h057,2024-03-03 08:00:00,16,5,6,47955,0.5518895115910702,0,http,0,benign,0
h058,2024-03-03 08:00:00,14,3,6,49897,0.835060671532163,0,http,0,benign,0
h059,2024-03-03 08:00:00,11,4,6,25040,0.3093539679667839,0,http,0,benign,0
h000,2024-03-03 09:00:00,30,5,8,90445,0.493264050935461,1,http,0,benign,0
h001,2024-03-03 09:00:00,29,4,8,124520,0.5943433735185532,0,http,0,benign,0
h002,2024-03-03 09:00:00,5,3,4,10389,1.7444733385443683,0,http,0,benign,0
h003,2024-03-03 09:00:00,5,2,4,12169,1.289812732971047,0,http,0,benign,0
h004,2024-03-03 09:00:00,12,5,7,26913,0.9733389777198922,0,http,0,benign,0
h005,2024-03-03 09:00:00,35,5,8,225802,0.47707632288619006,0,http,0,benign,0
h006,2024-03-03 09:00:00,124,116,74,9241,0.060353509643468396,0,other,1,portscan,1
h007,2024-03-03 09:00:00,5,2,4,5654,0.7213143703135515,0,http,0,benign,0
h008,2024-03-03 09:00:00,11,4,6,139891,0.5144243765370713,0,http,0,benign,0
h009,2024-03-03 09:00:00,42,1,3,7582,0.22854776638894664,37,ssh,1,bruteforce,1
h010,2024-03-03 09:00:00,12,4,7,25224,0.43281861342966876,1,http,0,benign,0
h011,2024-03-03 09:00:00,120,110,81,7895,0.05783396106693142,0,other,0,benign,0
h012,2024-03-03 09:00:00,5,3,4,12743,0.8256388818354239,0,http,0,benign,0
h013,2024-03-03 09:00:00,19,5,8,55605,0.9070923934061417,0,http,0,benign,0
h014,2024-03-03 09:00:00,28,4,8,228185,0.639350100734531,0,http,0,benign,0
h015,2024-03-03 09:00:00,6,3,3,28579,0.6427207469381176,0,http,0,benign,0
h016,2024-03-03 09:00:00,110,102,75,7024,0.057443110908036554,0,other,1,portscan,1
h017,2024-03-03 09:00:00,7,4,4,12224,1.3618257609708528,0,http,0,benign,0
h018,2024-03-03 09:00:00,4,2,2,14317,0.32106570609284424,0,http,0,benign,0
h019,2024-03-03 09:00:00,6,2,6,35069,0.5601648906113424,0,http,0,benign,0
h020,2024-03-03 09:00:00,18,4,7,68106,0.49164538473996366,0,http,0,benign,0
h021,2024-03-03 09:00:00,10,5,6,92006,0.4348989307124723,0,http,0,benign,0
h022,2024-03-03 09:00:00,48,48,26,170964,0.49835686724502226,0,other,0,benign,0
h023,2024-03-03 09:00:00,19,5,8,60075,0.46282838398835624,1,http,0,benign,0
h024,2024-03-03 09:00:00,8,3,5,36111,1.4730189884179596,0,http,0,benign,0
h025,2024-03-03 09:00:00,30,5,8,99060,0.42133224095551663,1,http,0,benign,0
h026,2024-03-03 09:00:00,8,3,6,45948,0.4662385788441944,1,http,0,benign,0
h027,2024-03-03 09:00:00,6,2,4,14287,0.5227891028608703,1,http,0,benign,0
h028,2024-03-03 09:00:00,37,5,8,125696,0.5416134179033043,0,http,0,benign,0
h029,2024-03-03 09:00:00,7,3,4,43772,0.23138161972982121,0,http,0,benign,0
h030,2024-03-03 09:00:00,20,4,8,104261,0.4268824111985988,0,http,0,benign,0
h031,2024-03-03 09:00:00,17,5,7,32938,0.6476959274355414,1,http,0,benign,0
h032,2024-03-03 09:00:00,14,4,8,68186,0.5380977895223162,0,http,0,benign,0
h033,2024-03-03 09:00:00,12,3,7,37169,0.5366344486017565,0,http,0,benign,0
h034,2024-03-03 09:00:00,8,4,7,67123,0.36841039208842175,0,http,1,benign,0
h035,2024-03-03 09:00:00,7,2,2,2532966,9.472921098387284,0,ssh,0,benign,0
h036,2024-03-03 09:00:00,11,4,6,56666,0.2708708454047399,0,http,0,benign,0
h037,2024-03-03 09:00:00,5,2,1,4183539,22.89691128778862,0,ssh,0,benign,0
h038,2024-03-03 09:00:00,6,3,5,20597,0.556065508278439,0,http,0,benign,0
h039,2024-03-03 09:00:00,2,1,2,31497,0.27941256726508856,0,dns,0,benign,0
h040,2024-03-03 09:00:00,20,4,7,95500,0.5179526286149679,1,http,0,benign,0
h041,2024-03-03 09:00:00,22,4,8,55392,0.6628952946053378,0,http,0,benign,0
h042,2024-03-03 09:00:00,12,3,7,27034,0.6841828846843052,0,http,0,benign,0
h043,2024-03-03 09:00:00,12,5,6,104643,0.4161398671844348,0,http,0,benign,0
h044,2024-03-03 09:00:00,6,3,4,16833,0.383540354966144,0,http,0,benign,0
h045,2024-03-03 09:00:00,17,4,7,71492,0.4824305595393818,0,http,0,benign,0
h046,2024-03-03 09:00:00,22,5,7,67560,0.8056375862235442,0,http,0,benign,0
h047,2024-03-03 09:00:00,3,3,2,24665,0.5188911057271874,1,http,0,benign,0
h048,2024-03-03 09:00:00,22,5,8,54937,0.4921178924290133,0,http,1,benign,0
h049,2024-03-03 09:00:00,10,4,6,87143,1.2228609483123194,0,http,0,benign,0
h050,2024-03-03 09:00:00,29,5,8,137942,0.8086612715121607,0,http,0,benign,0
h051,2024-03-03 09:00:00,5,4,3,45629,1.0165825851333317,1,http,0,benign,0
h052,2024-03-03 09:00:00,25,5,8,73977,0.45857032634350275,0,http,0,benign,0
h053,2024-03-03 09:00:00,17,4,8,49704,0.39278633860589307,0,http,0,benign,0
h054,2024-03-03 09:00:00,3,2,2,11304,0.6018728528612912,0,http,0,benign,0
h055,2024-03-03 09:00:00,2,1,2,7256,0.3418466551675341,0,http,0,benign,0
h056,2024-03-03 09:00:00,9,4,5,36029,1.0864887437582451,0,http,0,benign,0
h057,2024-03-03 09:00:00,1,1,1,627483,50.602099293002,0,http,1,exfil,1
h058,2024-03-03 09:00:00,10,3,5,93259,0.7699209341285203,0,dns,0,benign,0
h059,2024-03-03 09:00:00,1,1,1,3943,0.5160982583823864,0,http,0,benign,0
h000,2024-03-03 10:00:00,26,4,8,81368,0.4262903856596078,1,http,0,benign,0
h001,2024-03-03 10:00:00,2,2,2,1487,0.6087278991568132,0,dns,0,benign,0
h002,2024-03-03 10:00:00,17,5,8,56517,0.5897056076787344,0,http,0,benign,0
h003,2024-03-03 10:00:00,50,49,30,136911,0.4947484077831068,0,other,0,benign,0
h004,2024-03-03 10:00:00,3,2,3,6312,1.040043152506735,0,http,0,benign,0
h005,2024-03-03 10:00:00,8,3,5,18440,0.6496193770409849,0,http,0,benign,0
h006,2024-03-03 10:00:00,131,121,91,8741,0.05107028678498705,0,other,1,portscan,1
h007,2024-03-03 10:00:00,17,4,6,45373,0.3296757654301017,0,http,0,benign,0
h008,2024-03-03 10:00:00,10,3,6,37431,0.5319569954902248,0,http,1,benign,0
h009,2024-03-03 10:00:00,8,4,6,43286,0.9046544973394899,0,http,0,benign,0
h010,2024-03-03 10:00:00,77,70,52,4763,0.05286937461373682,0,other,1,portscan,1
h011,2024-03-03 10:00:00,42,41,28,92346,0.5169106641507356,0,other,0,benign,0
h012,2024-03-03 10:00:00,8,3,4,38816,0.5888725095632047,0,http,0,benign,0
h013,2024-03-03 10:00:00,21,5,8,110676,0.6317508674700364,1,http,0,benign,0
h014,2024-03-03 10:00:00,16,5,7,41392,0.755412091779251,0,http,0,benign,0
h015,2024-03-03 10:00:00,7,3,5,25537,0.480385081490516,1,dns,1,benign,0
h016,2024-03-03 10:00:00,6,3,5,16998,0.40008719832917833,0,http,0,benign,0
h017,2024-03-03 10:00:00,3,2,3,83057,0.4981104982579841,0,dns,0,benign,0
h018,2024-03-03 10:00:00,15,4,7,36999,0.6503463427344247,0,http,0,benign,0
h019,2024-03-03 10:00:00,29,4,8,137876,0.551459710426188,1,http,0,benign,0
h020,2024-03-03 10:00:00,13,5,5,35270,0.6134908840454592,0,http,0,benign,0
h021,2024-03-03 10:00:00,20,5,8,70077,0.4897694433498148,0,http,1,benign,0
h022,2024-03-03 10:00:00,9,3,6,57173,1.2063664879533755,0,http,0,benign,0
h023,2024-03-03 10:00:00,11,3,7,49760,0.7242530323158461,0,http,0,benign,0
h024,2024-03-03 10:00:00,2,2,2,7125,0.22287624902329561,0,dns,0,benign,0
h025,2024-03-03 10:00:00,25,4,8,139327,0.4994660021182038,0,http,0,benign,0
h026,2024-03-03 10:00:00,11,5,7,33871,1.573243157473324,0,http,0,benign,0
h027,2024-03-03 10:00:00,152,139,105,9381,0.055911927955809106,0,other,0,benign,0
h028,2024-03-03 10:00:00,27,5,8,67017,0.5734091907356794,0,http,0,benign,0
h029,2024-03-03 10:00:00,73,1,3,12675,0.23440911211662802,68,ssh,1,bruteforce,1
h030,2024-03-03 10:00:00,8,3,6,20966,0.9421022862469675,1,http,0,benign,0
h031,2024-03-03 10:00:00,13,4,7,82460,0.8374725442327455,0,http,0,benign,0
h032,2024-03-03 10:00:00,4,3,4,7915,0.11239248647387037,0,http,0,benign,0
h033,2024-03-03 10:00:00,56,54,29,166504,0.48181871470602106,0,other,0,benign,0
h034,2024-03-03 10:00:00,48,44,27,107381,0.6460301361413655,0,other,0,benign,0
h035,2024-03-03 10:00:00,10,2,6,19930,0.5041392644287848,0,http,0,benign,0
h036,2024-03-03 10:00:00,17,4,8,65964,0.37625108800698676,0,http,0,benign,0
h037,2024-03-03 10:00:00,51,48,30,139277,0.6078223177361861,0,other,0,benign,0
h038,2024-03-03 10:00:00,8,3,6,19464,0.43330843267494107,0,http,0,benign,0
h039,2024-03-03 10:00:00,20,5,7,66777,0.6854573362245333,0,http,0,benign,0
h040,2024-03-03 10:00:00,9,4,8,33090,1.6156747707134445,0,http,0,benign,0
h041,2024-03-03 10:00:00,17,5,7,83333,0.42962793012279166,0,http,0,benign,0
h042,2024-03-03 10:00:00,10,4,6,36057,0.7250925821305466,0,http,0,benign,0
h043,2024-03-03 10:00:00,16,5,6,49917,0.4678810928349751,0,http,0,benign,0
h044,2024-03-03 10:00:00,18,3,8,45560,0.3889883811541732,0,http,0,benign,0
h045,2024-03-03 10:00:00,15,5,8,101696,0.5268927138756672,0,http,1,benign,0
h046,2024-03-03 10:00:00,3,2,1,2313447,14.920676935945409,0,http,1,exfil,1
h047,2024-03-03 10:00:00,95,88,66,6373,0.05439305466463271,0,other,1,portscan,1
h048,2024-03-03 10:00:00,30,1,3,5561,0.2643291020556313,26,ssh,1,bruteforce,1
h049,2024-03-03 10:00:00,4,2,4,11089,0.550518652220497,0,dns,0,benign,0
h050,2024-03-03 10:00:00,5,2,4,39857,1.1811146252727716,0,http,0,benign,0
h051,2024-03-03 10:00:00,7,4,5,34571,0.5878599344189102,0,http,0,benign,0
h052,2024-03-03 10:00:00,11,4,7,26517,0.589329337719049,0,http,0,benign,0
h053,2024-03-03 10:00:00,1,1,1,313,0.5355097979153489,0,http,0,benign,0
h054,2024-03-03 10:00:00,5,2,1,5190421,17.25503660141186,0,ssh,1,exfil,1
h055,2024-03-03 10:00:00,13,3,6,69997,0.881590843800522,0,http,0,benign,0
h056,2024-03-03 10:00:00,6,5,5,13685,0.915864482954391,0,http,0,benign,0
h057,2024-03-03 10:00:00,14,5,7,32843,0.4129408416401658,0,http,0,benign,0
h058,2024-03-03 10:00:00,8,3,5,11693,0.34450925392934767,0,http,0,benign,0
h059,2024-03-03 10:00:00,21,5,8,134486,0.5935006813406198,0,http,0,benign,0
h000,2024-03-03 11:00:00,44,43,31,127517,0.8105197916817027,0,other,0,benign,0
h001,2024-03-03 11:00:00,15,4,7,144003,0.721891439532602,0,http,0,benign,0
h002,2024-03-03 11:00:00,5,3,4,19728,0.2562636561713164,1,http,0,benign,0
h003,2024-03-03 11:00:00,34,4,8,149000,0.550089299343558,0,http,0,benign,0
h004,2024-03-03 11:00:00,6,4,5,6760,0.5470566649529012,0,http,0,benign,0
h005,2024-03-03 11:00:00,17,3,8,57925,0.5609488023284985,0,http,0,benign,0
h006,2024-03-03 11:00:00,18,3,7,85500,0.7879533542602222,0,http,0,benign,0
h007,2024-03-03 11:00:00,18,5,8,41942,0.8750065773594031,0,http,0,benign,0
h008,2024-03-03 11:00:00,7,4,5,22113,0.7371791302329902,0,http,0,benign,0
h009,2024-03-03 11:00:00,14,5,6,75880,0.3667552729593898,0,http,0,benign,0
h010,2024-03-03 11:00:00,19,4,8,95832,0.6590193346139112,0,http,0,benign,0
h011,2024-03-03 11:00:00,9,5,6,62791,1.10240727730532,0,http,0,benign,0
h012,2024-03-03 11:00:00,6,3,6,239271,0.6225557431073443,0,dns,0,benign,0
h013,2024-03-03 11:00:00,6,5,4,21319,0.4673000005667845,0,http,0,benign,0
h014,2024-03-03 11:00:00,3,1,3,12473,0.33207730084744097,0,http,0,benign,0
h015,2024-03-03 11:00:00,20,5,6,42305,0.5307365269816364,0,http,0,benign,0
h016,2024-03-03 11:00:00,82,1,3,13987,0.26079005689922546,76,ssh,1,bruteforce,1
h017,2024-03-03 11:00:00,39,5,8,140680,0.582053147203609,1,http,0,benign,0
h018,2024-03-03 11:00:00,6,2,6,24169,0.2745550249359486,0,http,0,benign,0
h019,2024-03-03 11:00:00,10,3,7,43078,0.5788016966162287,0,http,0,benign,0
h020,2024-03-03 11:00:00,15,5,8,86973,0.6259120139069895,0,http,0,benign,0
h021,2024-03-03 11:00:00,2,2,2,1314,0.7122862807993804,0,http,1,benign,0
h022,2024-03-03 11:00:00,7,3,5,23014,0.683406105103224,0,http,0,benign,0
h023,2024-03-03 11:00:00,13,4,6,38316,0.5299243982842797,0,http,0,benign,0
h024,2024-03-03 11:00:00,17,4,7,51761,0.46223646309660316,0,http,0,benign,0
h025,2024-03-03 11:00:00,12,4,6,106080,0.6997479017441798,1,http,0,benign,0
h026,2024-03-03 11:00:00,3,2,1,2142699,14.77325503220599,0,http,1,exfil,1
h027,2024-03-03 11:00:00,72,1,3,11504,0.25353745688809215,60,ssh,1,bruteforce,1
h028,2024-03-03 11:00:00,4,4,3,8100,0.8511550373759418,0,http,0,benign,0
h029,2024-03-03 11:00:00,22,5,7,77320,0.6647711327205346,0,http,0,benign,0
h030,2024-03-03 11:00:00,53,48,37,3186,0.0611032995938625,0,other,1,portscan,1
h031,2024-03-03 11:00:00,6,4,5,14920,0.9379923587525401,1,http,0,benign,0
h032,2024-03-03 11:00:00,28,5,8,134824,0.7464448584831525,0,http,0,benign,0
h033,2024-03-03 11:00:00,1,1,1,159,0.21198045382650216,0,dns,0,benign,0
h034,2024-03-03 11:00:00,10,5,6,76056,0.7611537023172017,0,http,0,benign,0
h035,2024-03-03 11:00:00,10,4,5,22784,0.4181443015510446,0,http,0,benign,0
h036,2024-03-03 11:00:00,14,5,7,44146,0.40906732744986696,0,http,0,benign,0
h037,2024-03-03 11:00:00,6,3,5,24959,0.5698579695666296,0,http,0,benign,0
h038,2024-03-03 11:00:00,12,4,7,67128,0.23974578281031336,0,http,0,benign,0
h039,2024-03-03 11:00:00,5,1,2,4439157,25.924478444183386,0,ssh,0,benign,0
h040,2024-03-03 11:00:00,44,41,28,111232,0.6016605156104027,0,other,0,benign,0
h041,2024-03-03 11:00:00,22,4,8,74391,0.6333011133026916,1,http,0,benign,0
h042,2024-03-03 11:00:00,4,3,3,12950,0.5174550480721654,0,http,0,benign,0
h043,2024-03-03 11:00:00,16,5,8,84999,0.5468399913502976,0,http,0,benign,0
h044,2024-03-03 11:00:00,49,1,3,7024,0.2637362863617939,45,ssh,0,benign,0
h045,2024-03-03 11:00:00,7,4,6,26411,0.47063729266170323,0,http,0,benign,0
h046,2024-03-03 11:00:00,2,1,2,1852,0.19086685800328285,0,http,0,benign,0
h047,2024-03-03 11:00:00,7,3,4,31185,0.5983720713936252,0,http,0,benign,0
h048,2024-03-03 11:00:00,13,4,6,26079,0.5162935636770766,0,http,0,benign,0
h049,2024-03-03 11:00:00,12,3,8,48307,0.6667405031005753,0,http,0,benign,0
h050,2024-03-03 11:00:00,12,5,6,34986,0.4105982475578119,0,http,0,benign,0
h051,2024-03-03 11:00:00,10,4,5,49159,0.3065386106363505,0,http,0,benign,0
h052,2024-03-03 11:00:00,10,3,6,38067,0.34731897856340216,0,http,0,benign,0
h053,2024-03-03 11:00:00,12,3,4,58999,0.40277445218392355,0,dns,0,benign,0
h054,2024-03-03 11:00:00,83,78,60,5017,0.06171877481552753,0,other,1,portscan,1
h055,2024-03-03 11:00:00,12,4,8,74930,0.3406223078224236,0,http,0,benign,0
h056,2024-03-03 11:00:00,16,4,7,55782,1.166841019952319,0,http,1,benign,0
h057,2024-03-03 11:00:00,11,3,6,20170,0.3231153495791512,0,http,0,benign,0
h058,2024-03-03 11:00:00,23,5,8,54489,0.42095182652320157,2,http,0,benign,0
h059,2024-03-03 11:00:00,9,4,6,36551,0.42234387598728673,0,http,0,benign,0
h000,2024-03-03 12:00:00,16,4,5,61880,1.1463512131526128,0,http,0,benign,0
h001,2024-03-03 12:00:00,7,2,5,17825,0.39554816295570827,0,http,0,benign,0
h002,2024-03-03 12:00:00,5,3,3,19504,0.2763832313848304,0,ssh,0,benign,0
h003,2024-03-03 12:00:00,13,4,8,39134,0.29356216809573904,1,http,0,benign,0
h004,2024-03-03 12:00:00,3,2,3,6003,0.24377356934010264,1,http,0,benign,0
h005,2024-03-03 12:00:00,69,61,53,4664,0.059671242907262174,0,other,1,portscan,1
h006,2024-03-03 12:00:00,13,4,6,27381,0.5501682511180996,0,http,0,benign,0
h007,2024-03-03 12:00:00,15,3,8,89821,0.712532362384281,0,http,1,benign,0
h008,2024-03-03 12:00:00,4,2,2,2308745,18.012198348227592,0,ssh,0,benign,0
h009,2024-03-03 12:00:00,18,3,7,86986,0.540998132523974,0,http,0,benign,0
h010,2024-03-03 12:00:00,25,4,8,70442,0.2953652021357032,0,http,0,benign,0
h011,2024-03-03 12:00:00,26,4,8,157211,0.6195987393578967,1,http,0,benign,0
h012,2024-03-03 12:00:00,12,4,7,46580,0.41656942176109873,0,http,0,benign,0
h013,2024-03-03 12:00:00,11,4,6,46049,0.5412772088938119,0,http,0,benign,0
h014,2024-03-03 12:00:00,34,5,8,139997,0.6292136983394447,0,http,0,benign,0
h015,2024-03-03 12:00:00,18,4,8,84765,0.31807562646079657,1,http,0,benign,0
h016,2024-03-03 12:00:00,68,61,53,4349,0.05757955359686351,0,other,1,portscan,1
h017,2024-03-03 12:00:00,13,5,7,30779,0.4595913858864282,0,http,0,benign,0
h018,2024-03-03 12:00:00,11,5,6,55473,0.37902120376529636,0,http,0,benign,0
h019,2024-03-03 12:00:00,9,5,5,32673,0.34259033581444387,0,http,0,benign,0
h020,2024-03-03 12:00:00,13,5,7,81084,0.34247934626676824,0,http,0,benign,0
h021,2024-03-03 12:00:00,29,5,8,110743,0.6670461127785373,0,http,0,benign,0
h022,2024-03-03 12:00:00,13,4,7,133674,0.6657421217187337,0,http,0,benign,0
h023,2024-03-03 12:00:00,25,5,8,90557,0.6242088607423358,0,http,0,benign,0
h024,2024-03-03 12:00:00,1,1,1,19105,0.8618787792181879,0,http,0,benign,0
h025,2024-03-03 12:00:00,6,5,4,12350,0.36532154233126407,0,smtp,0,benign,0
h026,2024-03-03 12:00:00,2,2,2,3078,0.3661198911353265,0,dns,0,benign,0
h027,2024-03-03 12:00:00,6,3,4,7071,0.3096301323552999,0,http,0,benign,0
h028,2024-03-03 12:00:00,18,5,8,39237,0.39719529642497137,0,http,0,benign,0
h029,2024-03-03 12:00:00,6,3,3,13449,0.4860681729836194,0,http,0,benign,0
h030,2024-03-03 12:00:00,48,5,8,306798,0.5709310975326809,0,http,0,benign,0
h031,2024-03-03 12:00:00,2,2,2,12721,0.2995190205838413,0,ssh,0,benign,0
h032,2024-03-03 12:00:00,4,3,2,10959,1.509003957446734,0,http,0,benign,0
h033,2024-03-03 12:00:00,85,76,64,6206,0.051525273796263586,0,other,1,portscan,1
h034,2024-03-03 12:00:00,3,1,2,16074,0.3017079881652814,0,http,0,benign,0
h035,2024-03-03 12:00:00,39,5,8,125681,0.5587565441248733,1,http,0,benign,0
h036,2024-03-03 12:00:00,16,5,7,49550,0.579074873023815,0,http,0,benign,0
h037,2024-03-03 12:00:00,4,3,3,20586,0.3033549103496775,0,http,0,benign,0
h038,2024-03-03 12:00:00,15,5,6,104317,0.7489828365576262,0,http,0,benign,0
h039,2024-03-03 12:00:00,19,5,8,78088,0.5179759322520061,1,http,0,benign,0
h040,2024-03-03 12:00:00,2,2,1,348581,8.951505976019106,0,http,0,benign,0
h041,2024-03-03 12:00:00,10,4,7,64089,0.6036379947872221,0,http,0,benign,0
h042,2024-03-03 12:00:00,24,3,8,86473,0.4572780593229186,0,http,0,benign,0
h043,2024-03-03 12:00:00,13,4,8,63295,0.4338621537734252,0,http,0,benign,0
h044,2024-03-03 12:00:00,156,144,105,9447,0.054290612580426154,0,other,1,portscan,1
h045,2024-03-03 12:00:00,42,5,8,104422,0.405178417783402,0,http,0,benign,0
h046,2024-03-03 12:00:00,5,3,3,22309,1.161276564982495,0,http,0,benign,0
h047,2024-03-03 12:00:00,4,2,2,1991850,14.587483721176755,0,http,0,benign,0
h048,2024-03-03 12:00:00,12,4,7,132706,0.9332373059117055,1,http,0,benign,0
h049,2024-03-03 12:00:00,6,3,5,17059,0.4822291260529558,0,http,0,benign,0
h050,2024-03-03 12:00:00,11,3,8,32459,0.6378944103022786,0,http,0,benign,0
h051,2024-03-03 12:00:00,11,3,6,21074,0.2156465445141479,0,http,0,benign,0
h052,2024-03-03 12:00:00,18,5,8,80346,0.7398536730198519,0,http,0,benign,0
h053,2024-03-03 12:00:00,12,5,5,36263,0.33249893713186296,0,http,0,benign,0
h054,2024-03-03 12:00:00,5,3,3,12021,0.4415824844997444,0,http,0,benign,0
h055,2024-03-03 12:00:00,39,5,8,229711,0.5899615142695526,0,http,0,benign,0
h056,2024-03-03 12:00:00,5,4,4,17246,1.5336181913972564,0,http,0,benign,0
h057,2024-03-03 12:00:00,160,148,106,10513,0.058300429518452414,0,other,1,portscan,1
h058,2024-03-03 12:00:00,31,5,8,182150,0.5883970576270555,2,http,0,benign,0
h059,2024-03-03 12:00:00,20,4,7,85327,0.5532039421089723,0,http,0,benign,0
h000,2024-03-03 13:00:00,3,2,3,4122,1.0905193105663402,0,http,0,benign,0
h001,2024-03-03 13:00:00,17,5,7,74221,0.4891380927855188,0,http,0,benign,0
h002,2024-03-03 13:00:00,8,5,6,58460,0.34585249976990784,0,dns,0,benign,0
h003,2024-03-03 13:00:00,32,5,8,136569,0.7094646535930906,1,http,0,benign,0
h004,2024-03-03 13:00:00,3,2,1,5866,0.5393184234075835,0,http,0,benign,0
h005,2024-03-03 13:00:00,31,4,8,99151,0.738111125694843,1,http,0,benign,0
h006,2024-03-03 13:00:00,4,2,2,14263,0.8915829446622376,0,http,0,benign,0
h007,2024-03-03 13:00:00,18,5,7,91459,0.36796073301890386,0,http,0,benign,0
h008,2024-03-03 13:00:00,16,5,8,68019,0.549707537730285,0,http,0,benign,0
h009,2024-03-03 13:00:00,17,5,8,57155,0.5438240105542733,0,http,0,benign,0
h010,2024-03-03 13:00:00,5,4,4,22734,1.4272641448046994,0,http,0,benign,0
h011,2024-03-03 13:00:00,7,3,4,15189,0.6767972583427527,0,http,0,benign,0
h012,2024-03-03 13:00:00,15,5,8,47112,0.6079436367839293,0,http,0,benign,0
h013,2024-03-03 13:00:00,5,4,4,20561,0.3754960666912092,0,http,0,benign,0
h014,2024-03-03 13:00:00,4,4,4,33135,1.0678182847841897,0,http,0,benign,0
h015,2024-03-03 13:00:00,48,43,26,138437,0.7238602626558905,0,other,0,benign,0
h016,2024-03-03 13:00:00,8,3,6,8574,0.9608150946673151,0,http,0,benign,0
h017,2024-03-03 13:00:00,9,3,5,22009,0.71329856268483,0,http,0,benign,0
h018,2024-03-03 13:00:00,23,5,8,58311,0.48605349971365724,0,http,0,benign,0
h019,2024-03-03 13:00:00,8,5,4,19314,1.5444064087516376,0,http,0,benign,0
h020,2024-03-03 13:00:00,17,4,7,41249,0.6833672348091381,0,http,0,benign,0
h021,2024-03-03 13:00:00,26,5,7,64401,0.5500075278234047,0,http,1,benign,0
h022,2024-03-03 13:00:00,13,4,7,85221,0.6687302583385886,0,http,0,benign,0
h023,2024-03-03 13:00:00,14,4,5,41878,0.5683677750652103,1,http,0,benign,0
h024,2024-03-03 13:00:00,8,4,7,18097,0.7046709245595371,0,http,0,benign,0
h025,2024-03-03 13:00:00,10,2,5,50548,0.9236322829334995,0,http,0,benign,0
h026,2024-03-03 13:00:00,134,126,93,7804,0.05595667372860832,0,other,1,portscan,1
h027,2024-03-03 13:00:00,4,2,1,1797908,16.31696174159774,0,http,0,benign,0
h028,2024-03-03 13:00:00,3,1,1,364816,42.39530303938206,0,http,1,exfil,1
h029,2024-03-03 13:00:00,9,3,5,21234,0.3732369217567868,0,http,0,benign,0
h030,2024-03-03 13:00:00,15,5,7,86149,0.6134917649526634,0,http,0,benign,0
h031,2024-03-03 13:00:00,33,4,8,124241,0.675403738918587,0,http,0,benign,0
h032,2024-03-03 13:00:00,23,5,7,84575,0.5635782759985238,0,http,0,benign,0
h033,2024-03-03 13:00:00,4,3,3,8591,0.5035471468307423,0,http,0,benign,0
h034,2024-03-03 13:00:00,2,2,1,1764152,10.917091182782872,0,ssh,1,exfil,1
h035,2024-03-03 13:00:00,14,4,6,23854,0.6979003771433071,0,http,0,benign,0
h036,2024-03-03 13:00:00,8,3,4,20228,0.8462210467762878,1,http,0,benign,0
h037,2024-03-03 13:00:00,6,4,5,16658,0.38315900542848635,0,http,0,benign,0
h038,2024-03-03 13:00:00,7,4,5,26968,0.5852896214535012,0,dns,0,benign,0
h039,2024-03-03 13:00:00,12,3,6,23693,0.8268130618007307,0,http,0,benign,0
h040,2024-03-03 13:00:00,3,2,3,12012,0.565974627187181,0,ssh,0,benign,0
h041,2024-03-03 13:00:00,3,2,3,2948,1.0046915223366601,0,http,0,benign,0
h042,2024-03-03 13:00:00,14,4,6,94140,0.4103595758965274,0,http,0,benign,0
h043,2024-03-03 13:00:00,11,3,7,27643,0.5108963133656018,0,http,0,benign,0
h044,2024-03-03 13:00:00,50,46,26,118189,0.5343197292653651,0,other,0,benign,0
h045,2024-03-03 13:00:00,3,3,3,9655,0.28249279864674076,0,http,0,benign,0
h046,2024-03-03 13:00:00,7,3,5,15631,0.3997892262503404,1,http,0,benign,0
h047,2024-03-03 13:00:00,15,4,7,63861,0.32618613415387976,0,http,1,benign,0
h048,2024-03-03 13:00:00,55,48,30,164184,0.596543128063904,0,other,0,benign,0
h049,2024-03-03 13:00:00,7,3,3,17100,0.431011544037792,0,http,0,benign,0
h050,2024-03-03 13:00:00,10,3,5,52411,0.34597171649095637,0,http,0,benign,0
h051,2024-03-03 13:00:00,5,2,1,1871105,28.401859737492607,0,ssh,1,exfil,1
h052,2024-03-03 13:00:00,18,5,8,121733,0.3658510460580413,0,http,0,benign,0
h053,2024-03-03 13:00:00,54,51,30,119802,0.6361954381267938,0,other,0,benign,0
h054,2024-03-03 13:00:00,14,4,6,169469,1.130222865415073,0,http,0,benign,0
h055,2024-03-03 13:00:00,2,2,2,3051,0.3676922808544053,0,ssh,0,benign,0
h056,2024-03-03 13:00:00,2,1,2,7493,1.1152106178000913,0,http,0,benign,0
h057,2024-03-03 13:00:00,6,3,5,9073,0.6638788263706482,0,http,0,benign,0
h058,2024-03-03 13:00:00,15,3,8,93300,0.426048112218466,0,http,0,benign,0
h059,2024-03-03 13:00:00,3,2,2,10694,0.7208283912418016,0,http,0,benign,0
h000,2024-03-03 14:00:00,15,5,7,76655,0.6342931218021176,1,http,0,benign,0
h001,2024-03-03 14:00:00,62,57,42,3868,0.05655795758789107,0,other,1,portscan,1
h002,2024-03-03 14:00:00,22,4,8,93449,0.5526234365785654,2,http,0,benign,0
h003,2024-03-03 14:00:00,3,2,3,11625,0.5905204603605791,0,http,0,benign,0
h004,2024-03-03 14:00:00,25,4,7,87910,0.611160639792508,2,http,0,benign,0
h005,2024-03-03 14:00:00,21,5,8,67463,0.4040989012989445,1,http,0,benign,0
h006,2024-03-03 14:00:00,18,4,8,56585,0.7685568077337307,1,http,0,benign,0
h007,2024-03-03 14:00:00,29,5,8,97565,0.6504161303955011,0,http,0,benign,0
h008,2024-03-03 14:00:00,14,5,8,46399,0.2646625049313215,1,http,0,benign,0
h009,2024-03-03 14:00:00,3,3,2,1221,0.9906393937443071,0,http,0,benign,0
h010,2024-03-03 14:00:00,6,2,2,2389147,26.386043761251685,0,http,0,benign,0
h011,2024-03-03 14:00:00,1,1,1,4955,0.18193279871564902,0,http,0,benign,0
h012,2024-03-03 14:00:00,20,5,8,46745,0.5942913221082833,0,http,0,benign,0
h013,2024-03-03 14:00:00,45,43,25,107316,0.4563318673743584,0,other,0,benign,0
h014,2024-03-03 14:00:00,17,4,6,82917,0.3680310967566866,0,http,0,benign,0
h015,2024-03-03 14:00:00,10,5,6,55319,0.36800680561481264,0,http,0,benign,0
h016,2024-03-03 14:00:00,7,2,2,1764542,24.159662206520093,0,ssh,0,benign,0
h017,2024-03-03 14:00:00,2,2,1,3110,0.6109871528771454,0,dns,0,benign,0
h018,2024-03-03 14:00:00,8,3,4,25435,0.3624379636603196,0,http,0,benign,0
h019,2024-03-03 14:00:00,1,1,1,595,0.44249532114861684,0,dns,0,benign,0
h020,2024-03-03 14:00:00,9,4,5,29097,0.40618241788547865,0,http,0,benign,0
h021,2024-03-03 14:00:00,4,2,1,2911574,28.691760813179567,0,ssh,1,exfil,1
h022,2024-03-03 14:00:00,21,4,7,135725,0.699890608204519,0,http,0,benign,0
h023,2024-03-03 14:00:00,12,4,8,25281,0.6029416954639063,1,http,0,benign,0
h024,2024-03-03 14:00:00,4,2,3,6237,0.3696288889380783,0,dns,0,benign,0
h025,2024-03-03 14:00:00,50,48,27,116001,0.6482453410310246,0,other,0,benign,0
h026,2024-03-03 14:00:00,50,1,3,7578,0.22701640141654497,41,ssh,1,bruteforce,1
h027,2024-03-03 14:00:00,2,1,2,11236,0.25951209075911097,0,http,0,benign,0
h028,2024-03-03 14:00:00,14,4,7,48261,0.45821428804037756,0,http,0,benign,0
h029,2024-03-03 14:00:00,26,5,8,167182,0.5825506511346901,0,http,0,benign,0
h030,2024-03-03 14:00:00,17,5,5,73148,0.5127507834852727,0,http,0,benign,0
h031,2024-03-03 14:00:00,3,2,3,11409,2.4380767068968914,0,http,0,benign,0
h032,2024-03-03 14:00:00,12,4,7,38269,0.3838785981795567,0,http,0,benign,0
h033,2024-03-03 14:00:00,12,4,6,52552,0.3809060255558568,0,http,0,benign,0
h034,2024-03-03 14:00:00,8,3,5,71437,0.6403217481170058,0,http,1,benign,0
h035,2024-03-03 14:00:00,24,4,8,59619,1.6671106118038372,0,http,0,benign,0
h036,2024-03-03 14:00:00,10,5,7,22432,0.5213642545658905,0,http,0,benign,0
h037,2024-03-03 14:00:00,16,5,7,55487,0.7349262545930001,0,http,0,benign,0
h038,2024-03-03 14:00:00,6,3,5,17948,0.8277988068754031,0,http,0,benign,0
h039,2024-03-03 14:00:00,17,4,8,51257,0.5551650146608754,0,http,0,benign,0
h040,2024-03-03 14:00:00,20,5,7,52424,0.5535272279153342,0,http,0,benign,0
h041,2024-03-03 14:00:00,4,3,2,16657,0.42012827609345293,0,http,0,benign,0
h042,2024-03-03 14:00:00,12,4,4,116313,0.5901628641547889,0,http,0,benign,0
h043,2024-03-03 14:00:00,7,4,5,25037,1.3187833615271334,0,http,0,benign,0
h044,2024-03-03 14:00:00,7,3,3,23680,0.39832200423417063,0,http,0,benign,0
h045,2024-03-03 14:00:00,9,4,5,44753,0.5181126854847575,0,http,0,benign,0
h046,2024-03-03 14:00:00,4,2,2,911462,18.986635524625846,0,http,0,benign,0
h047,2024-03-03 14:00:00,8,3,5,19649,0.6146751290310087,0,http,0,benign,0
h048,2024-03-03 14:00:00,10,3,5,25643,0.5229698296239664,0,http,0,benign,0
h049,2024-03-03 14:00:00,45,5,8,157010,0.8543274708629549,0,http,0,benign,0
h050,2024-03-03 14:00:00,18,4,6,54801,0.6993966507079623,1,http,0,benign,0
h051,2024-03-03 14:00:00,12,4,7,79952,0.5898733554156586,0,http,0,benign,0
h052,2024-03-03 14:00:00,17,4,7,35799,0.5191621694982562,0,http,0,benign,0
h053,2024-03-03 14:00:00,10,5,6,22239,0.37116360979768254,1,http,0,benign,0
h054,2024-03-03 14:00:00,8,4,5,28116,0.5457894452073654,0,http,0,benign,0
h055,2024-03-03 14:00:00,3,2,3,3234,0.29551252404675393,0,http,0,benign,0
h056,2024-03-03 14:00:00,32,5,8,163265,0.5317348424573682,0,http,0,benign,0
h057,2024-03-03 14:00:00,62,1,3,10254,0.2714749226432328,58,ssh,1,bruteforce,1
h058,2024-03-03 14:00:00,16,4,7,50809,0.7129861040066744,0,http,0,benign,0
h059,2024-03-03 14:00:00,5,2,3,7480,0.2859206511838529,0,http,0,benign,0
h000,2024-03-03 15:00:00,7,3,4,27305,0.43847276502064325,0,http,0,benign,0
h001,2024-03-03 15:00:00,56,52,29,158832,0.5989342138713758,0,other,0,benign,0
h002,2024-03-03 15:00:00,10,2,2,2794403,16.674652114684513,0,http,0,benign,0
h003,2024-03-03 15:00:00,3,3,3,3792,0.5032461465657877,0,http,0,benign,0
h004,2024-03-03 15:00:00,15,4,7,40640,0.5123244426627904,0,http,0,benign,0
h005,2024-03-03 15:00:00,5,3,5,43854,0.9601382975996382,0,http,0,benign,0
h006,2024-03-03 15:00:00,50,45,28,123745,0.48180190520684607,0,other,0,benign,0
h007,2024-03-03 15:00:00,4,3,4,28332,0.47566851913096225,0,http,0,benign,0
h008,2024-03-03 15:00:00,2,1,2,6351,0.4253771531911798,0,http,0,benign,0
h009,2024-03-03 15:00:00,115,107,77,8095,0.05606552101115734,0,other,1,portscan,1
h010,2024-03-03 15:00:00,27,4,8,85593,0.5115219204448315,0,http,0,benign,0
h011,2024-03-03 15:00:00,6,2,3,26333,0.35401903533962126,0,http,0,benign,0
h012,2024-03-03 15:00:00,9,3,7,54625,0.5755440754693864,0,http,0,benign,0
h013,2024-03-03 15:00:00,31,5,8,114462,0.43365190549195864,0,http,0,benign,0
h014,2024-03-03 15:00:00,16,5,5,66469,0.7292453197276909,0,http,0,benign,0
h015,2024-03-03 15:00:00,19,4,8,56262,0.445334321005168,1,http,0,benign,0
h016,2024-03-03 15:00:00,52,50,29,138326,0.6772286343342018,0,other,0,benign,0
h017,2024-03-03 15:00:00,8,4,5,46953,0.798003292432467,0,http,0,benign,0
h018,2024-03-03 15:00:00,22,5,8,61854,0.6210099461841997,0,http,0,benign,0
h019,2024-03-03 15:00:00,3,2,1,6613858,15.987104617927512,0,http,1,exfil,1
h020,2024-03-03 15:00:00,23,5,8,149823,0.7399644287881835,0,http,0,benign,0
h021,2024-03-03 15:00:00,7,5,6,21446,0.5607745765587218,0,http,0,benign,0
h022,2024-03-03 15:00:00,9,4,8,39144,0.4629687707196801,1,http,0,benign,0
h023,2024-03-03 15:00:00,14,5,8,57300,0.7017669648278064,0,http,0,benign,0
h024,2024-03-03 15:00:00,5,4,4,6833,0.7744325622667901,0,http,0,benign,0
h025,2024-03-03 15:00:00,23,5,8,52021,0.5755553822466497,0,http,0,benign,0
h026,2024-03-03 15:00:00,17,4,8,41707,0.5205283489377046,0,http,0,benign,0
h027,2024-03-03 15:00:00,8,4,5,15588,0.8408371874555108,0,http,0,benign,0
h028,2024-03-03 15:00:00,8,2,2,3322125,10.189216346704011,0,ssh,0,benign,0
h029,2024-03-03 15:00:00,5,4,4,18506,0.7509105319997562,0,dns,0,benign,0
h030,2024-03-03 15:00:00,8,4,3,24085,0.5189030116811716,0,http,0,benign,0
h031,2024-03-03 15:00:00,16,4,7,85881,0.5510404417966119,1,http,0,benign,0
h032,2024-03-03 15:00:00,11,4,6,57030,0.28661119275115027,0,http,0,benign,0
h033,2024-03-03 15:00:00,13,4,5,66632,1.0495938113882965,1,http,0,benign,0
h034,2024-03-03 15:00:00,14,4,8,32921,1.2923458122377391,0,http,0,benign,0
h035,2024-03-03 15:00:00,15,5,7,29521,0.45788895608096974,0,http,0,benign,0
h036,2024-03-03 15:00:00,12,5,7,51241,0.47324579428371055,0,http,0,benign,0
h037,2024-03-03 15:00:00,10,4,7,24103,0.6644607105897504,1,http,0,benign,0
h038,2024-03-03 15:00:00,22,5,6,233610,0.8154770813322444,0,http,0,benign,0
h039,2024-03-03 15:00:00,3,1,3,562,0.3972568501959912,0,http,0,benign,0
h040,2024-03-03 15:00:00,48,44,28,178270,0.7754533575549344,0,other,0,benign,0
h041,2024-03-03 15:00:00,6,2,2,751611,12.562476226005137,0,ssh,0,benign,0
h042,2024-03-03 15:00:00,12,3,7,19514,0.48339036178599887,0,http,0,benign,0
h043,2024-03-03 15:00:00,3,1,2,735685,35.793196595564574,0,ssh,0,benign,0
h044,2024-03-03 15:00:00,8,3,6,31989,0.3681351942899722,0,http,0,benign,0
h045,2024-03-03 15:00:00,21,5,7,55697,0.6891760576725998,0,http,0,benign,0
h046,2024-03-03 15:00:00,21,5,8,55472,0.6274455040473103,0,http,0,benign,0
h047,2024-03-03 15:00:00,35,5,8,166213,0.6396806881850247,0,http,0,benign,0
h048,2024-03-03 15:00:00,5,3,3,25901,1.0847954500466204,0,http,0,benign,0
h049,2024-03-03 15:00:00,5,2,2,1167379,11.760715510736276,0,ssh,0,benign,0
h050,2024-03-03 15:00:00,10,4,6,10513,0.5492615280328941,0,http,0,benign,0
h051,2024-03-03 15:00:00,53,49,30,146215,0.6535691465440777,0,other,0,benign,0
h052,2024-03-03 15:00:00,21,4,8,49561,0.877771771304352,0,http,0,benign,0
h053,2024-03-03 15:00:00,22,5,7,52255,0.7456046912861788,0,http,0,benign,0
h054,2024-03-03 15:00:00,10,2,6,35673,0.8793238462313319,0,http,0,benign,0
h055,2024-03-03 15:00:00,18,4,7,58818,0.5992966113997545,0,http,0,benign,0
h056,2024-03-03 15:00:00,11,5,6,27294,1.1956523726655521,0,http,0,benign,0
h057,2024-03-03 15:00:00,14,4,5,82023,0.3775747982648823,0,http,0,benign,0
h058,2024-03-03 15:00:00,6,3,4,19483,0.253583242305991,0,http,0,benign,0
h059,2024-03-03 15:00:00,9,4,5,50680,0.21527778688558372,0,http,0,benign,0
h000,2024-03-03 16:00:00,12,3,7,58000,0.5125355436567592,0,http,1,benign,0
h001,2024-03-03 16:00:00,5,3,3,19480,0.242984791213946,0,http,0,benign,0
h002,2024-03-03 16:00:00,38,5,8,216196,0.6581972320693935,0,http,0,benign,0
h003,2024-03-03 16:00:00,3,3,2,7073,0.5563398154300986,0,http,0,benign,0
h004,2024-03-03 16:00:00,75,72,54,4761,0.05903605119532069,0,other,0,benign,0
h005,2024-03-03 16:00:00,1,1,1,26065,0.5442626388928694,0,http,0,benign,0
h006,2024-03-03 16:00:00,16,3,7,92606,0.5575021133887778,0,http,0,benign,0
h007,2024-03-03 16:00:00,5,2,4,27095,0.573299816573537,0,http,0,benign,0
h008,2024-03-03 16:00:00,13,4,6,40330,0.5138512259923591,0,http,0,benign,0
h009,2024-03-03 16:00:00,8,4,6,47831,0.5248738158024043,0,http,0,benign,0
h010,2024-03-03 16:00:00,31,5,8,178034,0.5032840176636519,0,http,0,benign,0
h011,2024-03-03 16:00:00,49,47,28,138818,0.5076667917799133,0,other,0,benign,0
h012,2024-03-03 16:00:00,12,5,7,61139,0.37517518989622295,0,http,0,benign,0
h013,2024-03-03 16:00:00,12,3,6,18642,0.4442981369679757,0,http,0,benign,0
h014,2024-03-03 16:00:00,26,5,8,101286,0.5317250160509525,1,http,0,benign,0
h015,2024-03-03 16:00:00,8,4,5,9329,0.401774976495835,0,http,0,benign,0
h016,2024-03-03 16:00:00,12,4,7,52117,0.5543636057644389,0,http,0,benign,0
h017,2024-03-03 16:00:00,6,3,4,3027,0.6691489978447699,0,http,0,benign,0
h018,2024-03-03 16:00:00,10,4,6,25546,0.8819537545493107,0,http,0,benign,0
h019,2024-03-03 16:00:00,17,3,8,107821,0.8418393617990514,0,http,0,benign,0
h020,2024-03-03 16:00:00,3,2,3,2630,0.656230601190966,0,dns,0,benign,0
h021,2024-03-03 16:00:00,22,5,8,61729,0.4013198466903028,0,http,0,benign,0
h022,2024-03-03 16:00:00,4,3,3,27893,2.247864848378669,0,http,0,benign,0
h023,2024-03-03 16:00:00,4,2,2,3160804,13.995992577104287,0,ssh,0,benign,0
h024,2024-03-03 16:00:00,30,5,8,90587,0.6747563951258626,0,http,0,benign,0
h025,2024-03-03 16:00:00,17,5,7,93167,0.5633600660413869,0,http,0,benign,0
h026,2024-03-03 16:00:00,13,3,5,31832,0.470259487375194,0,http,0,benign,0
h027,2024-03-03 16:00:00,1,1,1,896,1.2321796642840521,0,http,0,benign,0
h028,2024-03-03 16:00:00,13,3,7,36032,0.6005951608878991,0,http,0,benign,0
h029,2024-03-03 16:00:00,32,5,8,253226,0.8037659811479635,1,http,0,benign,0
h030,2024-03-03 16:00:00,60,52,31,136347,0.5245140979022769,0,other,0,benign,0
h031,2024-03-03 16:00:00,11,4,6,45160,0.4700820781252442,0,http,1,benign,0
h032,2024-03-03 16:00:00,4,3,3,15800,0.5360203577287034,0,ssh,0,benign,0
h033,2024-03-03 16:00:00,3,3,3,3704,0.3848870804978106,0,http,0,benign,0
h034,2024-03-03 16:00:00,1,1,1,141,1.221791522038376,0,http,0,benign,0
h035,2024-03-03 16:00:00,8,3,4,13226,0.2837746127592372,1,http,0,benign,0
h036,2024-03-03 16:00:00,15,4,7,44901,0.40663764181852746,0,http,0,benign,0
h037,2024-03-03 16:00:00,8,2,1,15569594,25.4884264071647,0,http,1,exfil,1
h038,2024-03-03 16:00:00,10,3,7,25668,0.9394191919919936,0,http,0,benign,0
h039,2024-03-03 16:00:00,42,39,27,132366,0.5785832175067557,0,other,0,benign,0
h040,2024-03-03 16:00:00,6,3,5,30044,0.3303736881768407,0,http,0,benign,0
h041,2024-03-03 16:00:00,4,2,3,11042,0.3567233823242706,0,http,0,benign,0
h042,2024-03-03 16:00:00,8,4,6,19115,0.3651291435456605,0,http,0,benign,0
h043,2024-03-03 16:00:00,9,3,5,37479,0.46745805532480106,0,dns,0,benign,0
h044,2024-03-03 16:00:00,23,4,8,60729,0.51295960413009,0,http,0,benign,0
h045,2024-03-03 16:00:00,7,2,2,1074580,14.823835377467475,0,ssh,0,benign,0
h046,2024-03-03 16:00:00,11,3,5,54314,0.4065097448010787,1,http,0,benign,0
h047,2024-03-03 16:00:00,24,5,8,125658,0.933697771770038,1,http,0,benign,0
h048,2024-03-03 16:00:00,9,3,6,14513,0.3994282268528539,0,http,0,benign,0
h049,2024-03-03 16:00:00,7,4,4,15736,0.8614540409468379,0,http,0,benign,0
h050,2024-03-03 16:00:00,4,2,3,4934,0.32118634517787237,0,http,0,benign,0
h051,2024-03-03 16:00:00,1,1,1,14361,0.5332575645444159,0,http,0,benign,0
h052,2024-03-03 16:00:00,1,1,1,1141,0.5813674140378866,0,http,1,benign,0
h053,2024-03-03 16:00:00,10,4,6,30163,0.6098510146720784,0,http,0,benign,0
h054,2024-03-03 16:00:00,41,5,8,278933,0.5475913092347178,0,http,0,benign,0
h055,2024-03-03 16:00:00,12,5,6,36915,0.6413975097488956,0,http,0,benign,0
h056,2024-03-03 16:00:00,6,4,5,10493,0.5233517263124395,0,http,0,benign,0
h057,2024-03-03 16:00:00,23,5,8,87482,0.3454369184880814,0,http,0,benign,0
h058,2024-03-03 16:00:00,22,4,7,59661,0.6177378743441896,0,http,0,benign,0
h059,2024-03-03 16:00:00,142,135,101,9310,0.05405957349327941,0,other,1,portscan,1
h000,2024-03-03 17:00:00,4,2,3,10930,0.7066573828106169,0,dns,0,benign,0
h001,2024-03-03 17:00:00,52,49,29,175102,0.516381780082388,0,other,0,benign,0
h002,2024-03-03 17:00:00,6,4,5,32966,0.7290274303834589,0,http,0,benign,0
h003,2024-03-03 17:00:00,7,4,6,45829,3.6864368115592567,0,http,0,benign,0
h004,2024-03-03 17:00:00,33,5,8,88829,0.8510331569107016,0,http,0,benign,0
h005,2024-03-03 17:00:00,53,49,30,139928,0.7302748441640116,0,other,0,benign,0
h006,2024-03-03 17:00:00,10,3,6,34213,0.8272828113569248,0,http,0,benign,0
h007,2024-03-03 17:00:00,3,2,2,10635,0.870394978819903,0,http,0,benign,0
h008,2024-03-03 17:00:00,5,2,4,7450,1.1920617333444323,0,http,0,benign,0
h009,2024-03-03 17:00:00,18,5,7,36880,0.4001016252363405,1,http,0,benign,0
h010,2024-03-03 17:00:00,1,1,1,947,0.05774905562449667,0,smtp,0,benign,0
h011,2024-03-03 17:00:00,24,5,8,149034,0.6424549548464392,0,http,0,benign,0
h012,2024-03-03 17:00:00,16,5,8,52674,0.45334337729938046,0,http,0,benign,0
h013,2024-03-03 17:00:00,2,1,2,1911,0.2784531503611339,0,http,0,benign,0
h014,2024-03-03 17:00:00,4,2,2,15992,1.4399400488210343,0,http,0,benign,0
h015,2024-03-03 17:00:00,5,3,3,22950,0.29054725929979053,0,http,0,benign,0
h016,2024-03-03 17:00:00,1,1,1,8031,0.24519552305652656,0,ssh,0,benign,0
h017,2024-03-03 17:00:00,23,5,8,88039,1.1099498893632025,0,http,0,benign,0
h018,2024-03-03 17:00:00,10,5,6,38004,0.6190020343981132,0,http,0,benign,0
h019,2024-03-03 17:00:00,127,118,93,8204,0.056095018673715254,0,other,1,portscan,1
h020,2024-03-03 17:00:00,4,2,4,10016,0.18282611349281752,0,http,0,benign,0
h021,2024-03-03 17:00:00,9,4,7,36812,0.6538399203521361,0,http,0,benign,0
h022,2024-03-03 17:00:00,3,2,1,2766540,36.42392059289538,0,http,1,exfil,1
h023,2024-03-03 17:00:00,55,1,3,8642,0.25561065705000774,49,ssh,1,bruteforce,1
h024,2024-03-03 17:00:00,58,1,3,9443,0.2590554908941413,50,ssh,1,bruteforce,1
h025,2024-03-03 17:00:00,30,5,6,140945,0.7566659852191703,0,http,0,benign,0
h026,2024-03-03 17:00:00,40,5,8,164801,0.5141952166565098,0,http,0,benign,0
h027,2024-03-03 17:00:00,2,2,2,1511,0.8940633721612637,0,dns,0,benign,0
h028,2024-03-03 17:00:00,5,2,4,8438,0.5966055770782763,0,http,0,benign,0
h029,2024-03-03 17:00:00,43,40,24,117236,0.37744793937955007,0,other,0,benign,0
h030,2024-03-03 17:00:00,28,5,8,106152,0.40635055103299844,0,http,0,benign,0
h031,2024-03-03 17:00:00,21,5,7,92480,0.5871881468656491,0,http,0,benign,0
h032,2024-03-03 17:00:00,6,4,4,50853,1.1878006153647964,0,http,0,benign,0
h033,2024-03-03 17:00:00,13,4,7,84223,0.5005209200905342,0,http,0,benign,0
h034,2024-03-03 17:00:00,36,5,8,124254,0.5407255045790051,1,http,0,benign,0
h035,2024-03-03 17:00:00,4,3,3,10993,1.1343295672426403,0,http,0,benign,0
h036,2024-03-03 17:00:00,10,3,7,21952,0.3980752977487173,0,http,0,benign,0
h037,2024-03-03 17:00:00,7,4,6,35706,0.5703779061654671,0,http,0,benign,0
h038,2024-03-03 17:00:00,29,4,8,92925,0.43028908606599786,1,http,0,benign,0
h039,2024-03-03 17:00:00,4,2,3,14622,0.4586842741857509,0,http,0,benign,0
h040,2024-03-03 17:00:00,16,5,7,62729,0.442217737523329,0,http,0,benign,0
h041,2024-03-03 17:00:00,14,5,5,55106,0.5311273366569561,0,http,0,benign,0
h042,2024-03-03 17:00:00,6,3,5,6475,1.1504375892429428,0,http,0,benign,0
h043,2024-03-03 17:00:00,14,5,6,29668,1.7563827305800077,0,http,0,benign,0
h044,2024-03-03 17:00:00,7,4,5,12278,0.48611894571867087,0,http,0,benign,0
h045,2024-03-03 17:00:00,3,2,2,1502005,20.3047665789754,0,http,0,benign,0
h046,2024-03-03 17:00:00,12,4,7,64981,0.48989717746206646,1,http,0,benign,0
h047,2024-03-03 17:00:00,17,3,7,59202,0.9057908500481247,0,http,0,benign,0
h048,2024-03-03 17:00:00,4,2,2,1583221,12.58068047737942,0,http,0,benign,0
h049,2024-03-03 17:00:00,4,3,4,14257,0.8692512915088155,0,http,0,benign,0
h050,2024-03-03 17:00:00,12,4,7,50383,0.7667443957943426,0,http,0,benign,0
h051,2024-03-03 17:00:00,8,3,5,26114,0.5441483247866518,0,http,0,benign,0
h052,2024-03-03 17:00:00,6,3,5,11315,0.4086497755687862,0,http,0,benign,0
h053,2024-03-03 17:00:00,7,4,6,11395,0.3772393314852619,0,http,0,benign,0
h054,2024-03-03 17:00:00,17,4,7,46549,0.466187344943804,0,http,0,benign,0
h055,2024-03-03 17:00:00,5,2,1,1400227,22.10962315034294,0,ssh,1,exfil,1
h056,2024-03-03 17:00:00,50,47,26,142878,0.5285136892296183,0,other,0,benign,0
h057,2024-03-03 17:00:00,2,2,2,5010,0.3557776569337853,0,dns,0,benign,0
h058,2024-03-03 17:00:00,8,3,6,9526,0.6351453385754009,1,http,0,benign,0
h059,2024-03-03 17:00:00,7,5,5,32223,0.34528307229128474,0,dns,0,benign,0
h000,2024-03-03 18:00:00,2,2,2,5294,0.13221672304419232,0,ssh,0,benign,0
h001,2024-03-03 18:00:00,12,5,7,41074,1.0878362174063123,0,http,1,benign,0
h002,2024-03-03 18:00:00,6,2,2,2565473,20.028922878517655,0,http,0,benign,0
h003,2024-03-03 18:00:00,9,4,5,15433,0.44287951487228155,0,http,0,benign,0
h004,2024-03-03 18:00:00,9,3,7,13024,0.9401250290726123,0,http,0,benign,0
h005,2024-03-03 18:00:00,10,4,5,25680,1.3519207359719214,0,http,0,benign,0
h006,2024-03-03 18:00:00,20,4,6,67217,0.9279622842547521,0,http,0,benign,0
h007,2024-03-03 18:00:00,72,70,48,4204,0.05668300538754409,0,other,1,portscan,1
h008,2024-03-03 18:00:00,48,1,3,6957,0.24639843830474684,39,ssh,0,benign,0
h009,2024-03-03 18:00:00,174,155,117,9886,0.05406937314014598,0,other,0,benign,0
h010,2024-03-03 18:00:00,17,4,7,173349,0.5028824019569768,0,http,0,benign,0
h011,2024-03-03 18:00:00,12,3,7,61344,0.759301882995533,0,http,0,benign,0
h012,2024-03-03 18:00:00,15,4,8,69922,0.6460653563573107,0,http,0,benign,0
h013,2024-03-03 18:00:00,16,4,7,63362,0.5901763317914331,0,http,0,benign,0
h014,2024-03-03 18:00:00,5,3,4,17646,0.44332606034281985,0,http,0,benign,0
h015,2024-03-03 18:00:00,6,3,5,6189,0.5424484088296118,0,http,0,benign,0
h016,2024-03-03 18:00:00,8,4,5,26277,1.1277727565372482,0,dns,0,benign,0
h017,2024-03-03 18:00:00,2,1,2,6369,0.7758729335231332,0,http,0,benign,0
h018,2024-03-03 18:00:00,10,4,6,34543,0.6687985441161677,0,http,0,benign,0
h019,2024-03-03 18:00:00,10,4,5,24260,0.5088586502239054,0,http,0,benign,0
h020,2024-03-03 18:00:00,3,1,2,5421,0.31974565907131486,0,http,0,benign,0
h021,2024-03-03 18:00:00,13,3,8,116708,0.5818615010653944,0,http,0,benign,0
h022,2024-03-03 18:00:00,8,3,5,56288,0.4406511050009939,0,http,0,benign,0
h023,2024-03-03 18:00:00,25,4,8,180901,0.5222622969030776,0,http,0,benign,0
h024,2024-03-03 18:00:00,6,3,4,15777,0.33653329374532737,0,http,0,benign,0
h025,2024-03-03 18:00:00,10,4,6,19884,0.8049917688673431,0,http,0,benign,0
h026,2024-03-03 18:00:00,22,4,8,90589,0.9757168870076761,1,http,0,benign,0
h027,2024-03-03 18:00:00,16,4,6,95549,0.4396352994802118,0,http,0,benign,0
h028,2024-03-03 18:00:00,13,4,8,36087,0.4522826363328403,0,http,0,benign,0
h029,2024-03-03 18:00:00,46,5,8,242465,0.5032733396469287,0,http,0,benign,0
h030,2024-03-03 18:00:00,4,2,4,7701,0.25054937552679674,0,http,0,benign,0
h031,2024-03-03 18:00:00,8,4,4,47368,1.0291168582887982,0,http,0,benign,0
h032,2024-03-03 18:00:00,13,5,8,24839,0.7214823923001892,0,http,0,benign,0
h033,2024-03-03 18:00:00,18,4,5,49747,0.4529580603080474,0,http,0,benign,0
h034,2024-03-03 18:00:00,3,1,3,4176,0.51368268371602,0,http,0,benign,0
h035,2024-03-03 18:00:00,15,5,8,82994,0.34225638734318026,0,http,0,benign,0
h036,2024-03-03 18:00:00,16,4,7,55163,0.9441770655154219,0,http,0,benign,0
h037,2024-03-03 18:00:00,94,85,63,6091,0.059595342376634365,0,other,1,portscan,1
h038,2024-03-03 18:00:00,143,135,83,9924,0.056523255557049935,0,other,0,benign,0
h039,2024-03-03 18:00:00,9,4,6,16584,0.827843678135726,0,http,0,benign,0
h040,2024-03-03 18:00:00,6,3,6,17851,0.2777727112026382,0,dns,0,benign,0
h041,2024-03-03 18:00:00,10,4,7,45235,0.3873063319919935,0,http,0,benign,0
h042,2024-03-03 18:00:00,5,4,4,9926,0.4538976780618816,0,http,0,benign,0
h043,2024-03-03 18:00:00,100,5,8,327556,0.5699352710811688,1,http,0,benign,0
h044,2024-03-03 18:00:00,4,3,3,20923,0.6559172628180501,0,ssh,0,benign,0
h045,2024-03-03 18:00:00,8,4,5,51966,0.7506778302614209,0,http,0,benign,0
h046,2024-03-03 18:00:00,4,4,3,16253,0.9439404730698192,0,http,0,benign,0
h047,2024-03-03 18:00:00,1,1,1,20677,0.40529628266888185,0,smtp,0,benign,0
h048,2024-03-03 18:00:00,4,2,1,3232426,29.069748073994568,0,http,1,exfil,1
h049,2024-03-03 18:00:00,6,4,4,43640,0.9330281697683178,0,http,0,benign,0
h050,2024-03-03 18:00:00,5,3,4,8253,0.5311822579056866,0,http,0,benign,0
h051,2024-03-03 18:00:00,1,1,1,1067,0.33044699120151627,0,http,0,benign,0
h052,2024-03-03 18:00:00,13,5,7,30182,0.6180366691931526,0,http,0,benign,0
h053,2024-03-03 18:00:00,7,3,6,14200,0.9906906128507288,0,http,0,benign,0
h054,2024-03-03 18:00:00,16,4,8,58425,0.43195924086773246,0,http,0,benign,0
h055,2024-03-03 18:00:00,9,4,4,56740,0.5561699894139499,1,http,0,benign,0
h056,2024-03-03 18:00:00,10,3,5,27068,0.4453908945133132,0,http,0,benign,0
h057,2024-03-03 18:00:00,6,3,5,23263,0.4289517546282586,0,http,0,benign,0
h058,2024-03-03 18:00:00,14,3,8,37445,0.4050104350589635,0,http,0,benign,0
h059,2024-03-03 18:00:00,9,4,4,32645,0.6015426733904446,0,http,0,benign,0
h000,2024-03-03 19:00:00,51,49,28,155187,0.6288275312434362,0,other,0,benign,0
h001,2024-03-03 19:00:00,11,4,7,27421,0.30697541602672823,0,http,0,benign,0
h002,2024-03-03 19:00:00,15,5,8,34404,0.6846781600372296,0,http,0,benign,0
h003,2024-03-03 19:00:00,6,5,5,15330,0.466890184508707,0,http,0,benign,0
h004,2024-03-03 19:00:00,6,3,5,16831,0.32377066738521454,0,http,0,benign,0
h005,2024-03-03 19:00:00,8,4,4,28565,0.5364490345832796,0,http,0,benign,0
h006,2024-03-03 19:00:00,17,4,5,68392,1.2817669561785334,0,http,0,benign,0
h007,2024-03-03 19:00:00,10,3,7,39601,0.7354929860205758,0,http,0,benign,0
h008,2024-03-03 19:00:00,12,3,6,50448,0.7753225310166464,1,http,0,benign,0
h009,2024-03-03 19:00:00,17,4,7,52069,0.5315567336091896,1,http,0,benign,0
h010,2024-03-03 19:00:00,59,5,8,167748,0.4736677431604429,0,http,0,benign,0
h011,2024-03-03 19:00:00,5,4,2,17251,0.31111880802490194,0,http,0,benign,0
h012,2024-03-03 19:00:00,11,5,7,42714,0.8532827000283839,0,http,0,benign,0
h013,2024-03-03 19:00:00,3,1,3,7210,0.41498365019203015,0,http,0,benign,0
h014,2024-03-03 19:00:00,4,2,1,3174507,44.750517911218076,0,ssh,1,exfil,1
h015,2024-03-03 19:00:00,7,3,5,17318,0.4096666833801425,0,http,0,benign,0
h016,2024-03-03 19:00:00,12,5,7,72531,0.833832049581281,0,http,0,benign,0
h017,2024-03-03 19:00:00,23,5,8,94289,0.8994401960209212,0,http,0,benign,0
h018,2024-03-03 19:00:00,9,4,7,10928,0.949145486348199,0,http,0,benign,0
h019,2024-03-03 19:00:00,6,4,4,21576,0.45700777424156996,0,http,0,benign,0
h020,2024-03-03 19:00:00,22,5,8,64976,0.381689419492214,1,http,0,benign,0
h021,2024-03-03 19:00:00,112,108,80,7194,0.05458406415800846,0,other,1,portscan,1
h022,2024-03-03 19:00:00,50,5,8,149750,0.6556353109900772,0,http,0,benign,0
h023,2024-03-03 19:00:00,5,3,5,19869,0.20066749646344278,0,http,0,benign,0
h024,2024-03-03 19:00:00,4,3,2,6626,0.4510725755297491,0,http,0,benign,0
h025,2024-03-03 19:00:00,14,3,7,64632,0.3495055516401191,0,http,0,benign,0
h026,2024-03-03 19:00:00,5,2,5,17816,0.6673204838594197,0,http,0,benign,0
h027,2024-03-03 19:00:00,35,5,7,172055,0.39123770772238914,0,http,0,benign,0
h028,2024-03-03 19:00:00,4,4,4,20780,0.28895538033275997,0,http,1,benign,0
h029,2024-03-03 19:00:00,5,2,1,5008935,7.631288467672209,0,http,1,exfil,1
h030,2024-03-03 19:00:00,14,5,7,34861,0.6493919642406079,0,http,0,benign,0
h031,2024-03-03 19:00:00,10,3,6,28508,0.8075896324260243,0,http,0,benign,0
h032,2024-03-03 19:00:00,25,4,7,132918,0.6703391975167646,0,http,0,benign,0
h033,2024-03-03 19:00:00,18,4,7,63436,0.5496861310213276,0,http,0,benign,0
h034,2024-03-03 19:00:00,10,5,7,33647,0.6331087594346656,0,http,0,benign,0
h035,2024-03-03 19:00:00,33,5,8,122483,0.6773317591696238,0,http,1,benign,0
h036,2024-03-03 19:00:00,5,2,1,4337543,56.78178491590396,0,ssh,1,exfil,1
h037,2024-03-03 19:00:00,16,3,6,23309,0.4697208458484288,0,http,0,benign,0
h038,2024-03-03 19:00:00,24,5,8,51098,0.6773947374984339,0,http,0,benign,0
h039,2024-03-03 19:00:00,9,3,7,26855,0.7774873190745564,0,http,0,benign,0
h040,2024-03-03 19:00:00,2,2,2,2889,0.14309622038484,0,http,0,benign,0
h041,2024-03-03 19:00:00,10,5,7,39769,0.4064650937248303,0,http,0,benign,0
h042,2024-03-03 19:00:00,5,3,4,5800,0.6278957239786515,0,http,0,benign,0
h043,2024-03-03 19:00:00,6,3,5,92959,0.5774089445894589,1,http,0,benign,0
h044,2024-03-03 19:00:00,4,2,2,2034733,15.253405738503005,0,http,0,benign,0
h045,2024-03-03 19:00:00,59,1,3,10597,0.25727020535426265,53,ssh,1,bruteforce,1
h046,2024-03-03 19:00:00,5,3,3,34787,0.5993779470598963,1,http,0,benign,0
h047,2024-03-03 19:00:00,7,3,6,16554,0.5117282176879889,0,http,0,benign,0
h048,2024-03-03 19:00:00,18,4,8,47245,0.5815454304105702,0,http,0,benign,0
h049,2024-03-03 19:00:00,15,4,7,49320,0.8171299169919485,0,http,0,benign,0
h050,2024-03-03 19:00:00,10,4,6,49589,0.9415284133686999,0,http,0,benign,0
h051,2024-03-03 19:00:00,4,2,4,8075,0.47475363466609805,0,http,0,benign,0
h052,2024-03-03 19:00:00,35,5,8,192527,0.5254788382272385,0,http,0,benign,0
h053,2024-03-03 19:00:00,67,61,33,181350,0.5148375814333038,0,other,0,benign,0
h054,2024-03-03 19:00:00,3,1,1,327763,15.27004522512197,0,http,1,exfil,1
h055,2024-03-03 19:00:00,31,5,8,104294,1.0710085056571421,0,http,0,benign,0
h056,2024-03-03 19:00:00,11,5,7,16521,0.7633913566724605,0,http,0,benign,0
h057,2024-03-03 19:00:00,11,4,6,30479,0.51506681963257,0,http,0,benign,0
h058,2024-03-03 19:00:00,7,4,4,32866,0.28812727868254984,0,http,0,benign,0
h059,2024-03-03 19:00:00,75,69,52,4740,0.05403212009590393,0,other,1,portscan,1
h000,2024-03-03 20:00:00,16,4,7,79287,0.7261754044749902,0,http,0,benign,0
h001,2024-03-03 20:00:00,24,5,8,139107,0.5934182812897865,0,http,0,benign,0
h002,2024-03-03 20:00:00,2,1,2,2187,0.32941261313389275,0,http,0,benign,0
h003,2024-03-03 20:00:00,17,5,8,29060,0.4945360129081423,0,http,0,benign,0
h004,2024-03-03 20:00:00,8,4,5,17661,0.4080370577231516,0,http,0,benign,0
h005,2024-03-03 20:00:00,21,5,7,104432,0.8812847006196358,0,http,0,benign,0
h006,2024-03-03 20:00:00,10,4,6,29585,0.5826578888434742,0,http,0,benign,0
h007,2024-03-03 20:00:00,17,5,7,70301,0.5258729744437762,0,http,0,benign,0
h008,2024-03-03 20:00:00,24,5,8,61569,0.47302711550842874,0,http,0,benign,0
h009,2024-03-03 20:00:00,7,4,5,33316,0.4970811733599003,0,http,0,benign,0
h010,2024-03-03 20:00:00,3,2,3,18718,0.5050740826684513,0,http,0,benign,0
h011,2024-03-03 20:00:00,13,4,7,45612,0.508094568957744,1,http,0,benign,0
h012,2024-03-03 20:00:00,23,5,7,49769,0.37241341298224734,0,http,0,benign,0
h013,2024-03-03 20:00:00,11,5,8,23563,0.7152328549168945,0,http,0,benign,0
h014,2024-03-03 20:00:00,25,5,8,111490,0.6293229894300453,0,http,0,benign,0
h015,2024-03-03 20:00:00,19,5,7,100799,0.9583278040659913,0,http,0,benign,0
h016,2024-03-03 20:00:00,2,2,2,4027,0.10850577888870316,0,http,0,benign,0
h017,2024-03-03 20:00:00,62,1,3,10558,0.26821176998774804,54,ssh,1,bruteforce,1
h018,2024-03-03 20:00:00,2,2,2,917,0.42834831218359565,0,http,0,benign,0
h019,2024-03-03 20:00:00,46,45,26,100626,0.6208464345564506,0,other,0,benign,0
h020,2024-03-03 20:00:00,7,4,6,27075,0.3181636528093934,0,http,0,benign,0
h021,2024-03-03 20:00:00,9,4,5,26081,0.6472330082490014,0,smtp,0,benign,0
h022,2024-03-03 20:00:00,46,45,27,142066,0.5898224410899691,0,other,0,benign,0
h023,2024-03-03 20:00:00,3,2,3,6914,0.7301891256132774,0,http,0,benign,0
h024,2024-03-03 20:00:00,13,4,5,285820,1.0053732380003229,0,http,0,benign,0
h025,2024-03-03 20:00:00,19,4,8,45173,0.48490874199506434,1,http,0,benign,0
h026,2024-03-03 20:00:00,40,5,8,162054,0.5058880327837423,0,http,0,benign,0
h027,2024-03-03 20:00:00,6,3,4,65645,0.49712225823769146,0,http,0,benign,0
h028,2024-03-03 20:00:00,19,5,8,74607,0.7796971678577375,1,http,0,benign,0
h029,2024-03-03 20:00:00,25,5,8,97534,0.34785696239338504,0,http,0,benign,0
h030,2024-03-03 20:00:00,4,2,3,13199,0.5540118054028533,0,http,0,benign,0
h031,2024-03-03 20:00:00,12,4,7,48432,0.8254633576301438,0,http,0,benign,0
h032,2024-03-03 20:00:00,12,5,6,22687,0.5094387199165077,0,http,0,benign,0
h033,2024-03-03 20:00:00,7,3,5,34644,0.43383507226563495,0,http,0,benign,0
h034,2024-03-03 20:00:00,9,3,5,38326,0.3296277067069175,0,http,0,benign,0
h035,2024-03-03 20:00:00,3,2,1,2002383,38.6848504105127,0,http,1,exfil,1
h036,2024-03-03 20:00:00,9,2,2,4969731,12.752819995767375,0,ssh,0,benign,0
h037,2024-03-03 20:00:00,22,3,8,95233,0.9351365748217283,0,http,0,benign,0
h038,2024-03-03 20:00:00,6,4,3,18709,0.5621303745690908,0,http,0,benign,0
h039,2024-03-03 20:00:00,20,5,8,65875,0.45796762269467717,0,http,0,benign,0
h040,2024-03-03 20:00:00,46,40,25,128384,0.40695336352638395,0,other,0,benign,0
h041,2024-03-03 20:00:00,23,3,8,208782,0.47744039948306044,1,http,0,benign,0
h042,2024-03-03 20:00:00,8,2,6,50725,0.3614696403674929,0,http,0,benign,0
h043,2024-03-03 20:00:00,83,77,55,4902,0.04939436875557423,0,other,1,portscan,1
h044,2024-03-03 20:00:00,3,2,2,17805,0.37038934591255784,0,http,0,benign,0
h045,2024-03-03 20:00:00,57,56,29,191612,0.6836693640055105,0,other,0,benign,0
h046,2024-03-03 20:00:00,15,5,7,174589,0.7362715759928125,0,http,0,benign,0
h047,2024-03-03 20:00:00,16,4,6,102462,0.7836774012097933,1,http,0,benign,0
h048,2024-03-03 20:00:00,79,72,48,5289,0.05442085268307061,0,other,1,portscan,1
h049,2024-03-03 20:00:00,8,2,6,39868,0.8488610124442044,0,http,0,benign,0
h050,2024-03-03 20:00:00,13,3,6,45262,0.42939947951893676,2,http,0,benign,0
h051,2024-03-03 20:00:00,8,4,4,41260,0.5245963247587018,0,http,0,benign,0
h052,2024-03-03 20:00:00,5,2,1,943325,28.941514539844185,0,ssh,0,benign,0
h053,2024-03-03 20:00:00,8,2,5,16366,0.8474626251471336,0,http,0,benign,0
h054,2024-03-03 20:00:00,9,3,5,28803,0.34326356240765965,0,http,0,benign,0
h055,2024-03-03 20:00:00,7,4,4,18584,1.4484802175514289,0,http,0,benign,0
h056,2024-03-03 20:00:00,15,4,7,46602,0.35766912258081596,0,http,0,benign,0
h057,2024-03-03 20:00:00,127,114,90,7438,0.05166616968547038,0,other,0,benign,0
h058,2024-03-03 20:00:00,3,2,3,10376,0.8178223043508309,0,http,0,benign,0
h059,2024-03-03 20:00:00,23,3,8,75598,0.6296440758907037,0,http,0,benign,0
h000,2024-03-03 21:00:00,13,5,7,100332,0.6388362181101138,0,http,0,benign,0
h001,2024-03-03 21:00:00,3,2,1,1198415,22.971411960922307,0,http,1,exfil,1
h002,2024-03-03 21:00:00,4,3,3,49562,0.37862974326194293,0,http,0,benign,0
h003,2024-03-03 21:00:00,18,5,8,49746,0.4205547145289486,0,http,0,benign,0
h004,2024-03-03 21:00:00,2,1,2,5001,0.2816933457409849,0,smtp,0,benign,0
h005,2024-03-03 21:00:00,6,4,4,12137,0.48796542867696435,0,http,0,benign,0
h006,2024-03-03 21:00:00,12,4,5,68991,0.5424941578315745,1,http,0,benign,0
h007,2024-03-03 21:00:00,24,4,8,147713,0.517445801913638,0,http,0,benign,0
h008,2024-03-03 21:00:00,9,4,6,38832,0.3704049710384623,0,http,0,benign,0
h009,2024-03-03 21:00:00,13,5,6,35308,0.6101543908188286,1,http,0,benign,0
h010,2024-03-03 21:00:00,20,4,8,86992,0.6190604580285819,0,http,1,benign,0
h011,2024-03-03 21:00:00,21,4,8,85828,0.6940114781216888,0,http,0,benign,0
h012,2024-03-03 21:00:00,6,2,4,24808,0.44673962068689294,0,http,0,benign,0
h013,2024-03-03 21:00:00,8,3,5,32180,0.2915205121465441,0,http,0,benign,0
h014,2024-03-03 21:00:00,10,4,4,24745,0.31820406032057136,0,http,0,benign,0
h015,2024-03-03 21:00:00,13,4,7,44707,0.4268382221433826,0,http,0,benign,0
h016,2024-03-03 21:00:00,12,5,6,31296,0.5417053564483229,0,http,0,benign,0
h017,2024-03-03 21:00:00,25,5,7,82404,0.696792591683937,0,http,0,benign,0
h018,2024-03-03 21:00:00,12,5,7,32558,0.5343686866211839,0,http,0,benign,0
h019,2024-03-03 21:00:00,3,2,3,2299,0.27003164120984174,0,http,0,benign,0
h020,2024-03-03 21:00:00,17,5,8,151346,0.7221993124708339,0,http,0,benign,0
h021,2024-03-03 21:00:00,5,3,4,11606,0.22351764378236103,0,http,0,benign,0
h022,2024-03-03 21:00:00,6,2,4,12843,0.78878499148539,1,http,0,benign,0
h023,2024-03-03 21:00:00,12,4,7,45198,0.7551418411008898,0,http,0,benign,0
h024,2024-03-03 21:00:00,17,4,6,110331,0.5104236187784725,1,http,0,benign,0
h025,2024-03-03 21:00:00,27,5,8,92396,0.5598274046006086,0,http,0,benign,0
h026,2024-03-03 21:00:00,7,4,5,10141,0.4189621276832688,1,http,0,benign,0
h027,2024-03-03 21:00:00,14,4,7,55466,0.4039030514226282,0,http,0,benign,0
h028,2024-03-03 21:00:00,3,2,3,16408,0.35547091698319294,0,http,0,benign,0
h029,2024-03-03 21:00:00,16,4,7,79802,0.932110909883885,0,http,0,benign,0
h030,2024-03-03 21:00:00,18,4,6,51462,0.4848912553307978,1,http,0,benign,0
h031,2024-03-03 21:00:00,7,4,4,25304,0.44065238400596357,0,http,0,benign,0
h032,2024-03-03 21:00:00,3,1,3,9223,0.2726317944457485,0,http,0,benign,0
h033,2024-03-03 21:00:00,12,3,6,46917,0.48399287476087643,0,http,0,benign,0
h034,2024-03-03 21:00:00,42,38,26,151636,0.6654824268696198,0,other,0,benign,0
h035,2024-03-03 21:00:00,2,2,2,5410,0.5000570290167149,0,dns,0,benign,0
h036,2024-03-03 21:00:00,3,1,2,1335998,9.226770623810708,0,ssh,0,benign,0
h037,2024-03-03 21:00:00,7,4,4,16045,0.5689890989253257,1,http,0,benign,0
h038,2024-03-03 21:00:00,6,2,5,24505,0.3456433495478899,0,http,0,benign,0
h039,2024-03-03 21:00:00,22,5,7,74792,0.45197720369296446,0,http,0,benign,0
h040,2024-03-03 21:00:00,3,2,2,5625,0.16703577574786396,0,http,0,benign,0
h041,2024-03-03 21:00:00,16,3,7,56483,0.5841555286809433,0,http,0,benign,0
h042,2024-03-03 21:00:00,109,101,69,6647,0.0538542912107872,0,other,0,benign,0
h043,2024-03-03 21:00:00,8,4,5,16767,0.48787829643197717,0,http,0,benign,0
h044,2024-03-03 21:00:00,11,3,6,32093,0.7203821408991052,0,http,0,benign,0
h045,2024-03-03 21:00:00,7,4,6,14394,0.5317837158528294,0,http,0,benign,0
h046,2024-03-03 21:00:00,5,3,3,28576,0.35587874990027796,0,http,0,benign,0
h047,2024-03-03 21:00:00,5,3,4,25716,0.752037762164162,0,http,0,benign,0
h048,2024-03-03 21:00:00,45,42,28,117876,0.5659456060755643,0,other,0,benign,0
h049,2024-03-03 21:00:00,46,5,8,114702,0.4657265132011158,1,http,0,benign,0
h050,2024-03-03 21:00:00,11,4,8,77846,0.6242358119535075,0,http,0,benign,0
h051,2024-03-03 21:00:00,6,2,2,1428101,11.02853635401027,0,http,0,benign,0
h052,2024-03-03 21:00:00,7,5,5,43152,0.40239022524500895,0,http,0,benign,0
h053,2024-03-03 21:00:00,49,1,3,8741,0.24117993863814818,39,ssh,1,bruteforce,1
h054,2024-03-03 21:00:00,11,3,5,53682,0.7236371937984049,0,http,0,benign,0
h055,2024-03-03 21:00:00,22,5,8,134645,0.5068756975880696,0,http,0,benign,0
h056,2024-03-03 21:00:00,1,1,1,7190,0.3460041873316173,0,http,0,benign,0
h057,2024-03-03 21:00:00,72,69,48,4751,0.056058931205381045,0,other,0,benign,0
h058,2024-03-03 21:00:00,12,4,7,63153,0.8767784647326667,0,http,0,benign,0
h059,2024-03-03 21:00:00,10,3,7,45594,0.4579537062169131,0,http,0,benign,0
h000,2024-03-03 22:00:00,3,2,3,7047,0.2886667302112868,0,http,0,benign,0
h001,2024-03-03 22:00:00,12,4,6,69087,0.9606190780336394,0,http,0,benign,0
h002,2024-03-03 22:00:00,30,5,8,153226,0.7256237041474397,2,http,0,benign,0
h003,2024-03-03 22:00:00,3,2,3,16121,0.571197997346632,0,http,0,benign,0
h004,2024-03-03 22:00:00,5,4,4,13598,0.3558326867430764,0,dns,0,benign,0
h005,2024-03-03 22:00:00,15,5,7,54661,0.6457137684994938,0,http,0,benign,0
h006,2024-03-03 22:00:00,48,46,31,130949,0.6787023444437968,0,other,0,benign,0
h007,2024-03-03 22:00:00,37,5,8,152650,0.7353606832611593,0,http,0,benign,0
h008,2024-03-03 22:00:00,12,5,7,99568,0.7275093672743801,0,http,0,benign,0
h009,2024-03-03 22:00:00,16,5,6,144041,0.4079456613997482,0,http,0,benign,0
h010,2024-03-03 22:00:00,8,4,5,29376,0.9010488122958379,1,http,1,benign,0
h011,2024-03-03 22:00:00,10,5,7,31107,0.5269538716991649,1,http,0,benign,0
h012,2024-03-03 22:00:00,9,4,6,46108,0.390377141608717,0,http,0,benign,0
h013,2024-03-03 22:00:00,11,4,7,30017,0.7930228206829214,0,http,0,benign,0
h014,2024-03-03 22:00:00,11,4,6,95681,0.37241355105941115,0,http,0,benign,0
h015,2024-03-03 22:00:00,16,5,7,44981,1.0031273153577813,0,http,0,benign,0
h016,2024-03-03 22:00:00,13,4,7,31679,1.1476508115123496,0,http,1,benign,0
h017,2024-03-03 22:00:00,21,4,8,136382,0.8194664403637416,0,http,0,benign,0
h018,2024-03-03 22:00:00,16,4,7,63810,0.7791409202792439,0,http,0,benign,0
h019,2024-03-03 22:00:00,12,4,6,35669,0.6856085908851811,0,http,0,benign,0
h020,2024-03-03 22:00:00,48,47,29,145436,0.5233055996447029,0,other,0,benign,0
h021,2024-03-03 22:00:00,5,3,5,21654,0.5529652526821218,0,http,0,benign,0
h022,2024-03-03 22:00:00,7,5,6,38308,1.0742418247592882,0,http,0,benign,0
h023,2024-03-03 22:00:00,12,4,7,31068,0.41253430529061763,0,http,0,benign,0
h024,2024-03-03 22:00:00,6,4,3,15931,0.6448545250977945,0,http,0,benign,0
h025,2024-03-03 22:00:00,10,4,6,31532,0.6614518792555355,0,http,0,benign,0
h026,2024-03-03 22:00:00,16,4,7,288649,0.5304726123998688,0,http,0,benign,0
h027,2024-03-03 22:00:00,57,55,26,185926,0.5693095856073642,0,other,0,benign,0
h028,2024-03-03 22:00:00,13,4,6,31573,0.3428883381278661,0,http,0,benign,0
h029,2024-03-03 22:00:00,8,2,5,33188,0.3057340904096585,0,http,0,benign,0
h030,2024-03-03 22:00:00,11,5,6,15712,0.6808085210104045,0,http,0,benign,0
h031,2024-03-03 22:00:00,7,4,4,27379,0.7824952725605293,0,http,0,benign,0
h032,2024-03-03 22:00:00,3,1,1,1119545,9.082298448173551,0,ssh,0,benign,0
h033,2024-03-03 22:00:00,9,4,6,73548,0.6642626614933734,0,http,0,benign,0
h034,2024-03-03 22:00:00,3,2,2,9345,0.6616543274685991,0,http,0,benign,0
h035,2024-03-03 22:00:00,16,3,6,36035,0.6183588934473283,1,http,0,benign,0
h036,2024-03-03 22:00:00,4,2,3,9384,0.5602541618934369,0,http,0,benign,0
h037,2024-03-03 22:00:00,13,4,6,79027,0.5960645203996946,0,http,0,benign,0
h038,2024-03-03 22:00:00,3,2,3,1983,0.37581154647195086,0,http,0,benign,0
h039,2024-03-03 22:00:00,7,4,6,18324,0.3545666490171901,0,http,0,benign,0
h040,2024-03-03 22:00:00,13,4,7,30027,0.39119273490846107,0,http,0,benign,0
h041,2024-03-03 22:00:00,110,99,76,6881,0.05551752353287684,0,other,1,portscan,1
h042,2024-03-03 22:00:00,2,2,2,5085,0.17615927614061264,0,ssh,0,benign,0
h043,2024-03-03 22:00:00,18,5,6,84763,0.4733185764113548,0,http,0,benign,0
h044,2024-03-03 22:00:00,14,4,5,50145,0.6867860760112304,0,http,0,benign,0
h045,2024-03-03 22:00:00,15,4,6,71702,0.6919154308865608,0,http,0,benign,0
h046,2024-03-03 22:00:00,25,4,8,73876,0.45690792891123394,0,http,0,benign,0
h047,2024-03-03 22:00:00,8,4,4,35478,0.4413810623616441,0,http,0,benign,0
h048,2024-03-03 22:00:00,12,5,7,51831,0.28402494990956406,0,http,0,benign,0
h049,2024-03-03 22:00:00,8,4,5,17630,0.270873927959479,0,http,0,benign,0
h050,2024-03-03 22:00:00,13,4,6,21431,0.45639069459187787,0,http,0,benign,0
h051,2024-03-03 22:00:00,2,1,2,3506,0.44753204688348996,0,http,0,benign,0
h052,2024-03-03 22:00:00,14,4,7,80522,0.5825970927667148,0,http,0,benign,0
h053,2024-03-03 22:00:00,5,4,5,52249,0.25422576574162176,0,http,0,benign,0
h054,2024-03-03 22:00:00,9,2,1,2969942,20.370511999839707,0,http,0,benign,0
h055,2024-03-03 22:00:00,6,2,2,4378301,11.239719247647825,0,http,0,benign,0
h056,2024-03-03 22:00:00,58,58,29,156319,0.405546183146087,0,other,0,benign,0
h057,2024-03-03 22:00:00,48,5,8,140084,1.2456291548792697,1,http,0,benign,0
h058,2024-03-03 22:00:00,11,3,5,26610,0.44499469001985337,0,http,0,benign,0
h059,2024-03-03 22:00:00,15,5,7,64357,0.6420914032701216,0,http,0,benign,0
h000,2024-03-03 23:00:00,10,3,5,47858,1.0691560953356591,0,http,0,benign,0
h001,2024-03-03 23:00:00,13,5,8,51847,0.375938699066524,0,http,0,benign,0
h002,2024-03-03 23:00:00,1,1,1,935,0.26614138848834235,0,http,0,benign,0
h003,2024-03-03 23:00:00,7,2,2,1641017,14.674755934918364,0,http,0,benign,0
h004,2024-03-03 23:00:00,5,4,5,16543,0.2850232001933347,0,http,0,benign,0
h005,2024-03-03 23:00:00,7,4,5,60274,0.8240431066279169,0,http,0,benign,0
h006,2024-03-03 23:00:00,12,4,6,42092,1.0056059219343838,0,http,0,benign,0
h007,2024-03-03 23:00:00,3,3,3,16138,1.0501686139356075,0,http,0,benign,0
h008,2024-03-03 23:00:00,29,5,8,90902,0.6556590817851737,1,http,0,benign,0
h009,2024-03-03 23:00:00,9,4,5,135940,0.8038444985153054,0,http,0,benign,0
h010,2024-03-03 23:00:00,17,5,7,86861,0.8206839340188407,0,http,0,benign,0
h011,2024-03-03 23:00:00,4,2,3,20792,0.5702388436414886,0,http,0,benign,0
h012,2024-03-03 23:00:00,15,4,7,133703,0.39297468735881275,1,http,0,benign,0
h013,2024-03-03 23:00:00,12,4,7,34986,0.5416866899476659,0,http,0,benign,0
h014,2024-03-03 23:00:00,18,4,5,56837,0.6493662138653504,0,http,0,benign,0
h015,2024-03-03 23:00:00,15,5,7,66754,0.8432835454053909,0,http,0,benign,0
h016,2024-03-03 23:00:00,3,2,3,7713,0.33725623440184477,0,http,0,benign,0
h017,2024-03-03 23:00:00,2,1,2,3066,0.37960811256823884,0,http,0,benign,0
h018,2024-03-03 23:00:00,43,1,3,6820,0.26653226895746246,39,ssh,1,bruteforce,1
h019,2024-03-03 23:00:00,17,5,7,46060,0.634358123430214,0,http,0,benign,0
h020,2024-03-03 23:00:00,2,1,2,10273,0.3585173366571708,0,dns,0,benign,0
h021,2024-03-03 23:00:00,19,5,7,85573,0.7559218734659813,1,http,0,benign,0
h022,2024-03-03 23:00:00,4,3,4,3830,1.9223322589703933,0,http,0,benign,0
h023,2024-03-03 23:00:00,45,1,3,7580,0.2736766988966121,31,ssh,1,bruteforce,1
h024,2024-03-03 23:00:00,9,5,5,58763,0.6109026713655729,0,http,0,benign,0
h025,2024-03-03 23:00:00,2,2,2,3454,0.691806125022988,0,http,0,benign,0
h026,2024-03-03 23:00:00,12,5,6,34114,0.38837018143922664,0,http,0,benign,0
h027,2024-03-03 23:00:00,22,4,8,82351,0.44390635891948843,0,http,0,benign,0
h028,2024-03-03 23:00:00,13,3,6,160814,0.43547201440742334,0,http,0,benign,0
h029,2024-03-03 23:00:00,28,4,8,154261,0.5741011813876261,0,http,0,benign,0
h030,2024-03-03 23:00:00,8,5,6,18550,0.506181259667087,1,http,0,benign,0
h031,2024-03-03 23:00:00,9,4,6,47025,0.8944818577054926,1,http,0,benign,0
h032,2024-03-03 23:00:00,5,2,4,18814,0.6288502776505662,0,http,0,benign,0
h033,2024-03-03 23:00:00,5,3,4,102634,0.42765862868409493,0,http,0,benign,0
h034,2024-03-03 23:00:00,15,4,5,32756,0.8990702207348341,0,http,0,benign,0
h035,2024-03-03 23:00:00,8,4,4,41253,0.9702495864995395,0,http,0,benign,0
h036,2024-03-03 23:00:00,12,5,7,52489,0.2744749228878293,0,http,0,benign,0
h037,2024-03-03 23:00:00,20,5,8,56666,0.4959099341098033,0,http,0,benign,0
h038,2024-03-03 23:00:00,22,4,7,116575,0.5720527972036883,0,http,0,benign,0
h039,2024-03-03 23:00:00,19,4,7,50209,0.3229883016958011,0,http,0,benign,0
h040,2024-03-03 23:00:00,10,5,5,58574,0.5471327060038821,0,http,0,benign,0
h041,2024-03-03 23:00:00,14,4,6,37915,0.3404248754289396,0,http,0,benign,0
h042,2024-03-03 23:00:00,6,3,5,13352,1.03883469049503,0,http,0,benign,0
h043,2024-03-03 23:00:00,11,4,6,24846,1.1720296332987155,1,http,0,benign,0
h044,2024-03-03 23:00:00,4,3,3,8568,0.4670700117352866,0,http,0,benign,0
h045,2024-03-03 23:00:00,14,5,6,58292,0.6414550047451529,0,http,0,benign,0
h046,2024-03-03 23:00:00,7,5,6,18315,0.7503053256712916,0,http,0,benign,0
h047,2024-03-03 23:00:00,4,2,4,15857,0.26523891270494826,0,http,0,benign,0
h048,2024-03-03 23:00:00,4,2,3,4027,0.6664611257837878,0,http,0,benign,0
h049,2024-03-03 23:00:00,67,63,49,5071,0.054772819279827224,0,other,1,portscan,1
h050,2024-03-03 23:00:00,17,5,8,124026,0.41571123413294614,0,http,0,benign,0
h051,2024-03-03 23:00:00,11,5,6,51407,0.6447105581018836,0,http,0,benign,0
h052,2024-03-03 23:00:00,74,64,51,4123,0.057606585738771976,0,other,1,portscan,1
h053,2024-03-03 23:00:00,4,2,4,7197,0.41218228046671834,0,http,0,benign,0
h054,2024-03-03 23:00:00,13,4,6,37476,0.3395957607593822,0,http,0,benign,0
h055,2024-03-03 23:00:00,26,4,7,233819,0.4971861862458039,0,http,0,benign,0
h056,2024-03-03 23:00:00,158,145,106,10617,0.05836684518660973,0,other,1,portscan,1
h057,2024-03-03 23:00:00,8,4,5,11633,0.7505017866220147,0,http,0,benign,0
h058,2024-03-03 23:00:00,8,3,3,22899,0.6523861396711217,0,http,0,benign,0
h059,2024-03-03 23:00:00,17,5,7,119138,0.7177861871162303,0,http,0,benign,0
h000,2024-03-04 00:00:00,18,5,8,110056,0.9093902612788081,0,http,0,benign,0
h001,2024-03-04 00:00:00,39,5,8,192740,0.47923516917901476,0,http,0,benign,0
h002,2024-03-04 00:00:00,122,111,78,7502,0.05508447762126288,0,other,0,benign,0
h003,2024-03-04 00:00:00,23,4,7,113305,0.5091873052132496,0,http,0,benign,0
h004,2024-03-04 00:00:00,7,3,4,9103,0.6484165816987268,0,http,0,benign,0
h005,2024-03-04 00:00:00,7,4,4,13587,0.4156226056633193,0,http,0,benign,0
h006,2024-03-04 00:00:00,16,4,7,78951,0.4753279903123989,0,http,0,benign,0
h007,2024-03-04 00:00:00,5,3,4,10686,0.3174997099702682,0,http,0,benign,0
h008,2024-03-04 00:00:00,23,5,8,74227,0.6658807792342986,0,http,0,benign,0
h009,2024-03-04 00:00:00,17,3,6,51867,0.6352838033875201,1,http,0,benign,0
h010,2024-03-04 00:00:00,10,2,6,19303,0.5303523182980607,0,http,0,benign,0
h011,2024-03-04 00:00:00,10,3,6,13277,0.591388698896714,0,http,0,benign,0
h012,2024-03-04 00:00:00,6,3,5,41295,0.4269522667717578,0,http,0,benign,0
h013,2024-03-04 00:00:00,7,3,4,9685,0.4102389538771244,0,http,0,benign,0
h014,2024-03-04 00:00:00,12,4,6,49208,1.0316653812861343,0,http,1,benign,0
h015,2024-03-04 00:00:00,9,4,5,23182,0.20834146280321605,0,http,0,benign,0
h016,2024-03-04 00:00:00,18,4,7,56317,0.2991416972691094,0,http,0,benign,0
h017,2024-03-04 00:00:00,10,4,6,30607,0.28091309493543093,0,http,0,benign,0
h018,2024-03-04 00:00:00,6,2,1,3426679,36.184617572449106,0,ssh,1,exfil,1
h019,2024-03-04 00:00:00,16,4,7,46051,0.4396821363613159,0,http,0,benign,0
h020,2024-03-04 00:00:00,3,2,3,8941,0.6585099250188279,0,http,0,benign,0
h021,2024-03-04 00:00:00,29,5,8,120850,0.5795360721949993,0,http,0,benign,0
h022,2024-03-04 00:00:00,60,55,30,207064,0.48087868230693903,0,other,0,benign,0
h023,2024-03-04 00:00:00,15,4,7,38823,0.891468136058679,0,http,0,benign,0
h024,2024-03-04 00:00:00,12,4,8,58888,0.5394235946279179,0,http,0,benign,0
h025,2024-03-04 00:00:00,18,4,8,117863,0.49904584530878027,0,http,0,benign,0
h026,2024-03-04 00:00:00,10,4,6,19131,0.46407135647968756,0,http,0,benign,0
h027,2024-03-04 00:00:00,24,4,8,116141,0.42229164853502477,0,http,0,benign,0
h028,2024-03-04 00:00:00,8,5,5,76008,0.8137727364606212,0,http,0,benign,0
h029,2024-03-04 00:00:00,10,2,5,32914,0.32141874106843066,0,http,0,benign,0
h030,2024-03-04 00:00:00,7,4,6,44279,0.7396770366263115,0,http,0,benign,0
h031,2024-03-04 00:00:00,2,1,2,5990,0.5878075458353507,0,http,0,benign,0
h032,2024-03-04 00:00:00,12,3,6,72515,0.5254645855592951,0,http,0,benign,0
h033,2024-03-04 00:00:00,5,3,4,13708,0.333961670162644,0,http,0,benign,0
h034,2024-03-04 00:00:00,5,3,4,14179,0.4455674760348788,0,http,0,benign,0
h035,2024-03-04 00:00:00,9,4,6,21997,0.499882242919831,0,http,0,benign,0
h036,2024-03-04 00:00:00,1,1,1,10926,6.064727413593561,0,http,0,benign,0
h037,2024-03-04 00:00:00,4,2,2,1173023,38.70498081545055,0,ssh,0,benign,0
h038,2024-03-04 00:00:00,56,52,29,118094,0.574664832705223,0,other,0,benign,0
h039,2024-03-04 00:00:00,9,4,5,8221,0.2703463777510542,0,http,0,benign,0
h040,2024-03-04 00:00:00,62,1,3,9562,0.26660799329087304,51,ssh,1,bruteforce,1
h041,2024-03-04 00:00:00,13,4,6,23132,0.521216177210481,0,http,0,benign,0
h042,2024-03-04 00:00:00,42,5,8,171728,0.5736982458318144,1,http,0,benign,0
h043,2024-03-04 00:00:00,5,3,5,8184,0.5992482996929656,0,http,0,benign,0
h044,2024-03-04 00:00:00,20,4,8,126238,0.5093916120305442,1,http,0,benign,0
h045,2024-03-04 00:00:00,53,1,3,8661,0.24613860906081775,45,ssh,0,benign,0
h046,2024-03-04 00:00:00,5,2,2,2111671,17.41143150593355,0,ssh,0,benign,0
h047,2024-03-04 00:00:00,14,4,7,51177,0.4194560969340649,0,http,0,benign,0
h048,2024-03-04 00:00:00,7,3,5,13893,0.528181168820007,0,http,0,benign,0
h049,2024-03-04 00:00:00,15,4,7,38536,0.7185514676596071,0,http,0,benign,0
h050,2024-03-04 00:00:00,1,1,1,2797,0.03501902142838001,0,http,0,benign,0
h051,2024-03-04 00:00:00,8,4,6,18672,0.9340516761357344,0,http,0,benign,0
h052,2024-03-04 00:00:00,11,4,5,23698,0.7185244045642093,1,http,0,benign,0
h053,2024-03-04 00:00:00,4,3,4,14120,0.6233769726253433,0,http,0,benign,0
h054,2024-03-04 00:00:00,11,3,6,63850,0.44200922866269354,0,http,0,benign,0
h055,2024-03-04 00:00:00,3,2,3,53450,0.2382593130242253,0,http,0,benign,0
h056,2024-03-04 00:00:00,4,2,1,19131844,15.58512153301469,0,ssh,1,exfil,1
h057,2024-03-04 00:00:00,8,3,4,30048,0.7858276612581869,0,http,0,benign,0
h058,2024-03-04 00:00:00,11,4,6,38479,1.0118601790904242,0,http,0,benign,0
h059,2024-03-04 00:00:00,53,5,8,189635,0.5530181505233814,1,http,0,benign,0
h000,2024-03-04 01:00:00,3,2,3,18581,0.33110655653601523,0,http,0,benign,0
h001,2024-03-04 01:00:00,14,4,7,35583,0.5681588441768542,0,http,0,benign,0
h002,2024-03-04 01:00:00,6,4,5,7911,0.5476953529224741,0,http,0,benign,0
h003,2024-03-04 01:00:00,2,1,2,12961,0.1171962492220393,0,http,0,benign,0
h004,2024-03-04 01:00:00,11,4,5,43642,0.5410129271670349,0,http,0,benign,0
h005,2024-03-04 01:00:00,4,2,2,1697565,32.273589618682855,0,http,0,benign,0
h006,2024-03-04 01:00:00,18,4,5,65320,0.44039778132033014,0,http,0,benign,0
h007,2024-03-04 01:00:00,6,4,3,7187,0.9238773060508475,0,ssh,0,benign,0
h008,2024-03-04 01:00:00,6,3,4,31340,0.40230554281651604,0,http,0,benign,0
h009,2024-03-04 01:00:00,3,3,3,8323,1.0405097299536903,0,http,0,benign,0
h010,2024-03-04 01:00:00,4,2,4,18576,0.6294994127649461,0,http,0,benign,0
h011,2024-03-04 01:00:00,9,3,6,12164,0.7473241606840012,0,http,0,benign,0
h012,2024-03-04 01:00:00,10,4,6,36660,0.5502506188167494,0,http,0,benign,0
h013,2024-03-04 01:00:00,118,106,77,7833,0.05966995274218277,0,other,1,portscan,1
h014,2024-03-04 01:00:00,5,2,2,2115557,11.365762536907447,0,ssh,0,benign,0
h015,2024-03-04 01:00:00,9,3,5,73344,0.8973881656361014,0,http,0,benign,0
h016,2024-03-04 01:00:00,17,5,7,88322,0.621104229857433,1,http,0,benign,0
h017,2024-03-04 01:00:00,3,3,2,27257,0.5145460799475324,0,http,0,benign,0
h018,2024-03-04 01:00:00,32,5,8,104053,0.5281783258311713,0,http,0,benign,0
h019,2024-03-04 01:00:00,22,5,7,212231,0.5008123132666888,0,http,0,benign,0
h020,2024-03-04 01:00:00,91,84,65,5511,0.057010555793796915,0,other,1,portscan,1
h021,2024-03-04 01:00:00,34,4,8,101601,0.6442167279705274,0,http,0,benign,0
h022,2024-03-04 01:00:00,5,3,3,5963,0.763088434951571,0,http,0,benign,0
h023,2024-03-04 01:00:00,4,2,2,867170,21.664322548838758,0,ssh,0,benign,0
h024,2024-03-04 01:00:00,16,5,7,41827,0.4176506708277777,0,http,0,benign,0
h025,2024-03-04 01:00:00,7,2,5,58236,0.49107142164029965,0,http,0,benign,0
h026,2024-03-04 01:00:00,22,5,8,59497,0.3921056996640901,0,http,0,benign,0
h027,2024-03-04 01:00:00,6,4,3,17859,0.26224194952846536,0,http,0,benign,0
h028,2024-03-04 01:00:00,11,4,7,50927,0.8414861584568236,0,http,0,benign,0
h029,2024-03-04 01:00:00,9,5,6,21139,0.7699866025846848,1,http,0,benign,0
h030,2024-03-04 01:00:00,7,4,4,37725,0.4758889636661232,0,http,0,benign,0
h031,2024-03-04 01:00:00,25,5,7,162154,0.7221276153109375,0,http,0,benign,0
h032,2024-03-04 01:00:00,4,2,4,19335,0.3013002222892094,0,http,0,benign,0
h033,2024-03-04 01:00:00,14,5,7,56965,0.42272426680937236,1,http,0,benign,0
h034,2024-03-04 01:00:00,3,2,2,9744,0.3470241215133621,0,http,0,benign,0
h035,2024-03-04 01:00:00,17,5,8,85470,0.7633013484724969,0,http,0,benign,0
h036,2024-03-04 01:00:00,10,3,6,28745,0.4410870636092934,0,http,0,benign,0
h037,2024-03-04 01:00:00,11,4,6,26847,0.7151814285039847,0,http,0,benign,0
h038,2024-03-04 01:00:00,8,3,5,73395,0.6502121577659071,0,http,0,benign,0
h039,2024-03-04 01:00:00,11,5,6,24410,0.6532523291098905,0,http,0,benign,0
h040,2024-03-04 01:00:00,13,4,6,42518,0.5980001096882113,0,http,0,benign,0
h041,2024-03-04 01:00:00,7,4,4,13058,1.0692095242414608,0,http,0,benign,0
h042,2024-03-04 01:00:00,56,56,29,139449,0.845868037896783,0,other,0,benign,0
h043,2024-03-04 01:00:00,4,1,2,1040802,18.4277482004987,0,http,0,benign,0
h044,2024-03-04 01:00:00,8,3,5,35734,1.2056979463249256,0,http,0,benign,0
h045,2024-03-04 01:00:00,8,4,3,34540,1.2675565356302325,0,http,0,benign,0
h046,2024-03-04 01:00:00,6,2,2,1743740,20.53332714798943,0,http,0,benign,0
h047,2024-03-04 01:00:00,44,41,23,124411,0.6908696522597956,0,other,0,benign,0
h048,2024-03-04 01:00:00,6,2,1,7618130,30.39322278967465,0,http,1,exfil,1
h049,2024-03-04 01:00:00,5,2,2,2949123,19.269420303361656,0,http,0,benign,0
h050,2024-03-04 01:00:00,5,3,5,18892,0.8952198220070755,0,http,0,benign,0
h051,2024-03-04 01:00:00,25,4,8,99141,0.48201290775283917,0,http,0,benign,0
h052,2024-03-04 01:00:00,7,5,4,66032,0.2851178273530631,0,http,0,benign,0
h053,2024-03-04 01:00:00,56,53,43,4139,0.052509408617428,0,other,1,portscan,1
h054,2024-03-04 01:00:00,14,5,6,33579,0.44758458215542885,0,http,0,benign,0
h055,2024-03-04 01:00:00,4,3,3,13423,1.9058439330297894,0,http,0,benign,0
h056,2024-03-04 01:00:00,24,4,8,66603,0.5515237490226913,0,http,0,benign,0
h057,2024-03-04 01:00:00,15,5,7,225572,0.47258074014909685,0,http,0,benign,0
h058,2024-03-04 01:00:00,9,3,6,37385,0.3684684898635944,0,http,0,benign,0
h059,2024-03-04 01:00:00,4,1,3,8292,1.1164180843759623,0,http,0,benign,0
h000,2024-03-04 02:00:00,8,4,5,19578,0.425371521611296,0,http,0,benign,0
h001,2024-03-04 02:00:00,11,4,5,27454,0.6587204292774238,0,http,0,benign,0
h002,2024-03-04 02:00:00,12,4,6,114098,0.5834534211148589,0,http,0,benign,0
h003,2024-03-04 02:00:00,29,5,8,156026,0.7804249329188326,1,http,0,benign,0
h004,2024-03-04 02:00:00,15,5,6,40832,0.7200462959131928,0,http,0,benign,0
h005,2024-03-04 02:00:00,10,4,7,45955,0.41550363629081655,0,http,1,benign,0
h006,2024-03-04 02:00:00,9,4,6,39286,0.4126386248509286,0,http,0,benign,0
h007,2024-03-04 02:00:00,22,4,8,119238,0.7060339323792771,0,http,0,benign,0
h008,2024-03-04 02:00:00,91,86,68,6144,0.05810154051899098,0,other,1,portscan,1
h009,2024-03-04 02:00:00,21,5,7,87093,0.5176418089249964,1,http,0,benign,0
h010,2024-03-04 02:00:00,11,4,4,26714,0.5162757336483641,0,http,0,benign,0
h011,2024-03-04 02:00:00,55,52,30,136339,0.7220177730740415,0,other,0,benign,0
h012,2024-03-04 02:00:00,15,5,7,57972,0.7945413362059546,0,http,0,benign,0
h013,2024-03-04 02:00:00,12,4,6,97582,0.5003066741669019,0,http,0,benign,0
h014,2024-03-04 02:00:00,21,5,7,41987,0.771677528378058,1,http,0,benign,0
h015,2024-03-04 02:00:00,11,4,8,47118,0.45085892363103885,0,http,0,benign,0
h016,2024-03-04 02:00:00,106,98,71,6217,0.05943394477479258,0,other,1,portscan,1
h017,2024-03-04 02:00:00,8,2,2,2585939,11.029039291485526,0,ssh,0,benign,0
h018,2024-03-04 02:00:00,2,2,2,2716,3.3548808981527505,0,dns,0,benign,0
h019,2024-03-04 02:00:00,5,2,2,1405116,12.346113267278108,0,ssh,0,benign,0
h020,2024-03-04 02:00:00,3,3,3,6716,0.5225649267928725,0,http,0,benign,0
h021,2024-03-04 02:00:00,36,1,3,5384,0.24925562397018514,22,ssh,1,bruteforce,1
h022,2024-03-04 02:00:00,23,5,8,87931,0.7502220318974758,0,http,0,benign,0
h023,2024-03-04 02:00:00,5,3,3,4117,0.4022743560728072,0,http,0,benign,0
h024,2024-03-04 02:00:00,10,3,6,44156,0.4000133264047954,0,http,0,benign,0
h025,2024-03-04 02:00:00,10,3,6,44049,0.5498106496149288,0,http,0,benign,0
h026,2024-03-04 02:00:00,5,2,5,7599,0.3750945358206196,0,http,0,benign,0
h027,2024-03-04 02:00:00,26,4,8,127358,0.7419980942107423,0,http,0,benign,0
h028,2024-03-04 02:00:00,6,4,4,19174,1.2418215795564118,0,smtp,0,benign,0
h029,2024-03-04 02:00:00,18,5,8,96431,1.0209203809166683,0,http,0,benign,0
h030,2024-03-04 02:00:00,2,2,2,9525,0.6286845995339474,0,http,0,benign,0
h031,2024-03-04 02:00:00,4,3,3,9073,0.29829000281801216,0,http,0,benign,0
h032,2024-03-04 02:00:00,3,3,3,9901,0.12602328726038933,0,http,0,benign,0
h033,2024-03-04 02:00:00,13,4,8,48334,0.5892926846090952,0,http,0,benign,0
h034,2024-03-04 02:00:00,53,49,27,136470,0.7164787462538622,0,other,0,benign,0
h035,2024-03-04 02:00:00,13,4,7,96982,1.6553549911666479,0,http,0,benign,0
h036,2024-03-04 02:00:00,31,5,7,74876,0.6565529977782417,0,http,0,benign,0
h037,2024-03-04 02:00:00,24,5,8,80771,0.6125904981081609,0,http,0,benign,0
h038,2024-03-04 02:00:00,9,3,4,16457,1.4733940156638634,0,http,0,benign,0
h039,2024-03-04 02:00:00,5,3,5,42851,0.5546016433618726,0,http,0,benign,0
h040,2024-03-04 02:00:00,48,46,28,131029,0.4005394833313261,0,other,0,benign,0
h041,2024-03-04 02:00:00,16,4,8,63316,0.4102434081226283,0,http,0,benign,0
h042,2024-03-04 02:00:00,4,3,4,7540,0.2945748906537804,0,http,0,benign,0
h043,2024-03-04 02:00:00,16,5,8,42983,0.5865483804519828,0,http,0,benign,0
h044,2024-03-04 02:00:00,7,2,5,19008,0.40801754995432266,0,http,0,benign,0
h045,2024-03-04 02:00:00,11,4,6,40036,0.4841494810679164,0,http,0,benign,0
h046,2024-03-04 02:00:00,18,5,8,80949,0.5431841479166766,0,http,0,benign,0
h047,2024-03-04 02:00:00,5,3,4,13065,0.18935703134356013,1,http,0,benign,0
h048,2024-03-04 02:00:00,59,52,39,3894,0.058630849482958006,0,other,0,benign,0
h049,2024-03-04 02:00:00,3,2,2,37075,0.48940851745992614,0,http,0,benign,0
h050,2024-03-04 02:00:00,9,4,6,32903,0.545211088298086,0,http,0,benign,0
h051,2024-03-04 02:00:00,23,5,8,50106,0.4774651805543492,0,http,0,benign,0
h052,2024-03-04 02:00:00,4,2,2,3671,0.6725853518063274,0,http,0,benign,0
h053,2024-03-04 02:00:00,4,2,2,1450982,19.957018835646426,0,http,0,benign,0
h054,2024-03-04 02:00:00,95,88,76,5543,0.056155412345183266,0,other,1,portscan,1
h055,2024-03-04 02:00:00,31,5,8,179067,0.8566134497352041,0,http,0,benign,0
h056,2024-03-04 02:00:00,2,1,1,2437464,14.050085838747034,0,http,1,exfil,1
h057,2024-03-04 02:00:00,27,4,8,59683,0.37886787145634415,0,http,0,benign,0
h058,2024-03-04 02:00:00,11,4,6,30300,0.4842170759071384,0,http,0,benign,0
h059,2024-03-04 02:00:00,36,1,3,6658,0.2150065719359389,23,ssh,1,bruteforce,1
h000,2024-03-04 03:00:00,3,2,3,25984,0.34812437817475556,0,http,0,benign,0
h001,2024-03-04 03:00:00,3,2,3,5232,0.5611929086231312,0,http,0,benign,0
h002,2024-03-04 03:00:00,12,4,6,38742,0.7718142293338756,0,http,0,benign,0
h003,2024-03-04 03:00:00,3,2,1,2237446,24.520905281092165,0,http,1,exfil,1
h004,2024-03-04 03:00:00,10,4,6,91124,0.7241629860412606,1,http,0,benign,0
h005,2024-03-04 03:00:00,10,4,5,33426,0.38188743155438576,0,http,0,benign,0
h006,2024-03-04 03:00:00,22,5,8,120589,0.6435634483774393,0,http,0,benign,0
h007,2024-03-04 03:00:00,14,5,7,37513,0.4512855893782572,0,http,0,benign,0
h008,2024-03-04 03:00:00,70,1,3,11314,0.24462958681604832,63,ssh,0,benign,0
h009,2024-03-04 03:00:00,16,4,7,102127,0.5630709180878408,0,http,0,benign,0
h010,2024-03-04 03:00:00,7,3,4,15917,0.2114388742496909,0,http,0,benign,0
h011,2024-03-04 03:00:00,3,2,3,3109,0.6868046282437406,0,http,0,benign,0
h012,2024-03-04 03:00:00,8,4,4,97786,0.4408461442709332,0,http,0,benign,0
h013,2024-03-04 03:00:00,7,4,7,26777,0.5218373873992442,0,http,0,benign,0
h014,2024-03-04 03:00:00,11,3,5,29300,0.45883789559336363,0,http,0,benign,0
h015,2024-03-04 03:00:00,1,1,1,925,0.45645498048434785,0,http,0,benign,0
h016,2024-03-04 03:00:00,6,2,2,1460595,27.833990406441057,0,ssh,0,benign,0
h017,2024-03-04 03:00:00,22,5,8,92337,0.4571062331990594,0,http,0,benign,0
h018,2024-03-04 03:00:00,10,3,4,38456,0.23823323286026915,1,http,0,benign,0
h019,2024-03-04 03:00:00,47,5,8,150085,0.5780143070483192,1,http,0,benign,0
h020,2024-03-04 03:00:00,7,3,4,37672,0.6596846458683433,0,http,0,benign,0
h021,2024-03-04 03:00:00,7,3,6,42493,0.40372805485635854,0,http,0,benign,0
h022,2024-03-04 03:00:00,6,2,5,5279,0.5310412973085292,0,http,0,benign,0
h023,2024-03-04 03:00:00,25,5,7,210520,0.5701250305265124,2,http,0,benign,0
h024,2024-03-04 03:00:00,25,4,8,90872,0.4988244829891768,1,http,0,benign,0
h025,2024-03-04 03:00:00,16,5,7,49516,0.5563015847727186,0,http,0,benign,0
h026,2024-03-04 03:00:00,16,5,7,44894,0.2982252814963945,0,http,0,benign,0
h027,2024-03-04 03:00:00,35,5,8,111897,0.7092862797950605,0,http,0,benign,0
h028,2024-03-04 03:00:00,13,5,6,27226,0.7502414825404133,0,http,0,benign,0
h029,2024-03-04 03:00:00,27,4,8,134443,0.6598030633654351,1,http,0,benign,0
h030,2024-03-04 03:00:00,5,1,1,4062415,69.15993245694911,0,http,1,exfil,1
h031,2024-03-04 03:00:00,17,5,6,52987,0.5964555580423275,0,http,0,benign,0
h032,2024-03-04 03:00:00,19,5,7,91851,0.7121998328800165,0,http,0,benign,0
h033,2024-03-04 03:00:00,17,5,7,42905,0.6510501716156041,0,http,0,benign,0
h034,2024-03-04 03:00:00,13,4,7,59128,0.6398468613894382,1,http,0,benign,0
h035,2024-03-04 03:00:00,5,4,4,22081,0.8766445373426848,0,http,0,benign,0
h036,2024-03-04 03:00:00,5,3,3,9584,0.7057884336921545,0,http,0,benign,0
h037,2024-03-04 03:00:00,26,3,8,86789,0.541497202742642,0,http,0,benign,0
h038,2024-03-04 03:00:00,17,3,5,67855,0.9355604955731873,0,http,0,benign,0
h039,2024-03-04 03:00:00,25,5,7,223111,0.3302164788575502,1,http,0,benign,0
h040,2024-03-04 03:00:00,38,37,23,88902,0.5317079977281151,0,other,0,benign,0
h041,2024-03-04 03:00:00,7,3,5,24215,1.2784392102674411,1,http,0,benign,0
h042,2024-03-04 03:00:00,17,5,8,29482,0.6169911258917109,0,http,0,benign,0
h043,2024-03-04 03:00:00,2,2,2,2214,2.4692683985918613,0,ssh,0,benign,0
h044,2024-03-04 03:00:00,25,4,8,99166,0.536370730015477,0,http,0,benign,0
h045,2024-03-04 03:00:00,17,4,7,53844,0.39952714271587175,0,http,0,benign,0
h046,2024-03-04 03:00:00,22,5,8,102272,0.5711485620580333,0,http,0,benign,0
h047,2024-03-04 03:00:00,7,2,4,11590,0.5742342810727277,0,http,0,benign,0
h048,2024-03-04 03:00:00,6,4,6,39752,1.046687769997048,0,http,0,benign,0
h049,2024-03-04 03:00:00,7,5,5,18915,0.3804453600736299,0,http,0,benign,0
h050,2024-03-04 03:00:00,5,2,4,20559,2.0367037008716053,0,http,0,benign,0
h051,2024-03-04 03:00:00,16,5,6,39362,0.3811232437025188,0,http,0,benign,0
h052,2024-03-04 03:00:00,12,4,8,25418,0.47929658239793604,0,http,0,benign,0
h053,2024-03-04 03:00:00,11,3,5,58159,0.710653036386693,0,http,0,benign,0
h054,2024-03-04 03:00:00,3,3,3,5985,0.2790137517146973,0,http,0,benign,0
h055,2024-03-04 03:00:00,4,2,3,4115,0.6402461648287656,0,http,0,benign,0
h056,2024-03-04 03:00:00,6,4,5,15078,0.22279965914427868,0,http,0,benign,0
h057,2024-03-04 03:00:00,3,3,2,4859,0.21182194176641833,0,http,0,benign,0
h058,2024-03-04 03:00:00,13,4,8,51482,0.5482360771501731,0,http,0,benign,0
h059,2024-03-04 03:00:00,7,4,5,13560,0.29434806618566817,0,http,0,benign,0
h000,2024-03-04 04:00:00,3,2,1,1043043,17.77065998495002,0,ssh,1,exfil,1
h001,2024-03-04 04:00:00,5,4,3,8352,0.6345360968800354,0,smtp,0,benign,0
h002,2024-03-04 04:00:00,26,4,8,188865,0.5945203634201756,1,http,0,benign,0
h003,2024-03-04 04:00:00,29,5,8,100806,0.44699141758505756,0,http,0,benign,0
h004,2024-03-04 04:00:00,9,4,5,50566,0.4742949243472462,0,http,0,benign,0
h005,2024-03-04 04:00:00,12,4,6,33890,0.7736232450415929,1,http,0,benign,0
h006,2024-03-04 04:00:00,2,2,2,507,0.6681422735323719,0,http,0,benign,0
h007,2024-03-04 04:00:00,12,4,6,24433,0.583894532092637,0,http,0,benign,0
h008,2024-03-04 04:00:00,17,5,8,61127,0.4409775566807241,0,http,0,benign,0
h009,2024-03-04 04:00:00,47,47,27,118730,0.5067786684444313,0,other,0,benign,0
h010,2024-03-04 04:00:00,6,2,4,57173,0.3807506640363028,0,http,0,benign,0
h011,2024-03-04 04:00:00,23,5,8,81567,0.7192926199202058,0,http,0,benign,0
h012,2024-03-04 04:00:00,1,1,1,2379,2.081917548400395,0,dns,0,benign,0
h013,2024-03-04 04:00:00,4,2,3,6742,1.1604092674730533,0,http,0,benign,0
h014,2024-03-04 04:00:00,8,4,4,29443,0.37776451928566185,1,http,0,benign,0
h015,2024-03-04 04:00:00,11,4,7,35174,0.794845981974878,0,http,0,benign,0
h016,2024-03-04 04:00:00,9,2,2,3462914,23.483326678055384,0,http,0,benign,0
h017,2024-03-04 04:00:00,3,3,2,5786,0.7011634072481652,0,http,0,benign,0
h018,2024-03-04 04:00:00,22,4,8,51062,0.42152126308846616,0,http,0,benign,0
h019,2024-03-04 04:00:00,57,51,34,188542,0.4616573528588509,0,other,0,benign,0
h020,2024-03-04 04:00:00,9,3,7,28723,0.7685460025968099,0,http,0,benign,0
h021,2024-03-04 04:00:00,4,2,4,9265,0.46244156477063925,0,dns,0,benign,0
h022,2024-03-04 04:00:00,5,2,5,95056,0.30902124293800853,0,http,0,benign,0
h023,2024-03-04 04:00:00,8,4,6,24070,0.6481284422463274,0,http,0,benign,0
h024,2024-03-04 04:00:00,2,2,2,2154,0.9777984471263624,0,ssh,0,benign,0
h025,2024-03-04 04:00:00,4,3,3,4773,0.41251663086594226,0,http,0,benign,0
h026,2024-03-04 04:00:00,10,4,5,36885,0.34552845170125374,0,http,0,benign,0
h027,2024-03-04 04:00:00,6,4,5,17795,0.7934107404768209,1,http,0,benign,0
h028,2024-03-04 04:00:00,2,1,1,462628,25.726012828390434,0,ssh,1,exfil,1
h029,2024-03-04 04:00:00,23,4,8,112662,0.8442945304177227,0,http,0,benign,0
h030,2024-03-04 04:00:00,125,117,90,7885,0.056716930983875785,0,other,0,benign,0
h031,2024-03-04 04:00:00,21,5,8,105131,0.5319752472446018,0,http,0,benign,0
h032,2024-03-04 04:00:00,16,5,7,45893,0.4653175109534427,1,http,0,benign,0
h033,2024-03-04 04:00:00,126,119,93,7379,0.05624133444550743,0,other,1,portscan,1
h034,2024-03-04 04:00:00,13,5,7,120649,0.44284037130908244,0,http,0,benign,0
h035,2024-03-04 04:00:00,4,3,4,30317,1.037016276024186,0,http,0,benign,0
h036,2024-03-04 04:00:00,21,3,8,61381,0.509214955043033,0,http,0,benign,0
h037,2024-03-04 04:00:00,3,1,2,4173771,13.336013253407216,0,ssh,0,benign,0
h038,2024-03-04 04:00:00,6,3,4,77056,0.2155899107725615,0,http,0,benign,0
h039,2024-03-04 04:00:00,4,2,2,819850,35.59348210117134,0,http,0,benign,0
h040,2024-03-04 04:00:00,10,3,5,27708,0.5135648505862029,0,http,0,benign,0
h041,2024-03-04 04:00:00,13,4,7,51112,0.47999327755327104,0,http,0,benign,0
h042,2024-03-04 04:00:00,67,61,47,4057,0.05640674085591414,0,other,1,portscan,1
h043,2024-03-04 04:00:00,5,2,4,16339,0.29878084518580217,0,dns,0,benign,0
h044,2024-03-04 04:00:00,11,4,6,123931,0.5834138560295773,0,http,0,benign,0
h045,2024-03-04 04:00:00,7,3,5,29115,0.25845079807926813,0,http,0,benign,0
h046,2024-03-04 04:00:00,28,5,8,66608,0.6976439469462489,0,http,0,benign,0
h047,2024-03-04 04:00:00,10,4,7,18586,0.33752015265346885,1,http,0,benign,0
h048,2024-03-04 04:00:00,28,5,8,73020,1.100951056058402,1,http,0,benign,0
h049,2024-03-04 04:00:00,5,2,5,62183,0.5099952793158791,0,http,0,benign,0
h050,2024-03-04 04:00:00,46,42,27,159983,0.6643167871991186,0,other,0,benign,0
h051,2024-03-04 04:00:00,19,4,8,47051,0.3523941553642889,0,http,0,benign,0
h052,2024-03-04 04:00:00,17,3,7,50694,0.6695976609999273,1,http,0,benign,0
h053,2024-03-04 04:00:00,32,5,8,104857,1.0976500770675999,0,http,0,benign,0
h054,2024-03-04 04:00:00,1,1,1,466,1.4774544324958176,0,smtp,0,benign,0
h055,2024-03-04 04:00:00,158,148,99,10352,0.05511769661734592,0,other,1,portscan,1
h056,2024-03-04 04:00:00,6,3,5,22386,0.4489975807720063,0,http,0,benign,0
h057,2024-03-04 04:00:00,9,3,5,39743,0.43085084966853043,0,http,0,benign,0
h058,2024-03-04 04:00:00,5,2,2,739233,17.058620537315214,0,ssh,0,benign,0
h059,2024-03-04 04:00:00,27,5,8,55447,0.3904801866687696,0,http,0,benign,0
h000,2024-03-04 05:00:00,36,5,7,170847,0.5805229554050069,0,http,0,benign,0
h001,2024-03-04 05:00:00,11,2,8,103743,0.8492192980135314,0,http,0,benign,0
h002,2024-03-04 05:00:00,13,4,6,33929,0.5595131569513818,0,http,0,benign,0
h003,2024-03-04 05:00:00,34,5,8,147687,0.5423895380651339,0,http,0,benign,0
h004,2024-03-04 05:00:00,15,5,6,51105,0.8639370539296727,0,http,0,benign,0
h005,2024-03-04 05:00:00,115,108,84,8061,0.05054745802526188,0,other,1,portscan,1
h006,2024-03-04 05:00:00,7,2,6,6234,0.5246163727826819,0,dns,0,benign,0
h007,2024-03-04 05:00:00,15,4,5,38250,0.7040504370851016,2,http,0,benign,0
h008,2024-03-04 05:00:00,11,4,7,89076,1.0240788708915882,0,http,0,benign,0
h009,2024-03-04 05:00:00,5,2,5,8619,0.33808095776786,0,http,0,benign,0
h010,2024-03-04 05:00:00,23,4,8,114773,0.5871221958438785,1,http,0,benign,0
h011,2024-03-04 05:00:00,11,3,6,13903,0.30267378586047555,0,http,0,benign,0
h012,2024-03-04 05:00:00,6,4,4,15014,0.4804774745277813,0,http,0,benign,0
h013,2024-03-04 05:00:00,8,5,5,14910,0.8954434886101772,0,http,0,benign,0
h014,2024-03-04 05:00:00,13,4,8,147178,0.31681369086304717,1,http,0,benign,0
h015,2024-03-04 05:00:00,22,5,8,85151,0.9413834443745785,0,http,1,benign,0
h016,2024-03-04 05:00:00,9,4,5,16331,0.7954156691866697,0,http,0,benign,0
h017,2024-03-04 05:00:00,2,2,2,12803,0.6676562257423252,0,http,0,benign,0
h018,2024-03-04 05:00:00,29,5,8,107336,0.4866782646633111,1,http,0,benign,0
h019,2024-03-04 05:00:00,31,5,8,151775,0.37277697295554924,0,http,0,benign,0
h020,2024-03-04 05:00:00,5,3,4,9091,0.5638722574865709,0,http,0,benign,0
h021,2024-03-04 05:00:00,58,57,30,146423,0.55879802787531,0,other,0,benign,0
h022,2024-03-04 05:00:00,10,5,7,80763,0.6089785399432218,0,http,0,benign,0
h023,2024-03-04 05:00:00,25,4,8,119235,0.3349846322050569,0,http,0,benign,0
h024,2024-03-04 05:00:00,11,5,7,32733,0.6782344108797055,0,http,0,benign,0
h025,2024-03-04 05:00:00,3,2,2,1372912,22.341542663558453,0,ssh,0,benign,0
h026,2024-03-04 05:00:00,15,5,6,118200,0.960137042827125,0,http,0,benign,0
h027,2024-03-04 05:00:00,13,4,8,55116,0.5745742790998942,0,http,0,benign,0
h028,2024-03-04 05:00:00,22,5,8,111688,0.6707458242455144,1,http,0,benign,0
h029,2024-03-04 05:00:00,7,2,5,22291,0.6942283652720954,0,http,0,benign,0
h030,2024-03-04 05:00:00,182,165,122,11694,0.05766464938778457,0,other,1,portscan,1
h031,2024-03-04 05:00:00,8,3,5,42595,0.22991265237732103,0,http,0,benign,0
h032,2024-03-04 05:00:00,1,1,1,633,0.36469488342957224,0,http,0,benign,0
h033,2024-03-04 05:00:00,96,86,69,6490,0.058632009845331984,0,other,1,portscan,1
h034,2024-03-04 05:00:00,8,4,5,25029,0.4964222980440358,1,http,0,benign,0
h035,2024-03-04 05:00:00,4,4,3,23447,0.3856953025291756,0,http,0,benign,0
h036,2024-03-04 05:00:00,18,4,8,93154,0.6084002796505714,0,http,0,benign,0
h037,2024-03-04 05:00:00,3,2,3,19150,0.3732868521428396,0,http,0,benign,0
h038,2024-03-04 05:00:00,10,3,5,30141,0.4788345740853063,0,http,0,benign,0
h039,2024-03-04 05:00:00,36,5,8,170300,0.6156990970660424,0,http,0,benign,0
h040,2024-03-04 05:00:00,10,4,7,31572,1.0189881817134503,0,http,0,benign,0
h041,2024-03-04 05:00:00,3,2,3,9427,0.20406632900611266,0,http,0,benign,0
h042,2024-03-04 05:00:00,8,4,5,16466,0.32476005103101696,0,http,0,benign,0
h043,2024-03-04 05:00:00,26,5,7,219551,0.8771408723042409,2,http,0,benign,0
h044,2024-03-04 05:00:00,12,5,6,30191,0.6806236701574222,0,http,0,benign,0
h045,2024-03-04 05:00:00,15,5,6,154878,0.6219487833468887,0,http,0,benign,0
h046,2024-03-04 05:00:00,10,4,6,21639,0.28579050154098545,0,http,0,benign,0
h047,2024-03-04 05:00:00,5,2,4,15498,0.743247395964261,0,http,0,benign,0
h048,2024-03-04 05:00:00,10,3,4,78767,1.1966479784075152,0,http,0,benign,0
h049,2024-03-04 05:00:00,4,3,4,10637,3.0698195422507375,0,http,0,benign,0
h050,2024-03-04 05:00:00,13,5,6,48308,0.321607935971239,0,http,0,benign,0
h051,2024-03-04 05:00:00,18,3,7,46018,0.41384813381195623,0,http,0,benign,0
h052,2024-03-04 05:00:00,21,5,8,73518,0.5427458558478547,0,http,0,benign,0
h053,2024-03-04 05:00:00,7,4,4,24270,1.2255812526410008,0,http,0,benign,0
h054,2024-03-04 05:00:00,9,2,1,2122358,45.547060890052016,0,ssh,1,exfil,1
h055,2024-03-04 05:00:00,9,5,6,52906,0.5506398879231524,0,http,0,benign,0
h056,2024-03-04 05:00:00,7,2,2,1940735,14.819458212098747,0,ssh,0,benign,0
h057,2024-03-04 05:00:00,12,4,6,70575,0.4971660890068664,0,http,0,benign,0
h058,2024-03-04 05:00:00,15,5,6,300666,0.8552043874921064,0,http,0,benign,0
h059,2024-03-04 05:00:00,139,133,96,8432,0.06040964763771568,0,other,1,portscan,1
h000,2024-03-04 06:00:00,5,2,2,1863956,9.690733277880213,0,http,0,benign,0
h001,2024-03-04 06:00:00,16,5,7,51681,1.3274871245359785,0,http,0,benign,0
h002,2024-03-04 06:00:00,4,1,4,2835,0.3168246167671493,0,http,0,benign,0
h003,2024-03-04 06:00:00,13,5,6,32155,0.7807142095342097,0,http,0,benign,0
h004,2024-03-04 06:00:00,25,4,8,125710,0.7920469300652961,0,http,0,benign,0
h005,2024-03-04 06:00:00,7,3,4,22502,1.2585031229796737,0,http,0,benign,0
h006,2024-03-04 06:00:00,111,103,77,7568,0.05008511871367288,0,other,1,portscan,1
h007,2024-03-04 06:00:00,19,4,8,42290,0.3921465959824619,1,http,0,benign,0
h008,2024-03-04 06:00:00,70,1,3,11737,0.22966960771282094,64,ssh,1,bruteforce,1
h009,2024-03-04 06:00:00,27,5,8,169686,0.619405397109564,0,http,0,benign,0
h010,2024-03-04 06:00:00,5,4,2,6368,0.29146779004206746,0,http,0,benign,0
h011,2024-03-04 06:00:00,14,5,7,45290,0.4640350407876279,0,http,0,benign,0
h012,2024-03-04 06:00:00,9,4,7,98020,0.6251821958117542,0,http,0,benign,0
h013,2024-03-04 06:00:00,12,4,8,38015,0.46111022644679994,0,http,0,benign,0
h014,2024-03-04 06:00:00,16,5,6,153344,0.6195464603549027,0,http,0,benign,0
h015,2024-03-04 06:00:00,21,4,8,100662,0.7310928149525049,0,http,0,benign,0
h016,2024-03-04 06:00:00,3,2,1,2452823,15.528945380774163,0,ssh,1,exfil,1
h017,2024-03-04 06:00:00,5,3,3,4943,0.34026033972057845,0,http,0,benign,0
h018,2024-03-04 06:00:00,8,4,5,37665,0.6368137225369593,0,smtp,0,benign,0
h019,2024-03-04 06:00:00,5,2,4,5965,0.311147901515576,0,http,0,benign,0
h020,2024-03-04 06:00:00,2,2,2,8121,2.228982457025741,0,http,0,benign,0
h021,2024-03-04 06:00:00,7,2,6,10882,0.49912199878030183,0,dns,0,benign,0
h022,2024-03-04 06:00:00,18,4,8,45650,0.5355259677553859,0,http,0,benign,0
h023,2024-03-04 06:00:00,19,5,8,62668,0.9601248675896898,0,http,0,benign,0
h024,2024-03-04 06:00:00,24,4,8,138386,0.8688141939959214,0,http,0,benign,0
h025,2024-03-04 06:00:00,3,2,3,24352,0.469877034617231,0,http,0,benign,0
h026,2024-03-04 06:00:00,78,71,51,4749,0.057091994563973354,0,other,1,portscan,1
h027,2024-03-04 06:00:00,16,5,6,44622,0.7709142692965788,1,http,0,benign,0
h028,2024-03-04 06:00:00,21,4,7,63946,0.4793106749399905,0,http,0,benign,0
h029,2024-03-04 06:00:00,15,4,7,89325,0.48900344143469965,0,http,0,benign,0
h030,2024-03-04 06:00:00,23,4,8,81761,0.7661024028057978,0,http,0,benign,0
h031,2024-03-04 06:00:00,10,4,5,56844,0.5595119214743538,0,http,0,benign,0
h032,2024-03-04 06:00:00,10,3,4,25211,0.4734182170465525,0,http,0,benign,0
h033,2024-03-04 06:00:00,55,53,31,145317,0.6425288995579145,0,other,0,benign,0
h034,2024-03-04 06:00:00,48,46,32,144470,0.5712192783896419,0,other,0,benign,0
h035,2024-03-04 06:00:00,10,4,5,28311,1.2622191652640466,0,http,0,benign,0
h036,2024-03-04 06:00:00,13,5,8,37409,0.5523905695615118,0,http,0,benign,0
h037,2024-03-04 06:00:00,9,4,5,19974,0.2437697493154499,1,http,0,benign,0
h038,2024-03-04 06:00:00,3,2,3,20676,0.5694262986483706,0,http,0,benign,0
h039,2024-03-04 06:00:00,56,54,29,166661,0.5473104434436274,0,other,0,benign,0
h040,2024-03-04 06:00:00,59,1,3,11388,0.2687405214127456,53,ssh,1,bruteforce,1
h041,2024-03-04 06:00:00,17,4,8,52666,0.7990371640278994,0,http,0,benign,0
h042,2024-03-04 06:00:00,30,5,8,98436,0.6428010972212455,2,http,0,benign,0
h043,2024-03-04 06:00:00,17,5,7,36744,0.8141023410688408,0,http,0,benign,0
h044,2024-03-04 06:00:00,3,2,2,2037,0.31195164653250546,0,http,0,benign,0
h045,2024-03-04 06:00:00,26,5,7,112589,0.4214127109674528,0,http,0,benign,0
h046,2024-03-04 06:00:00,5,3,4,83527,1.806424491936252,0,http,0,benign,0
h047,2024-03-04 06:00:00,3,3,2,6194,0.35822059472055656,0,smtp,0,benign,0
h048,2024-03-04 06:00:00,13,3,6,19049,0.709946487999965,1,http,0,benign,0
h049,2024-03-04 06:00:00,123,117,84,8800,0.058928708525432534,0,other,1,portscan,1
h050,2024-03-04 06:00:00,22,5,6,83825,0.49660075129645714,0,http,0,benign,0
h051,2024-03-04 06:00:00,13,4,8,54017,0.8061402121573071,0,http,0,benign,0
h052,2024-03-04 06:00:00,8,3,4,11210,0.6768439303542473,0,http,0,benign,0
h053,2024-03-04 06:00:00,21,5,7,62490,0.6240053433664264,0,http,0,benign,0
h054,2024-03-04 06:00:00,8,4,5,31155,0.2236512085427429,0,http,0,benign,0
h055,2024-03-04 06:00:00,10,4,4,35336,0.5354038593168966,1,http,0,benign,0
h056,2024-03-04 06:00:00,9,4,6,147578,0.5147370123492697,0,http,0,benign,0
h057,2024-03-04 06:00:00,17,4,7,58676,0.3924993601020872,0,http,0,benign,0
h058,2024-03-04 06:00:00,12,5,4,39523,0.5227016972857076,0,http,0,benign,0
h059,2024-03-04 06:00:00,1,1,1,1820,0.30493035617010233,0,http,0,benign,0
h000,2024-03-04 07:00:00,65,62,42,4534,0.05997508619365577,0,other,1,portscan,1
h001,2024-03-04 07:00:00,8,4,6,27420,0.40892172031967033,0,http,0,benign,0
h002,2024-03-04 07:00:00,10,4,6,55951,1.565316573009817,0,http,0,benign,0
h003,2024-03-04 07:00:00,11,5,6,25195,0.3321138765096539,0,http,0,benign,0
h004,2024-03-04 07:00:00,18,4,7,104817,0.546870131590365,0,http,0,benign,0
h005,2024-03-04 07:00:00,12,4,5,12581,0.3158359602498698,1,http,0,benign,0
h006,2024-03-04 07:00:00,17,5,7,68001,0.8491105837677045,0,http,0,benign,0
h007,2024-03-04 07:00:00,1,1,1,286,0.049946235776388806,0,dns,0,benign,0
h008,2024-03-04 07:00:00,26,4,8,77191,0.7219370382848508,0,http,0,benign,0
h009,2024-03-04 07:00:00,6,3,4,27348,1.2539782245051996,0,http,0,benign,0
h010,2024-03-04 07:00:00,8,4,5,35286,0.7388467310264617,0,http,0,benign,0
h011,2024-03-04 07:00:00,18,5,7,127045,0.5217956151549487,0,http,0,benign,0
h012,2024-03-04 07:00:00,13,5,7,38896,0.5609452174662946,0,http,0,benign,0
h013,2024-03-04 07:00:00,62,62,43,3765,0.0566034619704569,0,other,1,portscan,1
h014,2024-03-04 07:00:00,15,4,7,86585,0.6908273776025021,1,http,0,benign,0
h015,2024-03-04 07:00:00,11,4,6,44947,1.297607760338688,0,http,0,benign,0
h016,2024-03-04 07:00:00,16,5,8,97129,0.46350879381508225,0,http,0,benign,0
h017,2024-03-04 07:00:00,27,4,6,102584,0.6042630726950725,1,http,1,benign,0
h018,2024-03-04 07:00:00,15,4,6,27442,0.344259948531121,1,http,0,benign,0
h019,2024-03-04 07:00:00,55,51,27,135510,0.6156342701813551,0,other,0,benign,0
h020,2024-03-04 07:00:00,4,2,3,13018,0.7894288293165619,2,http,0,benign,0
h021,2024-03-04 07:00:00,15,4,7,50854,0.6037606269983206,0,http,1,benign,0
h022,2024-03-04 07:00:00,18,4,7,54813,0.9609491640257338,0,http,0,benign,0
h023,2024-03-04 07:00:00,47,45,29,186786,0.5419577421402215,0,other,0,benign,0
h024,2024-03-04 07:00:00,5,3,2,14331,1.0199146941313983,0,http,0,benign,0
h025,2024-03-04 07:00:00,3,2,1,1361904,13.322287654869795,0,http,0,benign,0
h026,2024-03-04 07:00:00,13,5,7,59952,0.8026106630361508,0,http,0,benign,0
h027,2024-03-04 07:00:00,9,3,8,31901,0.545214039984145,0,http,0,benign,0
h028,2024-03-04 07:00:00,3,2,3,5225,0.6011120093264052,0,ssh,0,benign,0
h029,2024-03-04 07:00:00,8,3,5,22811,0.6817637019475412,0,http,0,benign,0
h030,2024-03-04 07:00:00,7,2,2,5922075,20.161753227709223,0,http,0,benign,0
h031,2024-03-04 07:00:00,7,3,5,12015,0.384228663594934,0,http,0,benign,0
h032,2024-03-04 07:00:00,40,5,8,134345,0.6393490528664303,0,http,0,benign,0
h033,2024-03-04 07:00:00,20,4,6,85679,0.4353617874528557,0,http,0,benign,0
h034,2024-03-04 07:00:00,13,2,6,25855,0.581859299108964,1,http,0,benign,0
h035,2024-03-04 07:00:00,12,4,6,56539,0.3831508158117796,1,http,0,benign,0
h036,2024-03-04 07:00:00,37,4,8,172745,0.3849469130437759,0,http,0,benign,0
h037,2024-03-04 07:00:00,2,2,2,27468,0.36599556101482433,0,dns,0,benign,0
h038,2024-03-04 07:00:00,9,3,5,8034,0.5366735140139112,0,http,0,benign,0
h039,2024-03-04 07:00:00,25,5,8,64743,0.4724367974229591,0,http,0,benign,0
h040,2024-03-04 07:00:00,36,5,8,117944,0.5135959215650019,0,http,0,benign,0
h041,2024-03-04 07:00:00,17,5,8,68517,0.8281217795717282,0,http,0,benign,0
h042,2024-03-04 07:00:00,5,1,4,11546,0.5879399363925785,0,http,0,benign,0
h043,2024-03-04 07:00:00,58,1,3,9641,0.24093605126593884,53,ssh,1,bruteforce,1
h044,2024-03-04 07:00:00,18,5,7,39618,0.46469809239786486,0,http,0,benign,0
h045,2024-03-04 07:00:00,21,4,8,114562,0.4843909280775057,0,http,0,benign,0
h046,2024-03-04 07:00:00,24,4,7,115383,0.4656304648711253,0,http,0,benign,0
h047,2024-03-04 07:00:00,10,5,6,34612,0.5933607431538885,0,http,0,benign,0
h048,2024-03-04 07:00:00,120,107,82,8535,0.05575691450172116,0,other,1,portscan,1
h049,2024-03-04 07:00:00,14,3,7,103580,0.8743041693995243,1,http,0,benign,0
h050,2024-03-04 07:00:00,21,5,8,42939,0.4911982487049221,0,http,0,benign,0
h051,2024-03-04 07:00:00,59,54,30,154667,0.48296603180699976,0,other,0,benign,0
h052,2024-03-04 07:00:00,39,5,8,128512,0.7415775706318432,1,http,0,benign,0
h053,2024-03-04 07:00:00,21,5,8,120219,0.5732662871184901,0,http,0,benign,0
h054,2024-03-04 07:00:00,4,4,3,36747,0.5556529071663814,0,http,0,benign,0
h055,2024-03-04 07:00:00,23,4,8,73350,0.7249336769655741,0,http,0,benign,0
h056,2024-03-04 07:00:00,7,3,6,13375,1.9428306899234045,0,http,0,benign,0
h057,2024-03-04 07:00:00,5,2,4,45769,0.5457135774181279,0,http,0,benign,0
h058,2024-03-04 07:00:00,12,4,6,30100,1.0913495234313566,0,http,0,benign,0
h059,2024-03-04 07:00:00,25,5,8,77702,0.602698923407313,0,http,0,benign,0
h000,2024-03-04 08:00:00,19,5,7,159852,0.674389318722314,0,http,0,benign,0
h001,2024-03-04 08:00:00,3,2,3,38021,0.5920197489313765,0,http,0,benign,0
h002,2024-03-04 08:00:00,21,4,7,93427,0.5920768982628579,0,http,0,benign,0
h003,2024-03-04 08:00:00,15,5,8,38004,0.5250386796537625,0,http,0,benign,0
h004,2024-03-04 08:00:00,3,2,3,8509,0.2314157544955567,0,http,0,benign,0
h005,2024-03-04 08:00:00,117,108,85,7888,0.05569387180018949,0,other,1,portscan,1
h006,2024-03-04 08:00:00,9,5,7,13656,0.619945214614184,0,http,0,benign,0
h007,2024-03-04 08:00:00,6,4,5,9395,0.6340404195508508,0,http,0,benign,0
h008,2024-03-04 08:00:00,16,4,8,68941,0.6141615220741555,1,http,0,benign,0
h009,2024-03-04 08:00:00,3,3,3,28437,0.6896822595958335,0,http,0,benign,0
h010,2024-03-04 08:00:00,18,4,7,30869,0.4900077277894391,2,http,0,benign,0
h011,2024-03-04 08:00:00,9,4,3,19889,0.407364345136302,0,http,0,benign,0
h012,2024-03-04 08:00:00,42,1,3,8209,0.22674482219445785,33,ssh,1,bruteforce,1
h013,2024-03-04 08:00:00,40,38,22,125034,0.6712778289461689,0,other,0,benign,0
h014,2024-03-04 08:00:00,2,2,2,5144,0.6286558342143771,0,smtp,0,benign,0
h015,2024-03-04 08:00:00,29,5,8,104065,0.7800802781556669,0,http,0,benign,0
h016,2024-03-04 08:00:00,13,5,6,44459,0.47934039511656634,0,http,0,benign,0
h017,2024-03-04 08:00:00,9,3,8,29861,0.6004407144926021,1,http,0,benign,0
h018,2024-03-04 08:00:00,23,4,8,52341,0.6513509528749459,0,http,0,benign,0
h019,2024-03-04 08:00:00,5,1,1,982587,25.394550326031414,0,ssh,1,exfil,1
h020,2024-03-04 08:00:00,2,2,2,1470,0.8331889474840536,0,http,0,benign,0
h021,2024-03-04 08:00:00,5,2,2,1991193,12.864843358442325,0,http,0,benign,0
h022,2024-03-04 08:00:00,53,53,26,144287,0.5339442388336179,0,other,0,benign,0
h023,2024-03-04 08:00:00,8,5,5,30600,0.4815094193081161,0,http,0,benign,0
h024,2024-03-04 08:00:00,20,5,8,52332,0.5342748521162688,0,http,0,benign,0
h025,2024-03-04 08:00:00,21,4,8,240317,0.9945028726032182,1,http,0,benign,0
h026,2024-03-04 08:00:00,17,4,7,100584,0.45780044018009386,0,http,0,benign,0
h027,2024-03-04 08:00:00,3,2,2,46112,0.228278829300565,0,http,0,benign,0
h028,2024-03-04 08:00:00,14,4,7,92176,0.4100524086125617,0,http,0,benign,0
h029,2024-03-04 08:00:00,10,5,8,50404,0.4360360929403013,0,http,0,benign,0
h030,2024-03-04 08:00:00,9,3,4,18084,0.3259843051018903,0,http,0,benign,0
h031,2024-03-04 08:00:00,5,4,4,48876,0.5942379888420488,0,ssh,0,benign,0
h032,2024-03-04 08:00:00,42,5,8,233863,0.8745225619740786,0,http,0,benign,0
h033,2024-03-04 08:00:00,13,4,8,84293,0.36806790951486534,0,http,0,benign,0
h034,2024-03-04 08:00:00,2,1,1,2009071,9.357082375810629,0,http,1,exfil,1
h035,2024-03-04 08:00:00,24,5,7,86160,0.49202949363424014,0,http,0,benign,0
h036,2024-03-04 08:00:00,16,4,7,54865,0.37553283660915504,0,http,0,benign,0
h037,2024-03-04 08:00:00,73,63,47,4257,0.058679534633779555,0,other,1,portscan,1
h038,2024-03-04 08:00:00,13,5,4,163368,0.38929246409784396,0,http,0,benign,0
h039,2024-03-04 08:00:00,18,5,7,89638,0.9282593153645874,0,http,0,benign,0
h040,2024-03-04 08:00:00,15,3,7,159219,0.6617659291040057,0,http,0,benign,0
h041,2024-03-04 08:00:00,11,5,7,26918,0.3078617087763406,0,http,0,benign,0
h042,2024-03-04 08:00:00,6,3,5,12668,0.4908958744920145,0,http,0,benign,0
h043,2024-03-04 08:00:00,37,5,8,134545,0.5065975626596918,0,http,0,benign,0
h044,2024-03-04 08:00:00,3,2,2,5938,0.7176494864133716,0,smtp,0,benign,0
h045,2024-03-04 08:00:00,3,3,3,1167,0.4523098267886591,0,smtp,0,benign,0
h046,2024-03-04 08:00:00,2,2,2,1147,0.6263530378390263,0,http,0,benign,0
h047,2024-03-04 08:00:00,12,3,5,46919,0.3439566046968218,0,http,1,benign,0
h048,2024-03-04 08:00:00,7,2,2,3198493,13.950355950998997,0,http,0,benign,0
h049,2024-03-04 08:00:00,11,2,2,3560998,18.498661133265923,0,http,0,benign,0
h050,2024-03-04 08:00:00,33,5,8,170931,0.6944740110610397,0,http,1,benign,0
h051,2024-03-04 08:00:00,9,4,6,32026,0.9039830584665953,0,http,0,benign,0
h052,2024-03-04 08:00:00,25,5,7,98716,0.5295646647317177,1,http,0,benign,0
h053,2024-03-04 08:00:00,4,4,3,16557,0.3797782276938013,0,http,0,benign,0
h054,2024-03-04 08:00:00,7,4,5,14308,0.6005366414538924,0,http,1,benign,0
h055,2024-03-04 08:00:00,16,4,8,81121,0.6306584405300748,0,http,0,benign,0
h056,2024-03-04 08:00:00,16,4,7,174522,0.3851423802425432,0,http,0,benign,0
h057,2024-03-04 08:00:00,6,4,4,25239,0.5164191636178913,0,dns,0,benign,0
h058,2024-03-04 08:00:00,5,4,3,20841,0.49502436443072295,0,http,0,benign,0
h059,2024-03-04 08:00:00,8,4,7,25589,0.2911778263953491,0,http,0,benign,0
h000,2024-03-04 09:00:00,20,4,7,55182,0.5272143329618872,0,http,0,benign,0
h001,2024-03-04 09:00:00,6,3,5,10125,0.3721516512098508,0,http,0,benign,0
h002,2024-03-04 09:00:00,21,5,8,99814,0.4613237649328196,0,http,0,benign,0
h003,2024-03-04 09:00:00,58,1,3,9196,0.2501880109760439,43,ssh,1,bruteforce,1
h004,2024-03-04 09:00:00,22,5,8,178306,0.5635901321309379,0,http,0,benign,0
h005,2024-03-04 09:00:00,3,2,2,7386,0.3426246238718715,0,http,0,benign,0
h006,2024-03-04 09:00:00,7,2,2,3112598,12.439622502734595,0,http,0,benign,0
h007,2024-03-04 09:00:00,14,4,7,48796,0.48420873456292135,0,http,0,benign,0
h008,2024-03-04 09:00:00,14,5,7,49362,0.30570393261035184,0,http,0,benign,0
h009,2024-03-04 09:00:00,8,3,5,32449,0.7204026208763191,0,http,0,benign,0
h010,2024-03-04 09:00:00,9,4,6,31106,0.4730140251845587,0,http,0,benign,0
h011,2024-03-04 09:00:00,54,1,3,9141,0.26133953491641554,47,ssh,1,bruteforce,1
h012,2024-03-04 09:00:00,7,4,4,27872,1.0485585642657906,0,http,0,benign,0
h013,2024-03-04 09:00:00,5,3,5,23177,1.0356456222932096,0,http,0,benign,0
h014,2024-03-04 09:00:00,4,2,3,3188,0.9841435819839588,0,http,0,benign,0
h015,2024-03-04 09:00:00,12,4,5,107053,0.49768053394808603,1,http,0,benign,0
h016,2024-03-04 09:00:00,26,5,8,95546,0.4965069566436101,0,http,0,benign,0
h017,2024-03-04 09:00:00,15,5,6,98072,0.49260483615470146,0,http,1,benign,0
h018,2024-03-04 09:00:00,40,37,24,142021,0.5598659057989787,0,other,0,benign,0
h019,2024-03-04 09:00:00,28,4,8,162616,1.0986280957175703,0,http,0,benign,0
h020,2024-03-04 09:00:00,2,1,2,1021,0.14409700685550708,0,http,0,benign,0
h021,2024-03-04 09:00:00,44,5,8,130556,0.6969672691113783,0,http,0,benign,0
h022,2024-03-04 09:00:00,16,5,8,20184,0.4630045245180374,0,http,0,benign,0
h023,2024-03-04 09:00:00,62,61,41,3879,0.066730569105588,0,other,1,portscan,1
h024,2024-03-04 09:00:00,10,4,6,26908,0.4023940665254009,0,http,0,benign,0
h025,2024-03-04 09:00:00,1,1,1,971,0.2413705458658354,0,dns,0,benign,0
h026,2024-03-04 09:00:00,22,5,7,70792,0.6516913539700085,1,http,0,benign,0
h027,2024-03-04 09:00:00,14,5,5,46568,1.0006201824122465,1,http,0,benign,0
h028,2024-03-04 09:00:00,4,2,4,23606,0.4779356575940531,0,http,0,benign,0
h029,2024-03-04 09:00:00,8,3,5,31031,0.5840667860251887,0,http,0,benign,0
h030,2024-03-04 09:00:00,30,5,7,111846,0.7665030113989767,0,http,0,benign,0
h031,2024-03-04 09:00:00,8,4,6,46736,0.9194170387527923,0,http,0,benign,0
h032,2024-03-04 09:00:00,18,4,7,83082,0.5842367000197668,0,http,0,benign,0
h033,2024-03-04 09:00:00,9,3,5,53706,0.4819889816707936,0,http,0,benign,0
h034,2024-03-04 09:00:00,3,3,3,3194,0.6345939257685766,0,http,0,benign,0
h035,2024-03-04 09:00:00,6,3,6,17756,0.3997149483811389,0,dns,0,benign,0
h036,2024-03-04 09:00:00,4,3,3,16133,0.5540874263490373,0,http,1,benign,0
h037,2024-03-04 09:00:00,103,93,69,7086,0.05529194857244395,0,other,1,portscan,1
h038,2024-03-04 09:00:00,12,5,6,53935,0.5587822173518712,0,http,0,benign,0
h039,2024-03-04 09:00:00,12,4,6,55866,0.31755071121919365,0,http,0,benign,0
h040,2024-03-04 09:00:00,9,5,6,50764,0.304255475315902,0,http,0,benign,0
h041,2024-03-04 09:00:00,116,107,84,7764,0.057843204213933824,0,other,1,portscan,1
h042,2024-03-04 09:00:00,24,5,8,119189,0.4437381626002308,0,http,0,benign,0
h043,2024-03-04 09:00:00,12,4,6,41678,0.9328877191628445,0,http,0,benign,0
h044,2024-03-04 09:00:00,8,3,6,6929,1.0951714137843913,0,http,0,benign,0
h045,2024-03-04 09:00:00,5,4,3,30228,0.27535107310016294,0,http,0,benign,0
h046,2024-03-04 09:00:00,27,5,8,80127,0.4094532921198518,1,http,0,benign,0
h047,2024-03-04 09:00:00,50,47,28,141737,0.6622966340869203,0,other,0,benign,0
h048,2024-03-04 09:00:00,6,2,4,15705,0.49042110221970203,0,http,0,benign,0
h049,2024-03-04 09:00:00,50,5,8,150669,0.7863428431809371,1,http,0,benign,0
h050,2024-03-04 09:00:00,11,5,6,53504,0.5722126155582625,0,http,0,benign,0
h051,2024-03-04 09:00:00,6,4,5,70821,0.4258020921236389,0,http,0,benign,0
h052,2024-03-04 09:00:00,18,4,7,125573,0.7276170429236951,0,http,0,benign,0
h053,2024-03-04 09:00:00,5,2,2,2517435,22.55227623665048,0,http,0,benign,0
h054,2024-03-04 09:00:00,14,4,7,31643,0.4272828298070575,0,http,0,benign,0
h055,2024-03-04 09:00:00,18,5,8,117498,0.732863748695815,0,http,0,benign,0
h056,2024-03-04 09:00:00,10,5,4,54657,0.4344010979335888,1,http,0,benign,0
h057,2024-03-04 09:00:00,17,4,6,69250,0.593439153480349,0,http,0,benign,0
h058,2024-03-04 09:00:00,36,5,8,114877,0.5203057768937058,0,http,0,benign,0
h059,2024-03-04 09:00:00,1,1,1,339,0.7979393925352124,0,http,0,benign,0
h000,2024-03-04 10:00:00,3,2,2,2690279,8.47607392480748,0,ssh,0,benign,0
h001,2024-03-04 10:00:00,12,3,7,53382,0.6439018530394548,1,http,0,benign,0
h002,2024-03-04 10:00:00,64,1,3,10238,0.2536207829788406,55,ssh,1,bruteforce,1
h003,2024-03-04 10:00:00,12,5,6,75040,0.368172327846016,0,http,0,benign,0
h004,2024-03-04 10:00:00,12,2,6,26645,0.5355065824296277,0,http,0,benign,0
h005,2024-03-04 10:00:00,128,117,89,8310,0.05217753365366534,0,other,0,benign,0
h006,2024-03-04 10:00:00,3,2,3,10713,0.23968846333024196,0,http,0,benign,0
h007,2024-03-04 10:00:00,20,5,8,67904,1.102476823211901,0,http,0,benign,0
h008,2024-03-04 10:00:00,11,4,6,43315,0.8270640310612118,0,http,0,benign,0
h009,2024-03-04 10:00:00,9,3,4,44746,0.7703332700630554,0,http,0,benign,0
h010,2024-03-04 10:00:00,51,51,27,144754,0.7921670825267121,0,other,0,benign,0
h011,2024-03-04 10:00:00,5,4,4,27737,0.5959770898994965,0,http,0,benign,0
h012,2024-03-04 10:00:00,5,2,4,18613,0.4094589064541522,0,http,0,benign,0
h013,2024-03-04 10:00:00,21,5,7,66467,0.592920861521592,0,http,0,benign,0
h014,2024-03-04 10:00:00,9,3,5,48823,0.4951960260057806,0,http,0,benign,0
h015,2024-03-04 10:00:00,10,3,6,71112,0.49019920557737756,0,http,0,benign,0
h016,2024-03-04 10:00:00,18,4,7,49606,0.5019062280520328,0,http,0,benign,0
h017,2024-03-04 10:00:00,34,1,3,6177,0.24235543685279412,23,ssh,0,benign,0
h018,2024-03-04 10:00:00,23,5,8,128634,0.577551969864112,0,http,0,benign,0
h019,2024-03-04 10:00:00,14,4,8,41518,0.5629672080762509,0,http,1,benign,0
h020,2024-03-04 10:00:00,22,5,8,58511,0.5342322368103646,0,http,0,benign,0
h021,2024-03-04 10:00:00,82,78,52,5440,0.06046976242971558,0,other,1,portscan,1
h022,2024-03-04 10:00:00,44,1,3,8495,0.23456595051193566,34,ssh,1,bruteforce,1
h023,2024-03-04 10:00:00,7,3,6,7633,0.8867752613323009,0,http,0,benign,0
h024,2024-03-04 10:00:00,5,2,2,1106956,31.037549925597766,0,ssh,0,benign,0
h025,2024-03-04 10:00:00,6,3,4,47621,0.31397675048399454,0,http,0,benign,0
h026,2024-03-04 10:00:00,2,2,2,1407814,8.203388693521298,0,ssh,0,benign,0
h027,2024-03-04 10:00:00,7,4,5,24999,0.8645409500270763,0,http,0,benign,0
h028,2024-03-04 10:00:00,13,5,6,85416,0.7067289007225466,0,http,0,benign,0
h029,2024-03-04 10:00:00,2,2,2,5894,0.14769246505699907,0,ssh,0,benign,0
h030,2024-03-04 10:00:00,2,2,2,12876,0.6540975257362248,0,dns,0,benign,0
h031,2024-03-04 10:00:00,6,4,4,51128,0.7465852255812943,1,dns,0,benign,0
h032,2024-03-04 10:00:00,11,4,6,25068,0.5666080926822306,1,http,0,benign,0
h033,2024-03-04 10:00:00,6,4,4,12784,0.5638075414738771,0,smtp,0,benign,0
h034,2024-03-04 10:00:00,19,5,8,62371,0.519225642341826,0,http,0,benign,0
h035,2024-03-04 10:00:00,31,4,8,170140,0.6507468395097621,1,http,0,benign,0
h036,2024-03-04 10:00:00,7,2,6,14964,0.2999544863957629,0,http,0,benign,0
h037,2024-03-04 10:00:00,2,2,2,46119,0.17155716322566303,0,http,0,benign,0
h038,2024-03-04 10:00:00,12,3,6,56183,0.443240083265324,0,http,0,benign,0
h039,2024-03-04 10:00:00,3,3,3,65467,0.23380260236976527,0,http,0,benign,0
h040,2024-03-04 10:00:00,8,4,6,62115,0.5323526443882578,0,http,0,benign,0
h041,2024-03-04 10:00:00,151,139,106,9615,0.05315784136619482,0,other,1,portscan,1
h042,2024-03-04 10:00:00,13,4,5,45682,0.4783515315403682,0,http,0,benign,0
h043,2024-03-04 10:00:00,5,4,4,17888,0.8585457788209568,0,http,0,benign,0
h044,2024-03-04 10:00:00,9,5,5,11350,0.8304823382498826,0,http,0,benign,0
h045,2024-03-04 10:00:00,11,5,6,44749,0.5052432122375295,1,http,0,benign,0
h046,2024-03-04 10:00:00,10,5,7,33941,0.38982630599536383,1,http,0,benign,0
h047,2024-03-04 10:00:00,6,2,2,3996501,8.442302113055632,0,http,0,benign,0
h048,2024-03-04 10:00:00,13,3,6,67392,0.5596718184516843,1,http,0,benign,0
h049,2024-03-04 10:00:00,9,4,5,28717,0.23734374314317902,0,http,0,benign,0
h050,2024-03-04 10:00:00,12,3,5,109485,0.7901253856861911,0,http,0,benign,0
h051,2024-03-04 10:00:00,27,4,8,98263,0.5853204686051005,0,http,0,benign,0
h052,2024-03-04 10:00:00,5,3,4,9215,0.255148472559939,0,http,0,benign,0
h053,2024-03-04 10:00:00,46,5,8,131647,0.5165317652760794,0,http,0,benign,0
h054,2024-03-04 10:00:00,37,1,3,6159,0.28689332928609973,24,ssh,1,bruteforce,1
h055,2024-03-04 10:00:00,44,43,27,175399,0.5738466966617571,0,other,0,benign,0
h056,2024-03-04 10:00:00,4,4,3,2860,0.6436938114052086,0,http,0,benign,0
h057,2024-03-04 10:00:00,21,5,8,73762,0.6764090924704045,1,http,0,benign,0
h058,2024-03-04 10:00:00,14,3,8,50514,0.41830077719360664,1,http,0,benign,0
h059,2024-03-04 10:00:00,7,4,4,16515,0.4026544832216019,1,http,0,benign,0
h000,2024-03-04 11:00:00,11,4,5,49907,0.46209058222393795,0,http,0,benign,0
h001,2024-03-04 11:00:00,12,3,6,81162,0.873188777208653,0,http,0,benign,0
h002,2024-03-04 11:00:00,12,3,6,27198,0.4712727186772732,0,http,0,benign,0
h003,2024-03-04 11:00:00,28,5,7,145432,0.9856101556056117,0,http,0,benign,0
h004,2024-03-04 11:00:00,11,4,6,57868,0.4525240764039767,0,http,0,benign,0
h005,2024-03-04 11:00:00,51,48,27,223930,0.4444634242481235,0,other,0,benign,0
h006,2024-03-04 11:00:00,1,1,1,13712,0.20704163629532352,0,http,0,benign,0
h007,2024-03-04 11:00:00,52,5,8,187029,0.44584563313172343,1,http,0,benign,0
h008,2024-03-04 11:00:00,5,2,2,1612003,13.79696935305066,0,http,0,benign,0
h009,2024-03-04 11:00:00,12,4,7,51437,0.29333329716490153,0,http,0,benign,0
h010,2024-03-04 11:00:00,11,2,6,41789,0.3685665322274636,0,http,0,benign,0
h011,2024-03-04 11:00:00,53,49,33,3287,0.05492194556310614,0,other,1,portscan,1
h012,2024-03-04 11:00:00,16,4,6,70633,0.5250386790668848,0,http,0,benign,0
h013,2024-03-04 11:00:00,16,5,8,79860,0.3456290084190915,0,http,0,benign,0
h014,2024-03-04 11:00:00,9,4,6,54376,0.6310259410157761,0,http,0,benign,0
h015,2024-03-04 11:00:00,50,48,25,186615,0.6489674573270118,0,other,0,benign,0
h016,2024-03-04 11:00:00,11,4,7,46397,0.4052120612486867,0,dns,0,benign,0
h017,2024-03-04 11:00:00,5,2,2,3299032,42.25683058950246,0,http,0,benign,0
h018,2024-03-04 11:00:00,8,4,5,23714,0.6287259310616848,0,http,0,benign,0
h019,2024-03-04 11:00:00,50,49,28,123608,0.5753682283020839,0,other,0,benign,0
h020,2024-03-04 11:00:00,25,5,7,173376,0.45922055046527716,0,http,0,benign,0
h021,2024-03-04 11:00:00,11,4,6,22072,0.5028160365291524,1,http,0,benign,0
h022,2024-03-04 11:00:00,45,44,29,128018,0.7811638554062229,0,other,0,benign,0
h023,2024-03-04 11:00:00,25,5,8,108433,0.43168926987931494,0,http,0,benign,0
h024,2024-03-04 11:00:00,27,5,8,58506,0.5854096501621159,1,http,0,benign,0
h025,2024-03-04 11:00:00,28,5,8,59715,0.42748464164351996,0,http,0,benign,0
h026,2024-03-04 11:00:00,7,2,4,16030,0.64442959136017,0,http,0,benign,0
h027,2024-03-04 11:00:00,14,4,7,90407,0.8388843703731427,0,http,0,benign,0
h028,2024-03-04 11:00:00,9,4,5,38657,0.45907743636038956,1,http,0,benign,0
h029,2024-03-04 11:00:00,11,5,6,100316,0.6180709477327923,0,http,0,benign,0
h030,2024-03-04 11:00:00,8,4,6,30173,0.5573327219831415,0,http,0,benign,0
h031,2024-03-04 11:00:00,7,4,5,11558,0.32802866921557666,0,http,0,benign,0
h032,2024-03-04 11:00:00,53,1,3,7912,0.24979197544655693,52,ssh,0,benign,0
h033,2024-03-04 11:00:00,34,5,7,184429,0.5837665552793416,0,http,0,benign,0
h034,2024-03-04 11:00:00,24,5,8,134798,0.5438807679122233,0,http,0,benign,0
h035,2024-03-04 11:00:00,7,5,5,21103,0.46997885562756236,0,http,0,benign,0
h036,2024-03-04 11:00:00,5,4,3,66820,0.5049006094486307,0,dns,0,benign,0
h037,2024-03-04 11:00:00,11,3,6,29536,0.5051489511043652,0,http,0,benign,0
h038,2024-03-04 11:00:00,60,1,3,8629,0.2585971114163203,54,ssh,1,bruteforce,1
h039,2024-03-04 11:00:00,5,3,3,20857,1.4630128092895571,0,http,0,benign,0
h040,2024-03-04 11:00:00,12,4,6,38695,0.622420377745106,0,http,0,benign,0
h041,2024-03-04 11:00:00,10,4,4,36432,0.7545482047868417,0,http,0,benign,0
h042,2024-03-04 11:00:00,18,3,7,70205,0.5830070362604973,1,http,0,benign,0
h043,2024-03-04 11:00:00,9,5,6,24446,0.46886785120053315,0,http,0,benign,0
h044,2024-03-04 11:00:00,7,2,2,2227637,9.54799119068376,0,ssh,0,benign,0
h045,2024-03-04 11:00:00,5,3,3,5619,1.2904382226970705,0,http,0,benign,0
h046,2024-03-04 11:00:00,44,41,27,143039,0.5436904240126736,0,other,1,benign,0
h047,2024-03-04 11:00:00,31,5,8,130146,0.48511039917557885,0,http,0,benign,0
h048,2024-03-04 11:00:00,10,5,5,26292,0.5618263325300078,1,http,0,benign,0
h049,2024-03-04 11:00:00,3,2,1,1089517,28.288121948344227,0,ssh,1,exfil,1
h050,2024-03-04 11:00:00,19,5,8,56927,0.5280561021482999,0,http,0,benign,0
h051,2024-03-04 11:00:00,2,2,1,536431,22.016176472738746,0,http,1,exfil,1
h052,2024-03-04 11:00:00,35,5,8,87573,0.5166903800592778,1,http,0,benign,0
h053,2024-03-04 11:00:00,8,4,4,26524,0.3774313146200013,0,http,0,benign,0
h054,2024-03-04 11:00:00,6,3,6,17167,0.4801170558506132,0,http,0,benign,0
h055,2024-03-04 11:00:00,18,5,7,38638,0.4909886933921357,0,http,0,benign,0
h056,2024-03-04 11:00:00,10,3,6,66348,0.6374698702477537,0,http,0,benign,0
h057,2024-03-04 11:00:00,147,138,102,9689,0.05615635079296291,0,other,0,benign,0
h058,2024-03-04 11:00:00,4,3,4,4707,0.76190455434984,0,smtp,1,benign,0
h059,2024-03-04 11:00:00,5,3,3,15104,0.22505514073046334,0,http,0,benign,0
h000,2024-03-04 12:00:00,19,5,7,122477,0.5113411356546977,1,http,0,benign,0
h001,2024-03-04 12:00:00,20,5,8,62057,0.5341515797561283,0,http,0,benign,0
h002,2024-03-04 12:00:00,2,1,2,37544,0.45423295246994044,0,http,0,benign,0
h003,2024-03-04 12:00:00,16,4,7,37135,0.25210449944512303,0,http,0,benign,0
h004,2024-03-04 12:00:00,47,46,23,140804,0.5655522927303338,0,other,0,benign,0
h005,2024-03-04 12:00:00,10,4,5,85787,0.4421075954274265,0,http,0,benign,0
h006,2024-03-04 12:00:00,16,5,8,84510,1.0852315640236505,0,http,0,benign,0
h007,2024-03-04 12:00:00,12,4,7,15132,0.7738612787569105,0,http,0,benign,0
h008,2024-03-04 12:00:00,21,4,8,89968,0.39364545912947463,0,http,0,benign,0
h009,2024-03-04 12:00:00,6,3,4,39337,0.9068632195535317,0,http,1,benign,0
h010,2024-03-04 12:00:00,14,4,7,35920,0.6860568805092815,0,http,0,benign,0
h011,2024-03-04 12:00:00,7,3,5,45662,0.5064733602627053,0,http,0,benign,0
h012,2024-03-04 12:00:00,51,47,30,164384,0.8102899927120519,0,other,0,benign,0
h013,2024-03-04 12:00:00,7,3,7,40176,0.23961169795697002,0,http,0,benign,0
h014,2024-03-04 12:00:00,13,3,8,70745,0.5193936818733492,0,http,0,benign,0
h015,2024-03-04 12:00:00,24,5,8,52085,0.797570475936094,0,http,0,benign,0
h016,2024-03-04 12:00:00,14,4,8,52898,0.4934771793311455,0,http,0,benign,0
h017,2024-03-04 12:00:00,7,4,5,8982,0.6183376653137928,0,http,0,benign,0
h018,2024-03-04 12:00:00,2,2,2,736,0.23241855758781418,0,dns,0,benign,0
h019,2024-03-04 12:00:00,21,4,8,92527,0.7547620204793558,0,http,0,benign,0
h020,2024-03-04 12:00:00,4,2,3,15673,0.5566769219317085,0,http,0,benign,0
h021,2024-03-04 12:00:00,13,5,7,67299,0.8212594274871085,0,http,0,benign,0
h022,2024-03-04 12:00:00,11,3,5,46790,0.7368333972415435,0,http,0,benign,0
h023,2024-03-04 12:00:00,105,101,77,7033,0.061165279166980745,0,other,1,portscan,1
h024,2024-03-04 12:00:00,9,4,5,21601,0.47833882493767327,0,http,0,benign,0
h025,2024-03-04 12:00:00,4,3,4,26943,0.5047761475436776,0,http,0,benign,0
h026,2024-03-04 12:00:00,30,5,8,76535,0.92231709594494,1,http,0,benign,0
h027,2024-03-04 12:00:00,5,2,5,23928,0.39245518586556055,0,http,0,benign,0
h028,2024-03-04 12:00:00,25,5,7,212137,0.5825623268709744,0,http,0,benign,0
h029,2024-03-04 12:00:00,11,5,7,36074,0.38092506822650324,1,http,0,benign,0
h030,2024-03-04 12:00:00,6,3,5,17107,0.5404595848238846,0,http,0,benign,0
h031,2024-03-04 12:00:00,16,4,7,36782,0.6817003004606504,0,http,0,benign,0
h032,2024-03-04 12:00:00,1,1,1,288,0.2390756468255056,0,dns,0,benign,0
h033,2024-03-04 12:00:00,143,133,97,9371,0.05403232214739143,0,other,1,portscan,1
h034,2024-03-04 12:00:00,1,1,1,1426,1.7421274384850476,0,http,0,benign,0
h035,2024-03-04 12:00:00,19,5,8,60583,0.3953565515292809,0,http,0,benign,0
h036,2024-03-04 12:00:00,7,4,6,28199,0.8871260841896108,0,http,0,benign,0
h037,2024-03-04 12:00:00,13,4,6,105143,0.8741244261191009,0,http,0,benign,0
h038,2024-03-04 12:00:00,7,3,5,42589,0.3628433202484117,0,http,0,benign,0
h039,2024-03-04 12:00:00,18,4,8,54196,0.49767515679660135,1,http,0,benign,0
h040,2024-03-04 12:00:00,6,2,6,136306,0.5817170050260353,0,http,0,benign,0
h041,2024-03-04 12:00:00,5,3,3,42179,0.40705199916476076,0,http,0,benign,0
h042,2024-03-04 12:00:00,11,4,6,39770,0.4827800418525152,0,http,0,benign,0
h043,2024-03-04 12:00:00,2,2,2,19391,1.2122723821337837,0,http,0,benign,0
h044,2024-03-04 12:00:00,6,3,4,32817,0.4661649208986791,0,http,0,benign,0
h045,2024-03-04 12:00:00,67,1,3,12121,0.2680251763900893,64,ssh,0,benign,0
h046,2024-03-04 12:00:00,50,45,35,3368,0.06297473852664134,0,other,1,portscan,1
h047,2024-03-04 12:00:00,6,3,3,39096,2.400125594279035,1,http,0,benign,0
h048,2024-03-04 12:00:00,16,3,7,44802,0.8136686011379008,0,http,0,benign,0
h049,2024-03-04 12:00:00,47,46,30,128238,0.6302559785479624,0,other,0,benign,0
h050,2024-03-04 12:00:00,3,2,2,657519,15.748682678731084,0,ssh,0,benign,0
h051,2024-03-04 12:00:00,6,2,1,988529,22.35370996118408,0,ssh,1,exfil,1
h052,2024-03-04 12:00:00,15,5,8,46153,0.3817462815263975,0,http,0,benign,0
h053,2024-03-04 12:00:00,25,5,7,86521,0.5065355074889415,0,http,0,benign,0
h054,2024-03-04 12:00:00,23,3,8,102934,0.5536632787661975,0,http,0,benign,0
h055,2024-03-04 12:00:00,13,5,7,103174,0.4295589004265571,0,http,0,benign,0
h056,2024-03-04 12:00:00,4,2,1,2303093,15.704311352968647,0,ssh,0,benign,0
h057,2024-03-04 12:00:00,46,1,3,7404,0.24027245076249512,36,ssh,1,bruteforce,1
h058,2024-03-04 12:00:00,1,1,1,1806,0.04974980869248905,0,http,0,benign,0
h059,2024-03-04 12:00:00,25,5,8,167603,0.3716757911513996,0,http,0,benign,0
h000,2024-03-04 13:00:00,24,5,8,52484,0.5499174188078017,0,http,0,benign,0
h001,2024-03-04 13:00:00,32,5,8,232465,0.5600486145723523,0,http,0,benign,0
h002,2024-03-04 13:00:00,4,2,3,15804,1.2581410190719104,0,http,0,benign,0
h003,2024-03-04 13:00:00,4,4,3,7061,0.4701993722553732,0,smtp,0,benign,0
h004,2024-03-04 13:00:00,41,5,8,156500,0.5761478477763581,1,http,0,benign,0
h005,2024-03-04 13:00:00,6,3,5,43858,0.3740928792895361,0,http,0,benign,0
h006,2024-03-04 13:00:00,31,4,8,203028,0.576661374875121,0,http,0,benign,0
h007,2024-03-04 13:00:00,9,4,8,20372,0.7839623177169632,0,http,0,benign,0
h008,2024-03-04 13:00:00,2,2,1,631202,21.190915918328695,0,http,1,exfil,1
h009,2024-03-04 13:00:00,12,4,5,43715,0.4639821557633497,2,http,0,benign,0
h010,2024-03-04 13:00:00,146,136,93,9651,0.054277202494064966,0,other,1,portscan,1
h011,2024-03-04 13:00:00,6,2,2,2541136,9.445791107614967,0,ssh,0,benign,0
h012,2024-03-04 13:00:00,6,3,6,24855,0.3514929840226544,0,http,0,benign,0
h013,2024-03-04 13:00:00,10,2,7,27660,0.7019878045191748,0,http,0,benign,0
h014,2024-03-04 13:00:00,11,3,5,47513,0.6563032822444654,0,http,0,benign,0
h015,2024-03-04 13:00:00,8,4,7,32727,0.5205292188668104,0,http,0,benign,0
h016,2024-03-04 13:00:00,7,2,4,103109,0.5292999494730577,0,http,0,benign,0
h017,2024-03-04 13:00:00,34,5,8,70857,0.679870664300569,2,http,0,benign,0
h018,2024-03-04 13:00:00,15,4,8,38224,0.5521087943392603,0,http,0,benign,0
h019,2024-03-04 13:00:00,59,55,31,187355,0.4814292215203486,0,other,0,benign,0
h020,2024-03-04 13:00:00,26,5,7,269235,0.5983204661170483,0,http,0,benign,0
h021,2024-03-04 13:00:00,4,2,3,23366,0.4206305282749875,0,http,0,benign,0
h022,2024-03-04 13:00:00,3,2,2,5176,0.3821573010245876,0,http,0,benign,0
h023,2024-03-04 13:00:00,35,4,8,190446,0.6340267386747549,0,http,0,benign,0
h024,2024-03-04 13:00:00,7,3,5,16481,0.6044248737476586,0,http,0,benign,0
h025,2024-03-04 13:00:00,19,4,8,73458,0.7217514927179014,0,http,0,benign,0
h026,2024-03-04 13:00:00,5,2,5,28168,1.422551162095338,0,http,0,benign,0
h027,2024-03-04 13:00:00,12,5,7,64701,0.49212129393126297,0,http,0,benign,0
h028,2024-03-04 13:00:00,51,5,8,292540,0.5422779899470109,0,http,0,benign,0
h029,2024-03-04 13:00:00,2,2,1,12830,0.22439613508061093,0,http,0,benign,0
h030,2024-03-04 13:00:00,6,3,4,12297,0.3611728453305552,0,http,0,benign,0
h031,2024-03-04 13:00:00,5,4,3,15832,0.456270976275412,0,http,0,benign,0
h032,2024-03-04 13:00:00,135,128,94,8929,0.05679283245439412,0,other,1,portscan,1
h033,2024-03-04 13:00:00,1,1,1,368718,5.583012863623801,0,http,0,benign,0
h034,2024-03-04 13:00:00,4,3,3,4369,0.7499585525900886,0,http,0,benign,0
h035,2024-03-04 13:00:00,13,5,6,66487,0.5522105608515255,0,http,0,benign,0
h036,2024-03-04 13:00:00,54,49,37,3733,0.059185642407790374,0,other,1,portscan,1
h037,2024-03-04 13:00:00,12,5,7,97824,0.6576094287105677,0,http,0,benign,0
h038,2024-03-04 13:00:00,9,3,6,39360,0.47597166071410274,0,http,0,benign,0
h039,2024-03-04 13:00:00,8,2,2,1958623,18.53575989922264,0,http,0,benign,0
h040,2024-03-04 13:00:00,20,5,7,82163,0.5527483787538496,0,http,0,benign,0
h041,2024-03-04 13:00:00,1,1,1,571036,25.13515649946357,0,ssh,0,benign,0
h042,2024-03-04 13:00:00,14,5,5,67532,0.7929880564116154,1,http,0,benign,0
h043,2024-03-04 13:00:00,6,2,1,4137821,22.933192409110504,0,ssh,1,exfil,1
h044,2024-03-04 13:00:00,10,3,6,22406,0.3798289193182486,0,http,0,benign,0
h045,2024-03-04 13:00:00,14,5,6,180317,0.3687210614792326,1,http,0,benign,0
h046,2024-03-04 13:00:00,14,5,6,65321,0.38159196161686515,0,http,0,benign,0
h047,2024-03-04 13:00:00,12,5,6,32166,0.5860548534747044,0,http,0,benign,0
h048,2024-03-04 13:00:00,12,5,6,49376,0.31321212068343757,0,http,0,benign,0
h049,2024-03-04 13:00:00,16,4,7,71920,0.415264355819257,0,http,0,benign,0
h050,2024-03-04 13:00:00,2,1,2,2714,0.5520861319588872,0,http,0,benign,0
h051,2024-03-04 13:00:00,32,5,8,126084,0.5683488468518919,0,http,0,benign,0
h052,2024-03-04 13:00:00,25,5,8,104888,0.575835037052065,0,http,0,benign,0
h053,2024-03-04 13:00:00,156,145,98,8848,0.053636769117598085,0,other,1,portscan,1
h054,2024-03-04 13:00:00,8,3,5,41518,0.8693634034148197,0,http,0,benign,0
h055,2024-03-04 13:00:00,4,3,4,15729,0.2622222904495576,0,smtp,0,benign,0
h056,2024-03-04 13:00:00,3,2,1,1583673,24.67305318652487,0,ssh,1,exfil,1
h057,2024-03-04 13:00:00,16,4,7,48195,0.42689085563900797,1,http,0,benign,0
h058,2024-03-04 13:00:00,1,1,1,2536,1.1206119552865559,0,ssh,0,benign,0
h059,2024-03-04 13:00:00,58,55,32,157329,0.6128236558932586,0,other,0,benign,0
h000,2024-03-04 14:00:00,3,3,1,41646,0.6658402340661183,0,smtp,0,benign,0
h001,2024-03-04 14:00:00,3,2,2,1077087,35.70605025843764,0,ssh,0,benign,0
h002,2024-03-04 14:00:00,9,3,5,14892,1.2174647755951493,0,http,0,benign,0
h003,2024-03-04 14:00:00,8,5,5,51017,0.8060914626997447,0,http,0,benign,0
h004,2024-03-04 14:00:00,8,4,5,18688,0.40125226821180626,0,http,0,benign,0
h005,2024-03-04 14:00:00,21,4,7,41913,0.45862624800444557,1,http,0,benign,0
h006,2024-03-04 14:00:00,4,3,4,6626,0.8792658144717463,0,http,0,benign,0
h007,2024-03-04 14:00:00,136,127,103,8928,0.05801830692083197,0,other,1,portscan,1
h008,2024-03-04 14:00:00,19,5,8,119955,0.45933937267856423,1,http,0,benign,0
h009,2024-03-04 14:00:00,9,4,4,17058,0.3689867806779481,0,http,0,benign,0
h010,2024-03-04 14:00:00,31,5,8,126976,0.4771270567811717,0,http,0,benign,0
h011,2024-03-04 14:00:00,21,4,8,62823,0.8144849834543648,3,http,0,benign,0
h012,2024-03-04 14:00:00,3,2,3,5377,0.576205144266431,0,http,0,benign,0
h013,2024-03-04 14:00:00,10,3,5,73246,0.6282789695122565,0,http,0,benign,0
h014,2024-03-04 14:00:00,4,3,4,8234,0.6005258900070595,0,http,0,benign,0
h015,2024-03-04 14:00:00,9,3,6,32132,0.5016138822491191,0,http,0,benign,0
h016,2024-03-04 14:00:00,7,2,1,1638380,25.695815521991467,0,http,1,exfil,1
h017,2024-03-04 14:00:00,13,5,8,32574,0.3206509143340417,0,http,0,benign,0
h018,2024-03-04 14:00:00,1,1,1,5377,0.30827313238326953,0,http,0,benign,0
h019,2024-03-04 14:00:00,5,4,4,10231,1.3045204304355154,0,dns,0,benign,0
h020,2024-03-04 14:00:00,1,1,1,27453,0.30015620979794994,0,dns,0,benign,0
h021,2024-03-04 14:00:00,18,5,8,86851,0.3740316566107355,0,http,0,benign,0
h022,2024-03-04 14:00:00,79,1,3,12802,0.2636004867219282,73,ssh,1,bruteforce,1
h023,2024-03-04 14:00:00,14,3,8,37658,0.6813256574248749,0,http,0,benign,0
h024,2024-03-04 14:00:00,7,3,6,19263,0.8142772986981753,0,http,0,benign,0
h025,2024-03-04 14:00:00,44,3,8,143642,0.5213776646607492,0,http,0,benign,0
h026,2024-03-04 14:00:00,10,4,7,36413,0.6928467354948826,0,http,0,benign,0
h027,2024-03-04 14:00:00,7,3,5,21795,1.0578431456099697,0,http,0,benign,0
h028,2024-03-04 14:00:00,15,4,7,73839,0.6046465008259497,1,http,0,benign,0
h029,2024-03-04 14:00:00,5,3,5,6314,0.28202196653202727,0,http,0,benign,0
h030,2024-03-04 14:00:00,7,3,4,24711,1.612446579961795,0,http,0,benign,0
h031,2024-03-04 14:00:00,16,5,7,44886,0.4290021293541952,0,http,0,benign,0
h032,2024-03-04 14:00:00,5,3,3,11986,0.6174845077053711,0,http,0,benign,0
h033,2024-03-04 14:00:00,149,138,104,9895,0.05431254461198221,0,other,1,portscan,1
h034,2024-03-04 14:00:00,24,5,8,81947,0.568469927687497,0,http,0,benign,0
h035,2024-03-04 14:00:00,21,4,7,143493,0.5612633409762925,0,http,0,benign,0
h036,2024-03-04 14:00:00,7,3,4,30251,0.48938489673633695,0,http,0,benign,0
h037,2024-03-04 14:00:00,36,5,8,97494,0.7899207390563024,1,http,0,benign,0
h038,2024-03-04 14:00:00,6,4,5,14730,0.8156678150652632,0,http,0,benign,0
h039,2024-03-04 14:00:00,5,2,5,16719,0.2515874573947204,0,http,0,benign,0
h040,2024-03-04 14:00:00,2,2,1,1740,0.32979113134833643,0,http,0,benign,0
h041,2024-03-04 14:00:00,1,1,1,6915,1.1187469646956756,0,http,0,benign,0
h042,2024-03-04 14:00:00,8,3,6,17597,0.49400722122781243,0,http,0,benign,0
h043,2024-03-04 14:00:00,2,1,1,1067866,19.549405922344835,0,http,1,exfil,1
h044,2024-03-04 14:00:00,15,5,7,128746,0.6050975705986077,1,http,0,benign,0
h045,2024-03-04 14:00:00,14,5,6,80818,0.42726482626240647,0,http,0,benign,0
h046,2024-03-04 14:00:00,3,3,3,30714,0.5997683120572695,0,http,0,benign,0
h047,2024-03-04 14:00:00,10,4,5,51679,1.4751291864979375,0,http,0,benign,0
h048,2024-03-04 14:00:00,11,3,7,42415,0.25229190227676607,0,http,0,benign,0
h049,2024-03-04 14:00:00,13,4,6,64585,0.3863666111203568,0,http,0,benign,0
h050,2024-03-04 14:00:00,41,39,27,136340,0.7689639622695751,0,other,0,benign,0
h051,2024-03-04 14:00:00,8,2,1,9246885,39.06432264838364,0,http,1,exfil,1
h052,2024-03-04 14:00:00,28,1,3,4385,0.21526289592875733,25,ssh,0,benign,0
h053,2024-03-04 14:00:00,12,4,6,59704,0.33821244420394025,0,http,0,benign,0
h054,2024-03-04 14:00:00,6,4,5,41471,0.5161051502184392,0,http,0,benign,0
h055,2024-03-04 14:00:00,73,1,3,13149,0.23068950288094364,66,ssh,1,bruteforce,1
h056,2024-03-04 14:00:00,27,5,8,93596,0.575119085270295,0,http,0,benign,0
h057,2024-03-04 14:00:00,28,5,8,224116,0.5126422104785884,0,http,0,benign,0
h058,2024-03-04 14:00:00,32,5,8,289134,0.8434844977227555,0,http,0,benign,0
h059,2024-03-04 14:00:00,43,5,8,169015,0.5233950626120025,0,http,0,benign,0
h000,2024-03-04 15:00:00,30,5,8,106701,0.9533345241321705,0,http,0,benign,0
h001,2024-03-04 15:00:00,6,3,5,27298,0.5734803089940166,0,http,0,benign,0
h002,2024-03-04 15:00:00,21,5,8,100128,0.5903312500713906,0,http,0,benign,0
h003,2024-03-04 15:00:00,19,5,6,56898,0.7932795516130562,0,http,0,benign,0
h004,2024-03-04 15:00:00,8,5,4,43285,1.1510717751703994,0,http,0,benign,0
h005,2024-03-04 15:00:00,16,5,7,18696,0.7749866063835859,0,http,0,benign,0
h006,2024-03-04 15:00:00,21,5,6,176941,0.5695187000885134,0,http,0,benign,0
h007,2024-03-04 15:00:00,13,5,8,86941,0.49132240147984685,0,http,0,benign,0
h008,2024-03-04 15:00:00,8,4,5,17519,0.5201918366840443,0,http,0,benign,0
h009,2024-03-04 15:00:00,7,4,5,21349,0.4580003715238307,0,http,0,benign,0
h010,2024-03-04 15:00:00,1,1,1,21601,0.6308858195911852,0,http,0,benign,0
h011,2024-03-04 15:00:00,10,4,7,40901,0.3537455731931508,0,http,0,benign,0
h012,2024-03-04 15:00:00,2,2,2,2279,0.44160537303349745,0,http,0,benign,0
h013,2024-03-04 15:00:00,34,5,8,134359,0.5566458718665517,0,http,0,benign,0
h014,2024-03-04 15:00:00,9,3,5,32184,0.9518213022699794,0,http,0,benign,0
h015,2024-03-04 15:00:00,13,4,6,67322,0.8028544580525956,0,http,0,benign,0
h016,2024-03-04 15:00:00,6,3,6,12384,0.36281765137400085,0,http,0,benign,0
h017,2024-03-04 15:00:00,7,4,5,8584,1.4059539204677436,0,http,0,benign,0
h018,2024-03-04 15:00:00,2,2,2,2012,0.6187259813761823,0,http,0,benign,0
h019,2024-03-04 15:00:00,1,1,1,500,0.1705335071718964,0,http,0,benign,0
h020,2024-03-04 15:00:00,12,4,6,25797,0.701707387035564,0,http,0,benign,0
h021,2024-03-04 15:00:00,34,5,7,122806,0.7768669025302222,0,http,0,benign,0
h022,2024-03-04 15:00:00,16,4,8,65797,0.6693130469503811,0,http,0,benign,0
h023,2024-03-04 15:00:00,13,4,6,74384,0.5006727377863105,0,http,0,benign,0
h024,2024-03-04 15:00:00,55,51,33,165210,0.6146352213263059,0,other,0,benign,0
h025,2024-03-04 15:00:00,27,5,8,77479,0.4926919166548349,2,http,0,benign,0
h026,2024-03-04 15:00:00,47,46,29,133547,0.7016058348367339,0,other,0,benign,0
h027,2024-03-04 15:00:00,12,5,7,56965,0.5438173946404673,0,http,0,benign,0
h028,2024-03-04 15:00:00,20,4,7,57525,0.7483616182629806,0,http,0,benign,0
h029,2024-03-04 15:00:00,11,3,6,69835,0.41684342924513784,0,http,0,benign,0
h030,2024-03-04 15:00:00,3,3,2,22478,0.43551420286390513,0,http,0,benign,0
h031,2024-03-04 15:00:00,9,3,5,32504,0.5156650586020421,0,http,0,benign,0
h032,2024-03-04 15:00:00,26,4,8,82678,0.6286638365522911,1,http,0,benign,0
h033,2024-03-04 15:00:00,24,5,8,92290,0.7196342689063656,0,http,0,benign,0
h034,2024-03-04 15:00:00,3,3,2,14305,0.6324919711386542,0,ssh,0,benign,0
h035,2024-03-04 15:00:00,17,5,7,70653,0.7789292578533668,0,http,0,benign,0
h036,2024-03-04 15:00:00,25,5,8,231492,0.4461488267957802,1,http,0,benign,0
h037,2024-03-04 15:00:00,18,4,8,50358,0.8875969013963814,0,http,0,benign,0
h038,2024-03-04 15:00:00,12,4,6,230817,0.4558268779277743,0,http,0,benign,0
h039,2024-03-04 15:00:00,21,5,7,78542,0.3993411186102578,0,http,0,benign,0
h040,2024-03-04 15:00:00,7,3,5,22330,0.7332926925902113,0,http,0,benign,0
h041,2024-03-04 15:00:00,10,4,6,70162,0.4269426532378926,0,http,0,benign,0
h042,2024-03-04 15:00:00,18,3,7,56082,0.5704118811593922,0,http,0,benign,0
h043,2024-03-04 15:00:00,11,4,7,35512,0.7005915714678702,0,http,0,benign,0
h044,2024-03-04 15:00:00,10,4,6,48036,1.4815820820749077,0,http,0,benign,0
h045,2024-03-04 15:00:00,13,3,8,25911,0.6305614506060173,0,http,0,benign,0
h046,2024-03-04 15:00:00,13,4,6,66010,0.6944508361273803,1,http,0,benign,0
h047,2024-03-04 15:00:00,6,3,5,30671,0.6476890760123988,0,http,0,benign,0
h048,2024-03-04 15:00:00,95,89,69,5628,0.05891272173009638,0,other,1,portscan,1
h049,2024-03-04 15:00:00,4,1,1,3590903,12.811514091685163,0,http,1,exfil,1
h050,2024-03-04 15:00:00,20,5,8,90881,0.5087255504573887,0,http,1,benign,0
h051,2024-03-04 15:00:00,75,1,3,12691,0.24571197532469247,72,ssh,0,benign,0
h052,2024-03-04 15:00:00,20,4,8,96160,0.6810936434904613,0,http,0,benign,0
h053,2024-03-04 15:00:00,7,2,2,4280422,25.194607281696868,0,ssh,0,benign,0
h054,2024-03-04 15:00:00,48,45,42,3217,0.055790026639119326,0,other,1,portscan,1
h055,2024-03-04 15:00:00,24,5,8,90377,0.6077095920962233,1,http,0,benign,0
h056,2024-03-04 15:00:00,8,4,5,14469,0.2948481254661957,0,http,0,benign,0
h057,2024-03-04 15:00:00,26,5,8,129565,0.3686351079331728,1,http,0,benign,0
h058,2024-03-04 15:00:00,7,3,4,19689,0.8222513059085953,0,http,0,benign,0
h059,2024-03-04 15:00:00,77,70,51,5307,0.057453724073845795,0,other,0,benign,0
h000,2024-03-04 16:00:00,15,4,6,223157,0.6156453047982031,0,http,0,benign,0
h001,2024-03-04 16:00:00,5,2,2,1343478,24.44095007239694,0,http,0,benign,0
h002,2024-03-04 16:00:00,17,4,8,52495,0.8785706878921673,0,http,0,benign,0
h003,2024-03-04 16:00:00,25,5,8,110983,0.4179912065169228,0,http,0,benign,0
h004,2024-03-04 16:00:00,11,4,5,42880,0.919779721450139,1,http,1,benign,0
h005,2024-03-04 16:00:00,5,2,3,30588,0.29431238555815076,0,http,0,benign,0
h006,2024-03-04 16:00:00,40,5,8,127842,0.6478401487534119,1,http,0,benign,0
h007,2024-03-04 16:00:00,30,4,7,205187,0.6000089575782913,0,http,0,benign,0
h008,2024-03-04 16:00:00,11,5,7,43124,0.45836751461447667,0,http,0,benign,0
h009,2024-03-04 16:00:00,9,4,6,35785,0.40974251504227854,1,http,0,benign,0
h010,2024-03-04 16:00:00,8,4,6,20913,0.5486015426452395,0,http,0,benign,0
h011,2024-03-04 16:00:00,50,5,8,140049,0.6067823153661372,0,http,0,benign,0
h012,2024-03-04 16:00:00,8,4,3,11193,0.7157162842380209,0,http,0,benign,0
h013,2024-03-04 16:00:00,15,4,8,44626,0.43485593840730247,0,http,0,benign,0
h014,2024-03-04 16:00:00,10,2,2,1935207,12.87801898486608,0,ssh,0,benign,0
h015,2024-03-04 16:00:00,17,5,7,55327,0.8002537533584597,0,http,0,benign,0
h016,2024-03-04 16:00:00,8,3,5,67824,0.41972662835279273,0,http,0,benign,0
h017,2024-03-04 16:00:00,22,4,7,30817,0.6332165062356215,0,http,0,benign,0
h018,2024-03-04 16:00:00,20,4,8,32983,0.6856798853819613,0,http,0,benign,0
h019,2024-03-04 16:00:00,42,41,28,97403,0.5114190004232598,0,other,0,benign,0
h020,2024-03-04 16:00:00,3,2,2,2258,0.47815723056205733,0,http,0,benign,0
h021,2024-03-04 16:00:00,4,2,3,11873,0.3651912821199741,0,http,0,benign,0
h022,2024-03-04 16:00:00,1,1,1,421,0.9070311164144609,0,http,0,benign,0
h023,2024-03-04 16:00:00,8,3,5,29817,0.7422979081125727,0,http,0,benign,0
h024,2024-03-04 16:00:00,6,2,1,2635522,15.130232668321502,0,http,0,benign,0
h025,2024-03-04 16:00:00,28,1,3,3919,0.23283094394433052,18,ssh,1,bruteforce,1
h026,2024-03-04 16:00:00,10,4,6,16050,0.6853107384702978,0,http,0,benign,0
h027,2024-03-04 16:00:00,54,52,29,164353,0.6036961885893035,0,other,0,benign,0
h028,2024-03-04 16:00:00,3,1,3,23096,0.332899308246457,0,http,0,benign,0
h029,2024-03-04 16:00:00,3,1,3,3050,0.8698175727320302,0,http,0,benign,0
h030,2024-03-04 16:00:00,8,4,6,55475,0.39170021791048165,0,http,0,benign,0
h031,2024-03-04 16:00:00,4,3,3,22297,0.8516652954209755,0,dns,0,benign,0
h032,2024-03-04 16:00:00,32,5,8,176214,0.49445238502222827,0,http,0,benign,0
h033,2024-03-04 16:00:00,13,5,6,71804,0.4040392884163976,1,http,0,benign,0
h034,2024-03-04 16:00:00,9,3,5,27290,0.835910740125317,0,http,0,benign,0
h035,2024-03-04 16:00:00,28,5,8,70555,0.4882401939568019,0,http,0,benign,0
h036,2024-03-04 16:00:00,17,4,7,47222,0.728315804973109,0,http,0,benign,0
h037,2024-03-04 16:00:00,1,1,1,6188,1.0362192066793703,0,dns,0,benign,0
h038,2024-03-04 16:00:00,135,125,97,8708,0.05902525332624803,0,other,1,portscan,1
h039,2024-03-04 16:00:00,10,4,6,83675,0.49213078878680727,0,http,0,benign,0
h040,2024-03-04 16:00:00,12,5,6,16573,0.37249033389244673,0,http,0,benign,0
h041,2024-03-04 16:00:00,16,5,6,42090,0.7126335078768333,0,http,0,benign,0
h042,2024-03-04 16:00:00,8,3,4,17483,0.45027562759872974,0,http,0,benign,0
h043,2024-03-04 16:00:00,3,2,3,8270,0.7493626412141233,0,http,0,benign,0
h044,2024-03-04 16:00:00,13,5,6,54069,0.3009321701505839,0,http,0,benign,0
h045,2024-03-04 16:00:00,10,4,4,34897,0.6340484087623949,1,http,0,benign,0
h046,2024-03-04 16:00:00,6,4,4,102420,1.2814142219041484,0,http,0,benign,0
h047,2024-03-04 16:00:00,9,3,5,17337,0.9865024403107621,0,http,0,benign,0
h048,2024-03-04 16:00:00,12,4,6,21352,0.7845396790786981,0,http,0,benign,0
h049,2024-03-04 16:00:00,6,4,5,11388,0.7744037041343499,0,http,0,benign,0
h050,2024-03-04 16:00:00,9,4,4,27869,0.3600657645897862,0,http,0,benign,0
h051,2024-03-04 16:00:00,3,3,3,23747,0.45947378513415665,0,http,0,benign,0
h052,2024-03-04 16:00:00,13,5,7,46498,0.5686262681921662,0,http,0,benign,0
h053,2024-03-04 16:00:00,20,4,8,83530,0.43197419668890114,0,http,0,benign,0
h054,2024-03-04 16:00:00,8,4,6,23074,0.5330577799284926,0,http,0,benign,0
h055,2024-03-04 16:00:00,3,3,3,6532,0.31430447643714504,0,http,0,benign,0
h056,2024-03-04 16:00:00,14,5,6,38115,0.6434508140717424,0,http,0,benign,0
h057,2024-03-04 16:00:00,2,2,2,2477,0.1716668781444939,0,ssh,0,benign,0
h058,2024-03-04 16:00:00,5,3,3,24120,0.9039646458421877,0,http,0,benign,0
h059,2024-03-04 16:00:00,7,3,4,24979,0.27674790531054677,0,http,0,benign,0
h000,2024-03-04 17:00:00,9,4,7,22688,0.32409872301276693,0,http,0,benign,0
h001,2024-03-04 17:00:00,9,3,7,20156,1.2535932376734737,0,http,0,benign,0
h002,2024-03-04 17:00:00,14,5,8,118045,0.7938268471383239,1,http,0,benign,0
h003,2024-03-04 17:00:00,70,1,3,12783,0.27309759544526185,63,ssh,1,bruteforce,1
h004,2024-03-04 17:00:00,24,4,8,63168,0.491890312101346,0,http,0,benign,0
h005,2024-03-04 17:00:00,9,4,6,83219,0.9159338679896829,1,http,0,benign,0
h006,2024-03-04 17:00:00,52,49,38,3223,0.051485164454144146,0,other,1,portscan,1
h007,2024-03-04 17:00:00,8,5,4,60472,0.540896998911657,0,http,0,benign,0
h008,2024-03-04 17:00:00,4,2,2,1365155,8.422929983813413,0,ssh,0,benign,0
h009,2024-03-04 17:00:00,35,5,8,84999,0.7856443960924346,1,http,0,benign,0
h010,2024-03-04 17:00:00,17,4,7,73306,0.2951372623762896,0,http,0,benign,0
h011,2024-03-04 17:00:00,16,5,8,57092,0.47766380822483934,1,http,1,benign,0
h012,2024-03-04 17:00:00,9,4,5,38297,0.5633301366923792,0,http,0,benign,0
h013,2024-03-04 17:00:00,10,4,4,53538,0.36804131433648635,0,http,0,benign,0
h014,2024-03-04 17:00:00,13,4,5,129681,0.37835514942631876,0,http,0,benign,0
h015,2024-03-04 17:00:00,2,1,1,406400,18.852004486950406,0,http,0,benign,0
h016,2024-03-04 17:00:00,10,4,7,77581,0.5449935322697411,0,http,0,benign,0
h017,2024-03-04 17:00:00,10,5,7,22757,0.4420891175459044,0,http,0,benign,0
h018,2024-03-04 17:00:00,11,4,6,28039,0.5419358623907459,0,http,0,benign,0
h019,2024-03-04 17:00:00,4,3,4,13699,0.32200817485960487,0,http,0,benign,0
h020,2024-03-04 17:00:00,135,122,92,8883,0.05842001726942188,0,other,0,benign,0
h021,2024-03-04 17:00:00,8,3,6,13349,0.46285465208789955,0,http,0,benign,0
h022,2024-03-04 17:00:00,3,2,3,11363,0.9454722740790267,0,http,0,benign,0
h023,2024-03-04 17:00:00,11,3,6,31957,0.4510131057734616,0,http,0,benign,0
h024,2024-03-04 17:00:00,8,3,6,38662,0.6393425156386077,1,http,0,benign,0
h025,2024-03-04 17:00:00,14,3,7,35729,0.39443540403176763,0,http,0,benign,0
h026,2024-03-04 17:00:00,5,4,4,2654,0.7779804253713849,0,http,0,benign,0
h027,2024-03-04 17:00:00,21,4,7,66868,0.6795154367816787,0,http,0,benign,0
h028,2024-03-04 17:00:00,2,1,2,2417,0.31176439066568645,0,http,0,benign,0
h029,2024-03-04 17:00:00,3,2,3,9270,0.6783444878984489,0,http,0,benign,0
h030,2024-03-04 17:00:00,133,124,97,8292,0.056446176272375574,0,other,1,portscan,1
h031,2024-03-04 17:00:00,12,4,6,32406,0.6018330644367313,0,http,0,benign,0
h032,2024-03-04 17:00:00,15,4,8,78741,0.6794964115710705,0,http,0,benign,0
h033,2024-03-04 17:00:00,19,5,8,75650,0.4905454677232783,0,http,0,benign,0
h034,2024-03-04 17:00:00,13,3,6,44264,0.8943901990941635,0,http,0,benign,0
h035,2024-03-04 17:00:00,54,50,27,138414,0.47757174540507913,0,other,0,benign,0
h036,2024-03-04 17:00:00,5,3,5,10232,0.4155927111404877,0,http,0,benign,0
h037,2024-03-04 17:00:00,16,3,8,23737,0.7628675060999387,0,http,0,benign,0
h038,2024-03-04 17:00:00,6,3,5,28004,0.8820321301642585,0,dns,0,benign,0
h039,2024-03-04 17:00:00,20,4,7,73054,0.8486774362934785,0,http,0,benign,0
h040,2024-03-04 17:00:00,18,4,7,70979,0.41772844922236074,0,http,0,benign,0
h041,2024-03-04 17:00:00,21,5,8,39223,0.47687868318203347,0,http,0,benign,0
h042,2024-03-04 17:00:00,11,4,7,50139,0.5221323628528096,0,http,0,benign,0
h043,2024-03-04 17:00:00,7,3,4,7146,0.47890392681231997,0,http,0,benign,0
h044,2024-03-04 17:00:00,18,4,7,38740,0.691766583357682,0,http,0,benign,0
h045,2024-03-04 17:00:00,6,4,4,21112,0.4115682547042643,0,http,0,benign,0
h046,2024-03-04 17:00:00,24,5,8,117231,0.7845450164015569,0,http,0,benign,0
h047,2024-03-04 17:00:00,20,5,6,103444,0.6113900510982289,0,http,0,benign,0
h048,2024-03-04 17:00:00,10,4,4,34291,0.3727220799593435,0,http,0,benign,0
h049,2024-03-04 17:00:00,22,5,8,88148,0.6066057399813531,0,http,0,benign,0
h050,2024-03-04 17:00:00,23,4,7,70026,0.5580011912998321,0,http,0,benign,0
h051,2024-03-04 17:00:00,9,3,6,10973,0.3830300869584719,0,http,0,benign,0
h052,2024-03-04 17:00:00,6,3,3,19103,0.30594649902944776,0,smtp,0,benign,0
h053,2024-03-04 17:00:00,5,2,4,12415,0.42658381862492245,0,http,0,benign,0
h054,2024-03-04 17:00:00,47,1,3,8572,0.2507400938347211,38,ssh,1,bruteforce,1
h055,2024-03-04 17:00:00,15,4,7,80729,0.4756455443920654,0,http,0,benign,0
h056,2024-03-04 17:00:00,73,1,3,12899,0.24623651728672113,70,ssh,1,bruteforce,1
h057,2024-03-04 17:00:00,66,60,49,4592,0.05153278702322315,0,other,1,portscan,1
h058,2024-03-04 17:00:00,9,4,6,79760,0.6141614573373769,0,http,0,benign,0
h059,2024-03-04 17:00:00,23,5,8,40827,0.4498435343570322,0,http,0,benign,0
h000,2024-03-04 18:00:00,30,5,8,91687,0.7543589998246009,1,http,0,benign,0
h001,2024-03-04 18:00:00,18,5,7,71756,0.8098415628800247,0,http,0,benign,0
h002,2024-03-04 18:00:00,31,5,8,173550,0.4554999541580968,1,http,0,benign,0
h003,2024-03-04 18:00:00,30,4,8,105288,0.4584317371670669,1,http,0,benign,0
h004,2024-03-04 18:00:00,12,4,6,44024,0.5256946509115908,1,http,0,benign,0
h005,2024-03-04 18:00:00,5,3,3,12742,1.5583683925952863,1,http,0,benign,0
h006,2024-03-04 18:00:00,14,4,6,48717,0.44822709885524487,0,http,0,benign,0
h007,2024-03-04 18:00:00,5,2,5,32329,0.30559626017119473,0,http,0,benign,0
h008,2024-03-04 18:00:00,18,5,8,46342,0.5937974615608874,0,http,0,benign,0
h009,2024-03-04 18:00:00,76,71,47,4782,0.05894158204305472,0,other,1,portscan,1
h010,2024-03-04 18:00:00,38,1,3,6597,0.2262050668773866,27,ssh,1,bruteforce,1
h011,2024-03-04 18:00:00,5,2,3,32453,0.27089589826312893,0,http,0,benign,0
h012,2024-03-04 18:00:00,8,4,5,35719,1.1750423774875538,0,http,0,benign,0
h013,2024-03-04 18:00:00,4,3,3,31513,1.0134755509546,0,http,0,benign,0
h014,2024-03-04 18:00:00,20,5,6,128202,0.612723633855095,0,http,0,benign,0
h015,2024-03-04 18:00:00,70,68,45,4474,0.05684533095371045,0,other,1,portscan,1
h016,2024-03-04 18:00:00,4,3,4,16779,0.6210495587658682,1,ssh,0,benign,0
h017,2024-03-04 18:00:00,42,1,3,7364,0.2615692744006539,34,ssh,1,bruteforce,1
h018,2024-03-04 18:00:00,25,4,8,64144,0.6521107071255259,0,http,0,benign,0
h019,2024-03-04 18:00:00,9,4,5,36652,0.6095425207972467,0,http,0,benign,0
h020,2024-03-04 18:00:00,11,4,6,98420,0.8901466040486803,0,http,0,benign,0
h021,2024-03-04 18:00:00,13,4,7,44263,0.5948402777809098,0,http,0,benign,0
h022,2024-03-04 18:00:00,13,5,7,46582,0.4216727080371451,0,http,0,benign,0
h023,2024-03-04 18:00:00,27,5,8,114929,0.8593167929169673,1,http,0,benign,0
h024,2024-03-04 18:00:00,14,5,7,61276,0.7135892136379535,0,http,0,benign,0
h025,2024-03-04 18:00:00,2,1,2,183690,12.750958881321658,0,http,0,benign,0
h026,2024-03-04 18:00:00,10,5,5,24080,0.38181686665954334,0,http,0,benign,0
h027,2024-03-04 18:00:00,10,4,5,20113,0.5151336182419106,0,http,0,benign,0
h028,2024-03-04 18:00:00,4,3,3,12500,0.6400004833313193,0,http,0,benign,0
h029,2024-03-04 18:00:00,3,2,3,7898,0.26447866236619544,0,dns,0,benign,0
h030,2024-03-04 18:00:00,9,5,4,22636,0.6259635100812412,0,http,0,benign,0
h031,2024-03-04 18:00:00,3,3,2,2665,0.4265685200533742,0,http,0,benign,0
h032,2024-03-04 18:00:00,21,5,6,73331,0.3968918502816816,0,http,0,benign,0
h033,2024-03-04 18:00:00,8,2,5,74283,1.6813273973724752,1,http,0,benign,0
h034,2024-03-04 18:00:00,16,5,8,79013,0.4132274399768816,0,http,0,benign,0
h035,2024-03-04 18:00:00,2,1,1,1035877,23.865861235856165,0,ssh,1,exfil,1
h036,2024-03-04 18:00:00,22,5,7,51080,0.7398684384635357,0,http,0,benign,0
h037,2024-03-04 18:00:00,7,3,4,45695,2.505632210974795,0,http,0,benign,0
h038,2024-03-04 18:00:00,12,3,6,29611,0.43939318375780073,0,http,0,benign,0
h039,2024-03-04 18:00:00,3,2,3,19821,1.3892835313356453,0,dns,0,benign,0
h040,2024-03-04 18:00:00,9,4,8,20988,0.39722330103673187,0,http,0,benign,0
h041,2024-03-04 18:00:00,9,3,5,19669,0.38185472882100846,0,http,0,benign,0
h042,2024-03-04 18:00:00,10,3,5,73871,0.47102967699853204,0,http,0,benign,0
h043,2024-03-04 18:00:00,6,2,5,20284,0.6472132622804483,0,http,0,benign,0
h044,2024-03-04 18:00:00,8,2,2,2986378,13.117985985067488,0,ssh,0,benign,0
h045,2024-03-04 18:00:00,22,5,8,105714,0.6711343068240524,0,http,0,benign,0
h046,2024-03-04 18:00:00,18,5,8,89100,0.9406632506796603,0,http,0,benign,0
h047,2024-03-04 18:00:00,1,1,1,522,0.136917056950908,0,ssh,0,benign,0
h048,2024-03-04 18:00:00,42,41,26,103919,0.6010557601996184,0,other,0,benign,0
h049,2024-03-04 18:00:00,8,4,6,23295,0.5146555533633366,0,http,0,benign,0
h050,2024-03-04 18:00:00,8,4,6,10585,0.5674975509139785,0,http,0,benign,0
h051,2024-03-04 18:00:00,71,68,46,4360,0.05127151518957206,0,other,0,benign,0
h052,2024-03-04 18:00:00,22,5,5,105156,1.0891566484862951,0,http,0,benign,0
h053,2024-03-04 18:00:00,18,5,8,71372,0.5027637801027262,0,http,0,benign,0
h054,2024-03-04 18:00:00,1,1,1,2218,1.4496835795552878,0,http,0,benign,0
h055,2024-03-04 18:00:00,9,3,5,26982,0.6315426924246434,0,http,0,benign,0
h056,2024-03-04 18:00:00,7,2,2,5297071,15.704802494386458,0,http,0,benign,0
h057,2024-03-04 18:00:00,4,3,4,5895,0.39787212876708233,0,http,0,benign,0
h058,2024-03-04 18:00:00,14,4,6,46601,0.8715877564581075,0,http,0,benign,0
h059,2024-03-04 18:00:00,2,2,1,482970,29.04673555357243,0,http,1,exfil,1
h000,2024-03-04 19:00:00,4,3,4,3831,0.2957631580521715,0,http,0,benign,0
h001,2024-03-04 19:00:00,14,4,7,63163,0.7021103998866458,0,http,0,benign,0
h002,2024-03-04 19:00:00,30,5,8,157247,0.6531665007653131,0,http,0,benign,0
h003,2024-03-04 19:00:00,9,3,6,17901,0.5677462013841809,0,http,0,benign,0
h004,2024-03-04 19:00:00,22,5,8,155028,0.41154387248986707,0,http,0,benign,0
h005,2024-03-04 19:00:00,8,5,4,27414,0.5102943127255407,0,http,0,benign,0
h006,2024-03-04 19:00:00,2,2,2,1870,0.3685297085964834,0,http,0,benign,0
h007,2024-03-04 19:00:00,153,141,98,11090,0.05576177606363413,0,other,1,portscan,1
h008,2024-03-04 19:00:00,21,4,7,85539,0.6452527587406678,1,http,0,benign,0
h009,2024-03-04 19:00:00,6,4,5,13480,0.43113059594496844,0,http,0,benign,0
h010,2024-03-04 19:00:00,14,3,7,64560,0.9262742085865734,0,http,0,benign,0
h011,2024-03-04 19:00:00,35,5,8,100547,0.6131247692796183,0,http,0,benign,0
h012,2024-03-04 19:00:00,3,2,3,6302,0.6930547432379224,0,dns,0,benign,0
h013,2024-03-04 19:00:00,22,5,8,129219,0.5044710881146325,0,http,0,benign,0
h014,2024-03-04 19:00:00,5,3,4,8142,1.0989847743598007,0,http,0,benign,0
h015,2024-03-04 19:00:00,18,4,8,136035,0.625720829159558,1,http,0,benign,0
h016,2024-03-04 19:00:00,112,95,78,7669,0.05676548712462843,0,other,1,portscan,1
h017,2024-03-04 19:00:00,123,113,89,8762,0.06195090177809643,0,other,1,portscan,1
h018,2024-03-04 19:00:00,20,5,7,108298,0.39191956168018727,0,http,0,benign,0
h019,2024-03-04 19:00:00,15,4,7,113693,0.6056507446673195,0,http,0,benign,0
h020,2024-03-04 19:00:00,15,3,7,101483,0.4543135804170752,0,http,0,benign,0
h021,2024-03-04 19:00:00,12,4,7,66581,0.4971562884408918,0,http,0,benign,0
h022,2024-03-04 19:00:00,7,3,4,19755,0.42296942665275783,0,http,0,benign,0
h023,2024-03-04 19:00:00,6,2,1,1870957,38.853564753395254,0,ssh,1,exfil,1
h024,2024-03-04 19:00:00,9,3,6,45155,0.5540971259303306,0,http,1,benign,0
h025,2024-03-04 19:00:00,3,2,2,9474,0.8832227799708288,0,http,0,benign,0
h026,2024-03-04 19:00:00,7,3,3,28299,0.6924613724722638,0,http,0,benign,0
h027,2024-03-04 19:00:00,8,3,5,18120,0.6490352459212361,0,http,0,benign,0
h028,2024-03-04 19:00:00,25,4,7,123320,0.4156463035579624,1,http,0,benign,0
h029,2024-03-04 19:00:00,143,134,105,9510,0.0571383500977091,0,other,0,benign,0
h030,2024-03-04 19:00:00,18,5,7,69647,0.4174382885006505,0,http,0,benign,0
h031,2024-03-04 19:00:00,1,1,1,773,0.15282379748252586,0,smtp,0,benign,0
h032,2024-03-04 19:00:00,35,5,8,121190,0.43402114159120864,1,http,0,benign,0
h033,2024-03-04 19:00:00,47,45,27,88960,0.632900136062774,0,other,0,benign,0
h034,2024-03-04 19:00:00,5,2,1,3286131,66.04773532672486,0,ssh,0,benign,0
h035,2024-03-04 19:00:00,9,3,4,30900,1.0429841305550611,0,http,0,benign,0
h036,2024-03-04 19:00:00,18,3,8,40922,0.4162152788273962,0,http,0,benign,0
h037,2024-03-04 19:00:00,15,4,6,48446,0.7682928302565301,1,http,0,benign,0
h038,2024-03-04 19:00:00,24,5,8,260600,0.45917600204242887,0,http,0,benign,0
h039,2024-03-04 19:00:00,5,2,5,46783,0.4714974159972433,0,http,0,benign,0
h040,2024-03-04 19:00:00,50,46,31,139867,0.6277177098089383,0,other,0,benign,0
h041,2024-03-04 19:00:00,16,5,5,42161,0.41304424368295994,0,http,0,benign,0
h042,2024-03-04 19:00:00,15,4,7,31615,1.1947624432466795,0,http,0,benign,0
h043,2024-03-04 19:00:00,7,3,4,40809,1.4463628817413026,0,http,0,benign,0
h044,2024-03-04 19:00:00,9,5,5,17498,0.5091085253324369,0,dns,0,benign,0
h045,2024-03-04 19:00:00,16,5,7,43118,0.4715612533196051,0,http,0,benign,0
h046,2024-03-04 19:00:00,7,4,6,18664,0.9797781088599595,0,http,1,benign,0
h047,2024-03-04 19:00:00,4,3,4,6315,0.35335970776912934,0,http,0,benign,0
h048,2024-03-04 19:00:00,83,80,64,5859,0.0589969102115257,0,other,1,portscan,1
h049,2024-03-04 19:00:00,55,53,31,187149,0.5123281128223215,0,other,0,benign,0
h050,2024-03-04 19:00:00,8,5,4,20093,0.39253312518059064,0,http,0,benign,0
h051,2024-03-04 19:00:00,7,2,6,46422,0.43142504412515076,0,http,0,benign,0
h052,2024-03-04 19:00:00,3,2,3,6721,0.23239511293794732,0,http,0,benign,0
h053,2024-03-04 19:00:00,31,5,8,138890,0.56484748775101,0,http,0,benign,0
h054,2024-03-04 19:00:00,5,2,4,9177,0.5793089533715483,0,http,0,benign,0
h055,2024-03-04 19:00:00,6,5,5,28707,0.9192396100588538,0,dns,0,benign,0
h056,2024-03-04 19:00:00,17,5,8,61386,0.392881782067185,0,http,0,benign,0
h057,2024-03-04 19:00:00,43,4,8,111018,0.5720452977346782,0,http,0,benign,0
h058,2024-03-04 19:00:00,8,4,6,6664,0.34904530747920454,0,http,0,benign,0
h059,2024-03-04 19:00:00,9,4,5,26167,0.5086039681327145,0,http,0,benign,0
h000,2024-03-04 20:00:00,12,5,6,35571,0.550004785135307,0,http,0,benign,0
h001,2024-03-04 20:00:00,10,3,7,91396,0.6108822149846208,0,http,0,benign,0
h002,2024-03-04 20:00:00,11,4,5,39745,0.283099775687117,0,http,0,benign,0
h003,2024-03-04 20:00:00,4,2,4,16597,0.2981398114416789,0,http,0,benign,0
h004,2024-03-04 20:00:00,24,5,7,227796,0.4810957276695647,0,http,0,benign,0
h005,2024-03-04 20:00:00,9,3,6,30095,0.4086109084099343,0,http,0,benign,0
h006,2024-03-04 20:00:00,11,4,6,21376,0.4590655962723387,1,http,0,benign,0
h007,2024-03-04 20:00:00,49,47,31,174888,0.5335911299344721,0,other,0,benign,0
h008,2024-03-04 20:00:00,7,4,6,14196,0.5565850391187296,1,http,0,benign,0
h009,2024-03-04 20:00:00,6,3,3,15987,0.7043303800045058,0,http,0,benign,0
h010,2024-03-04 20:00:00,10,3,7,24380,1.454354196623909,0,http,0,benign,0
h011,2024-03-04 20:00:00,27,5,8,82409,0.5467186369384239,1,http,0,benign,0
h012,2024-03-04 20:00:00,25,5,6,91818,0.5003083250090454,1,http,0,benign,0
h013,2024-03-04 20:00:00,12,5,8,112445,0.8540659148151878,0,http,0,benign,0
h014,2024-03-04 20:00:00,24,4,8,50489,0.49675350642366284,1,http,0,benign,0
h015,2024-03-04 20:00:00,13,5,7,67874,0.6746664509239899,0,http,0,benign,0
h016,2024-03-04 20:00:00,69,64,42,3698,0.0574828474607088,0,other,1,portscan,1
h017,2024-03-04 20:00:00,15,5,6,37647,0.6039896653731371,0,http,0,benign,0
h018,2024-03-04 20:00:00,9,4,6,39051,0.5461332433273984,0,http,0,benign,0
h019,2024-03-04 20:00:00,7,5,6,33144,0.9464598699946174,0,http,0,benign,0
h020,2024-03-04 20:00:00,10,2,6,82202,0.18218766021937713,0,http,0,benign,0
h021,2024-03-04 20:00:00,10,4,6,42714,0.5014495731465435,0,http,0,benign,0
h022,2024-03-04 20:00:00,1,1,1,152,1.949312014252668,0,http,0,benign,0
h023,2024-03-04 20:00:00,22,5,8,54883,0.5481970998571769,1,http,0,benign,0
h024,2024-03-04 20:00:00,8,4,6,38755,0.3696796312060999,0,http,0,benign,0
h025,2024-03-04 20:00:00,11,3,6,31520,0.6337169460663641,0,http,0,benign,0
h026,2024-03-04 20:00:00,22,5,8,102125,0.6346913178108182,0,http,0,benign,0
h027,2024-03-04 20:00:00,25,5,7,129915,0.8279089156718465,0,http,0,benign,0
h028,2024-03-04 20:00:00,21,5,7,103070,0.9481327965042874,0,http,0,benign,0
h029,2024-03-04 20:00:00,5,2,4,12034,1.1197814751486863,0,http,0,benign,0
h030,2024-03-04 20:00:00,53,51,31,146344,0.4905212480497471,0,other,0,benign,0
h031,2024-03-04 20:00:00,11,4,5,122337,0.6448216586197593,0,http,0,benign,0
h032,2024-03-04 20:00:00,19,5,5,63029,0.8656884224318366,1,http,0,benign,0
h033,2024-03-04 20:00:00,72,68,51,4709,0.05562234727504234,0,other,1,portscan,1
h034,2024-03-04 20:00:00,42,5,8,165233,0.4676913153773233,0,http,0,benign,0
h035,2024-03-04 20:00:00,1,1,1,577976,16.694826586289107,0,http,1,exfil,1
h036,2024-03-04 20:00:00,16,3,6,69421,0.7646956999048932,0,http,0,benign,0
h037,2024-03-04 20:00:00,5,4,5,10301,0.44287747582012127,0,http,0,benign,0
h038,2024-03-04 20:00:00,20,4,8,123137,0.6491584419155696,1,http,0,benign,0
h039,2024-03-04 20:00:00,10,4,7,25358,0.8217091679259717,1,http,0,benign,0
h040,2024-03-04 20:00:00,22,5,7,42029,0.4764357630251484,0,http,0,benign,0
h041,2024-03-04 20:00:00,13,4,6,102032,0.49506666558817336,0,http,0,benign,0
h042,2024-03-04 20:00:00,11,5,5,19182,0.9385298090987692,0,http,0,benign,0
h043,2024-03-04 20:00:00,16,5,7,56488,0.843437922908415,0,http,0,benign,0
h044,2024-03-04 20:00:00,5,3,5,3476,1.0170501452599898,0,http,0,benign,0
h045,2024-03-04 20:00:00,14,4,8,67115,0.5275624689188742,0,http,0,benign,0
h046,2024-03-04 20:00:00,4,4,3,9008,2.1836129121717387,0,http,0,benign,0
h047,2024-03-04 20:00:00,3,2,2,947591,12.231946847610859,0,http,0,benign,0
h048,2024-03-04 20:00:00,25,5,8,60076,0.6337067180555215,2,http,0,benign,0
h049,2024-03-04 20:00:00,8,4,5,26132,0.5510003909610908,0,http,0,benign,0
h050,2024-03-04 20:00:00,12,5,5,27397,1.3988340572420757,0,http,0,benign,0
h051,2024-03-04 20:00:00,14,4,6,31860,0.34439651945871336,0,http,0,benign,0
h052,2024-03-04 20:00:00,8,3,6,20225,1.2419356871969465,0,http,0,benign,0
h053,2024-03-04 20:00:00,7,4,4,88769,0.3115449676691389,1,http,0,benign,0
h054,2024-03-04 20:00:00,39,36,27,129577,0.6618525246860352,0,other,0,benign,0
h055,2024-03-04 20:00:00,17,4,7,91550,0.6747271724734597,0,http,0,benign,0
h056,2024-03-04 20:00:00,4,1,3,18132,0.5648146991757816,0,http,0,benign,0
h057,2024-03-04 20:00:00,6,3,5,39532,1.3966639814941555,0,http,0,benign,0
h058,2024-03-04 20:00:00,166,158,106,10785,0.051702081148420835,0,other,1,portscan,1
h059,2024-03-04 20:00:00,8,3,5,17077,0.4562237565561988,2,http,0,benign,0
h000,2024-03-04 21:00:00,10,4,5,14063,0.5062145315282954,0,http,0,benign,0
h001,2024-03-04 21:00:00,3,3,3,6415,0.5459824467678699,0,http,0,benign,0
h002,2024-03-04 21:00:00,22,3,8,165296,0.7256924402820419,0,http,0,benign,0
h003,2024-03-04 21:00:00,31,5,8,118341,1.102010923535552,0,http,0,benign,0
h004,2024-03-04 21:00:00,7,4,3,18488,0.7550039553821986,0,http,0,benign,0
h005,2024-03-04 21:00:00,10,3,5,22495,0.4547057163367074,0,http,0,benign,0
h006,2024-03-04 21:00:00,21,5,8,46773,0.5287807921470219,0,http,0,benign,0
h007,2024-03-04 21:00:00,3,2,1,868669,14.334702169496621,0,http,1,exfil,1
h008,2024-03-04 21:00:00,19,5,7,49276,0.5522363000786675,0,http,0,benign,0
h009,2024-03-04 21:00:00,12,5,5,94648,0.8444194398681226,0,http,0,benign,0
h010,2024-03-04 21:00:00,13,3,8,49707,0.3692468112289815,0,http,1,benign,0
h011,2024-03-04 21:00:00,9,4,6,61679,0.7942890802159706,0,http,0,benign,0
h012,2024-03-04 21:00:00,9,2,6,97673,0.7367022180035235,0,http,0,benign,0
h013,2024-03-04 21:00:00,3,2,3,6443,0.843303694674562,0,http,0,benign,0
h014,2024-03-04 21:00:00,4,2,1,3268289,20.17843458548023,0,http,0,benign,0
h015,2024-03-04 21:00:00,7,3,5,47416,0.4225764375987683,0,http,0,benign,0
h016,2024-03-04 21:00:00,5,2,2,1756835,11.672628370089182,0,http,0,benign,0
h017,2024-03-04 21:00:00,17,5,8,43035,0.5585009415868043,0,http,1,benign,0
h018,2024-03-04 21:00:00,8,5,5,12223,1.5058937657708666,0,http,0,benign,0
h019,2024-03-04 21:00:00,17,5,8,37047,0.4233718634245887,0,http,0,benign,0
h020,2024-03-04 21:00:00,7,3,4,26905,0.7205577571401598,0,http,0,benign,0
h021,2024-03-04 21:00:00,56,51,44,3971,0.060396775978732546,0,other,1,portscan,1
h022,2024-03-04 21:00:00,4,2,1,1483922,10.141197993848944,0,http,1,exfil,1
h023,2024-03-04 21:00:00,6,5,4,22266,1.0118496545462132,0,dns,0,benign,0
h024,2024-03-04 21:00:00,39,5,8,147129,0.6597048048000064,1,http,0,benign,0
h025,2024-03-04 21:00:00,17,3,7,108439,1.0124855523867173,0,http,0,benign,0
h026,2024-03-04 21:00:00,8,4,5,41476,0.42218872855653566,0,http,0,benign,0
h027,2024-03-04 21:00:00,16,4,7,41576,0.3335539114973902,0,http,0,benign,0
h028,2024-03-04 21:00:00,4,2,4,10655,0.5491364700358655,0,http,0,benign,0
h029,2024-03-04 21:00:00,14,5,6,49680,0.6442842840802558,0,http,0,benign,0
h030,2024-03-04 21:00:00,10,5,5,76973,0.796482834811598,1,http,0,benign,0
h031,2024-03-04 21:00:00,7,4,6,19592,0.5948688387592612,0,http,0,benign,0
h032,2024-03-04 21:00:00,3,3,3,6785,0.42444014372567795,0,http,0,benign,0
h033,2024-03-04 21:00:00,9,4,5,51968,0.9654914319143708,0,http,0,benign,0
h034,2024-03-04 21:00:00,10,4,7,47724,0.46970894063712176,0,http,0,benign,0
h035,2024-03-04 21:00:00,10,4,6,60422,0.8624188163828281,0,http,0,benign,0
h036,2024-03-04 21:00:00,2,2,2,620245,13.734578711962698,0,ssh,0,benign,0
h037,2024-03-04 21:00:00,16,4,7,53110,0.4475511095046562,0,http,0,benign,0
h038,2024-03-04 21:00:00,12,4,6,28256,0.9000053424367325,0,http,0,benign,0
h039,2024-03-04 21:00:00,42,5,8,175844,0.6191407939837306,1,http,0,benign,0
h040,2024-03-04 21:00:00,11,4,7,38299,0.4070017597458634,0,http,0,benign,0
h041,2024-03-04 21:00:00,6,3,4,81086,0.2411373698017738,1,http,0,benign,0
h042,2024-03-04 21:00:00,53,52,31,144045,0.6614745182361867,0,other,0,benign,0
h043,2024-03-04 21:00:00,19,5,8,52715,0.45374589296108203,0,http,0,benign,0
h044,2024-03-04 21:00:00,5,3,4,14625,0.5378526275169065,0,http,0,benign,0
h045,2024-03-04 21:00:00,25,4,8,87699,0.7832493828921452,0,http,0,benign,0
h046,2024-03-04 21:00:00,14,4,6,53220,2.1037590684318093,0,http,0,benign,0
h047,2024-03-04 21:00:00,17,5,7,90720,0.9294624469314748,0,http,0,benign,0
h048,2024-03-04 21:00:00,6,2,2,2631297,9.992564453239,0,http,0,benign,0
h049,2024-03-04 21:00:00,58,1,3,9804,0.25475103026810353,50,ssh,0,benign,0
h050,2024-03-04 21:00:00,19,4,8,65849,0.5028275010084662,0,http,0,benign,0
h051,2024-03-04 21:00:00,3,2,1,3045092,30.825883070081698,0,http,1,exfil,1
h052,2024-03-04 21:00:00,5,3,5,6845,0.2622246088695748,0,dns,0,benign,0
h053,2024-03-04 21:00:00,22,4,8,78683,0.6767614725170368,0,http,0,benign,0
h054,2024-03-04 21:00:00,15,4,7,46205,0.8237794277547162,0,http,1,benign,0
h055,2024-03-04 21:00:00,9,4,6,22769,0.5061233518125807,0,http,0,benign,0
h056,2024-03-04 21:00:00,20,5,6,53532,0.8863470200609438,0,http,0,benign,0
h057,2024-03-04 21:00:00,68,1,3,11349,0.23700884712403028,61,ssh,0,benign,0
h058,2024-03-04 21:00:00,39,5,8,237428,0.5820901480640521,0,http,0,benign,0
h059,2024-03-04 21:00:00,14,3,7,40295,0.4994760430068013,0,http,0,benign,0
h000,2024-03-04 22:00:00,27,4,8,101961,0.5472374549662476,0,http,0,benign,0
h001,2024-03-04 22:00:00,32,5,7,114158,0.9616020961648288,0,http,0,benign,0
h002,2024-03-04 22:00:00,9,4,6,51096,0.6341972925383836,0,http,0,benign,0
h003,2024-03-04 22:00:00,2,1,2,9314,0.6835685800895889,0,dns,0,benign,0
h004,2024-03-04 22:00:00,16,5,7,91995,0.6017580408707112,1,http,0,benign,0
h005,2024-03-04 22:00:00,13,4,7,33059,0.70889633009384,0,http,0,benign,0
h006,2024-03-04 22:00:00,5,3,4,17950,1.1199716172873078,0,http,0,benign,0
h007,2024-03-04 22:00:00,4,2,1,1263976,44.39044435305338,0,http,0,benign,0
h008,2024-03-04 22:00:00,15,5,6,59002,0.5409517760951891,1,http,0,benign,0
h009,2024-03-04 22:00:00,33,5,8,74347,0.758265609864128,0,http,0,benign,0
h010,2024-03-04 22:00:00,18,5,8,87089,0.9183398230006807,0,http,0,benign,0
h011,2024-03-04 22:00:00,6,4,4,49512,1.1570128743089108,0,http,0,benign,0
h012,2024-03-04 22:00:00,172,163,108,11837,0.0584900284507277,0,other,1,portscan,1
h013,2024-03-04 22:00:00,9,3,6,53964,0.45350440830281474,0,http,0,benign,0
h014,2024-03-04 22:00:00,11,4,6,38637,0.5137323562354686,1,http,0,benign,0
h015,2024-03-04 22:00:00,7,4,5,23644,0.8844096752530465,0,dns,0,benign,0
h016,2024-03-04 22:00:00,18,4,8,54213,0.6381959729858029,0,http,0,benign,0
h017,2024-03-04 22:00:00,20,3,5,40146,0.613194579597308,0,http,0,benign,0
h018,2024-03-04 22:00:00,45,43,29,124630,0.644011965817944,0,other,0,benign,0
h019,2024-03-04 22:00:00,17,4,7,56286,0.6124657585448474,1,http,0,benign,0
h020,2024-03-04 22:00:00,96,85,65,5769,0.05627885926433839,0,other,1,portscan,1
h021,2024-03-04 22:00:00,15,4,5,63104,0.5760521017606287,0,http,0,benign,0
h022,2024-03-04 22:00:00,32,5,8,93903,0.4411342254603504,1,http,0,benign,0
h023,2024-03-04 22:00:00,15,4,8,79489,0.7790404722867793,1,http,0,benign,0
h024,2024-03-04 22:00:00,90,83,58,5990,0.05586935478585839,0,other,1,portscan,1
h025,2024-03-04 22:00:00,11,4,7,26463,0.39497047017834236,0,http,0,benign,0
h026,2024-03-04 22:00:00,5,3,3,56463,0.4346379578240276,0,http,0,benign,0
h027,2024-03-04 22:00:00,6,3,4,30856,0.629714287287618,0,http,0,benign,0
h028,2024-03-04 22:00:00,11,4,6,27784,0.6355761787890025,1,http,0,benign,0
h029,2024-03-04 22:00:00,3,2,3,16144,1.2630864646476383,0,http,0,benign,0
h030,2024-03-04 22:00:00,2,2,1,1224,0.45850164047576225,0,dns,0,benign,0
h031,2024-03-04 22:00:00,18,5,6,74559,0.45814181404541937,0,http,0,benign,0
h032,2024-03-04 22:00:00,15,5,8,19368,0.43134676723182996,0,http,0,benign,0
h033,2024-03-04 22:00:00,11,4,7,21832,0.6702787742807712,0,http,0,benign,0
h034,2024-03-04 22:00:00,11,5,5,46030,0.901165138780962,0,http,0,benign,0
h035,2024-03-04 22:00:00,13,5,8,46971,0.5379649402609787,0,http,0,benign,0
h036,2024-03-04 22:00:00,92,87,61,7092,0.05195726719971035,0,other,0,benign,0
h037,2024-03-04 22:00:00,63,58,38,3712,0.05865723955447695,0,other,0,benign,0
h038,2024-03-04 22:00:00,5,3,4,20662,1.508357020700501,1,http,1,benign,0
h039,2024-03-04 22:00:00,14,5,7,52843,0.5244149326240243,1,http,0,benign,0
h040,2024-03-04 22:00:00,9,2,2,2516516,18.117639117033292,0,http,0,benign,0
h041,2024-03-04 22:00:00,5,4,4,19113,0.7252794304200189,0,http,0,benign,0
h042,2024-03-04 22:00:00,8,3,6,43578,0.7949862581982625,0,http,0,benign,0
h043,2024-03-04 22:00:00,11,4,7,53374,0.2582018026762265,0,http,0,benign,0
h044,2024-03-04 22:00:00,4,1,2,8152,0.9719036776203739,0,http,0,benign,0
h045,2024-03-04 22:00:00,7,3,6,83117,0.4408939502787934,0,http,0,benign,0
h046,2024-03-04 22:00:00,11,3,7,25478,0.8945263302234903,0,http,1,benign,0
h047,2024-03-04 22:00:00,33,1,3,5497,0.2379441301440455,22,ssh,1,bruteforce,1
h048,2024-03-04 22:00:00,38,5,8,107669,0.42868469439233353,0,http,0,benign,0
h049,2024-03-04 22:00:00,12,3,6,56035,0.7145265767849035,0,http,0,benign,0
h050,2024-03-04 22:00:00,13,5,7,150423,0.37130630965514216,0,http,0,benign,0
h051,2024-03-04 22:00:00,9,4,6,50600,0.3531416865463258,0,http,0,benign,0
h052,2024-03-04 22:00:00,61,56,40,3513,0.05581033172096304,0,other,1,portscan,1
h053,2024-03-04 22:00:00,15,3,8,70958,0.6406260823398159,0,http,0,benign,0
h054,2024-03-04 22:00:00,23,4,8,81231,0.6159904118353526,0,http,0,benign,0
h055,2024-03-04 22:00:00,11,3,5,24153,1.1164696211905565,1,http,0,benign,0
h056,2024-03-04 22:00:00,20,4,8,114218,0.803423795023839,2,http,0,benign,0
h057,2024-03-04 22:00:00,11,3,5,61445,0.6795097080035518,0,http,0,benign,0
h058,2024-03-04 22:00:00,29,5,7,182137,0.4226221593945004,0,http,0,benign,0
h059,2024-03-04 22:00:00,11,4,6,18025,0.6174548746030926,0,http,0,benign,0
h000,2024-03-04 23:00:00,7,3,6,8179,0.3628035685018152,0,http,0,benign,0
h001,2024-03-04 23:00:00,89,84,54,5697,0.06293830156362418,0,other,1,portscan,1
h002,2024-03-04 23:00:00,20,5,6,276243,0.6264494494878351,0,http,0,benign,0
h003,2024-03-04 23:00:00,6,3,4,21667,0.4716553449583316,0,http,0,benign,0
h004,2024-03-04 23:00:00,9,5,5,18444,0.5450409963933213,0,http,0,benign,0
h005,2024-03-04 23:00:00,37,5,8,124720,0.6865637933242232,0,http,0,benign,0
h006,2024-03-04 23:00:00,2,2,2,4808,0.7427331300110892,0,http,0,benign,0
h007,2024-03-04 23:00:00,5,2,2,1394081,24.561652584326616,0,ssh,0,benign,0
h008,2024-03-04 23:00:00,1,1,1,1201451,32.45632857643367,0,ssh,1,exfil,1
h009,2024-03-04 23:00:00,6,2,3,16197,0.4836501535291693,0,http,0,benign,0
h010,2024-03-04 23:00:00,22,5,7,74415,0.5446979647518453,1,http,0,benign,0
h011,2024-03-04 23:00:00,3,2,3,12255,0.9375337166293073,0,http,0,benign,0
h012,2024-03-04 23:00:00,3,2,2,3832,0.48705493477294654,0,http,1,benign,0
h013,2024-03-04 23:00:00,12,5,8,53630,0.4200889511535975,1,http,1,benign,0
h014,2024-03-04 23:00:00,4,2,4,10418,0.2964405048270411,0,http,0,benign,0
h015,2024-03-04 23:00:00,7,3,4,9339,1.4638932201385104,0,http,0,benign,0
h016,2024-03-04 23:00:00,7,4,5,13492,0.5700656565067542,0,http,0,benign,0
h017,2024-03-04 23:00:00,30,5,8,91641,0.4842770294398191,0,http,0,benign,0
h018,2024-03-04 23:00:00,6,4,5,19655,0.7559569665673243,0,http,0,benign,0
h019,2024-03-04 23:00:00,10,3,5,19678,0.863047611157476,0,http,0,benign,0
h020,2024-03-04 23:00:00,6,3,3,26605,0.7415214291137086,0,http,0,benign,0
h021,2024-03-04 23:00:00,7,2,1,3920075,34.8830836545191,0,http,0,benign,0
h022,2024-03-04 23:00:00,3,2,3,4341,1.0415145452036845,0,http,0,benign,0
h023,2024-03-04 23:00:00,9,4,5,67590,0.31377016534366386,0,http,0,benign,0
h024,2024-03-04 23:00:00,7,4,5,10676,0.42618169665315875,0,http,0,benign,0
h025,2024-03-04 23:00:00,12,5,7,42951,0.4112637478451587,1,http,0,benign,0
h026,2024-03-04 23:00:00,11,4,6,70504,0.3829842649432596,0,http,0,benign,0
h027,2024-03-04 23:00:00,14,4,7,43405,0.7647789284330446,0,http,0,benign,0
h028,2024-03-04 23:00:00,9,5,6,26798,0.5519536880000964,0,http,0,benign,0
h029,2024-03-04 23:00:00,4,2,3,10989,0.3294239093691665,1,http,0,benign,0
h030,2024-03-04 23:00:00,8,5,3,26875,0.5621287096479555,0,http,0,benign,0
h031,2024-03-04 23:00:00,15,5,8,24305,0.3868432308373816,0,http,0,benign,0
h032,2024-03-04 23:00:00,4,2,3,6970,0.6375877766260305,0,http,0,benign,0
h033,2024-03-04 23:00:00,23,5,8,40498,0.5970211203552506,0,http,0,benign,0
h034,2024-03-04 23:00:00,114,106,76,8162,0.05627934267416721,0,other,1,portscan,1
h035,2024-03-04 23:00:00,37,5,8,147894,0.6466727681835819,0,http,0,benign,0
h036,2024-03-04 23:00:00,6,5,4,32898,0.6608280936545478,0,http,0,benign,0
h037,2024-03-04 23:00:00,16,5,7,74604,0.4503566668613436,0,http,0,benign,0
h038,2024-03-04 23:00:00,35,5,8,120249,0.6711028333380591,0,http,0,benign,0
h039,2024-03-04 23:00:00,25,5,8,94697,0.577282182719553,0,http,0,benign,0
h040,2024-03-04 23:00:00,10,2,6,74271,2.352532077262212,1,http,0,benign,0
h041,2024-03-04 23:00:00,13,5,8,103641,0.5669443372519669,0,http,0,benign,0
h042,2024-03-04 23:00:00,7,4,5,13995,0.6304157410929577,0,http,0,benign,0
h043,2024-03-04 23:00:00,9,4,6,16140,0.6005665230872429,0,http,0,benign,0
h044,2024-03-04 23:00:00,12,5,7,67157,0.9168332543432066,0,http,0,benign,0
h045,2024-03-04 23:00:00,16,4,6,50618,0.6573569661794052,0,http,0,benign,0
h046,2024-03-04 23:00:00,11,4,6,30112,1.1010711000689513,0,http,0,benign,0
h047,2024-03-04 23:00:00,8,4,7,15499,0.6765230307369667,0,http,0,benign,0
h048,2024-03-04 23:00:00,18,5,7,44686,0.4821159613917377,0,http,0,benign,0
h049,2024-03-04 23:00:00,17,5,8,60121,0.5869100289611268,0,http,0,benign,0
h050,2024-03-04 23:00:00,17,5,6,245510,0.6082230453862139,1,http,0,benign,0
h051,2024-03-04 23:00:00,6,4,4,8762,0.9782826319472516,0,http,0,benign,0
h052,2024-03-04 23:00:00,3,2,2,14070,0.5230494642878708,0,http,0,benign,0
h053,2024-03-04 23:00:00,8,4,6,13916,0.4438739644506976,0,http,0,benign,0
h054,2024-03-04 23:00:00,30,1,3,4701,0.2534160480944445,23,ssh,1,bruteforce,1
h055,2024-03-04 23:00:00,8,2,1,3004524,15.300870642320687,0,http,0,benign,0
h056,2024-03-04 23:00:00,14,5,6,79904,0.678530167214542,0,http,0,benign,0
h057,2024-03-04 23:00:00,7,3,5,35503,0.4790428132955701,1,http,0,benign,0
h058,2024-03-04 23:00:00,15,5,6,33216,0.527810415122365,0,http,0,benign,0
h059,2024-03-04 23:00:00,7,3,3,28127,0.5876677056997857,0,dns,0,benign,0
h000,2024-03-05 00:00:00,11,4,7,35652,0.3300289610763747,0,http,0,benign,0
h001,2024-03-05 00:00:00,19,5,7,85962,0.7327626718732188,0,http,0,benign,0
h002,2024-03-05 00:00:00,17,3,6,48881,0.48876914269624666,0,http,0,benign,0
h003,2024-03-05 00:00:00,14,4,8,77211,0.6024279784676569,0,http,0,benign,0
h004,2024-03-05 00:00:00,16,5,8,30199,0.9234883777254759,0,http,0,benign,0
h005,2024-03-05 00:00:00,9,3,6,17871,0.8280346682465345,1,http,0,benign,0
h006,2024-03-05 00:00:00,7,2,5,33741,1.695538699394115,0,http,0,benign,0
h007,2024-03-05 00:00:00,5,2,4,23757,0.42416029112431586,0,http,0,benign,0
h008,2024-03-05 00:00:00,15,4,7,28596,0.3908280064805813,0,http,0,benign,0
h009,2024-03-05 00:00:00,19,4,8,90244,0.6503233252538879,0,http,0,benign,0
h010,2024-03-05 00:00:00,16,4,8,111427,1.0100136979401162,0,http,0,benign,0
h011,2024-03-05 00:00:00,15,5,7,46377,0.2700531615831467,0,http,0,benign,0
h012,2024-03-05 00:00:00,6,2,2,3480433,14.740184685058182,0,ssh,0,benign,0
h013,2024-03-05 00:00:00,23,4,7,81566,0.4801065817454732,0,http,0,benign,0
h014,2024-03-05 00:00:00,27,4,8,118041,0.7283159914675785,0,http,0,benign,0
h015,2024-03-05 00:00:00,107,104,85,6923,0.05815914505300162,0,other,1,portscan,1
h016,2024-03-05 00:00:00,14,4,7,202988,0.7621987321947225,0,http,0,benign,0
h017,2024-03-05 00:00:00,1,1,1,735,0.4090680757924281,0,http,0,benign,0
h018,2024-03-05 00:00:00,5,4,4,26398,0.6635259323875222,0,http,0,benign,0
h019,2024-03-05 00:00:00,11,5,6,86230,0.37220857516274397,0,http,0,benign,0
h020,2024-03-05 00:00:00,15,4,8,75791,0.5062567383796042,0,http,0,benign,0
h021,2024-03-05 00:00:00,13,4,5,93398,0.33050119750570767,0,http,0,benign,0
h022,2024-03-05 00:00:00,16,4,8,33346,0.4545240763269983,0,http,0,benign,0
h023,2024-03-05 00:00:00,1,1,1,1312,0.3104814071010582,0,http,0,benign,0
h024,2024-03-05 00:00:00,41,5,8,162901,0.6158562973958747,1,http,0,benign,0
h025,2024-03-05 00:00:00,1,1,1,50,0.7073442109945858,0,ssh,0,benign,0
h026,2024-03-05 00:00:00,4,2,4,17322,0.9619526455556922,0,http,0,benign,0
h027,2024-03-05 00:00:00,149,137,100,11059,0.056876535660246814,0,other,1,portscan,1
h028,2024-03-05 00:00:00,9,3,5,28862,1.0719717229659411,0,http,0,benign,0
h029,2024-03-05 00:00:00,11,5,7,22034,0.4595410600463255,0,http,0,benign,0
h030,2024-03-05 00:00:00,17,4,8,34349,0.6451130053844712,0,http,0,benign,0
h031,2024-03-05 00:00:00,5,3,5,9850,0.3540959032421024,0,http,0,benign,0
h032,2024-03-05 00:00:00,2,2,2,7365,0.5309571170665613,0,http,0,benign,0
h033,2024-03-05 00:00:00,16,5,7,49084,0.8613244358895973,0,http,0,benign,0
h034,2024-03-05 00:00:00,14,3,6,54739,0.47252285027700963,0,http,0,benign,0
h035,2024-03-05 00:00:00,3,1,2,14822,0.5536891061271377,0,http,0,benign,0
h036,2024-03-05 00:00:00,12,5,6,37339,0.5636110974249687,1,http,0,benign,0
h037,2024-03-05 00:00:00,7,4,6,12463,0.4100429962743893,0,http,0,benign,0
h038,2024-03-05 00:00:00,34,5,7,136517,0.5047875514547422,0,http,0,benign,0
h039,2024-03-05 00:00:00,5,2,5,5963,0.36352543451988406,0,http,0,benign,0
h040,2024-03-05 00:00:00,21,5,7,130961,0.6244154794885646,0,http,0,benign,0
h041,2024-03-05 00:00:00,8,2,6,29823,0.617870923216961,0,http,0,benign,0
h042,2024-03-05 00:00:00,45,44,27,112338,0.4861549513207981,0,other,0,benign,0
h043,2024-03-05 00:00:00,36,5,8,115330,0.5097499934843224,0,http,0,benign,0
h044,2024-03-05 00:00:00,1,1,1,2356,0.7813745809763758,0,http,0,benign,0
h045,2024-03-05 00:00:00,17,5,7,78839,0.6253115531907535,0,http,0,benign,0
h046,2024-03-05 00:00:00,3,2,2,4194,0.6693012000925133,0,http,0,benign,0
h047,2024-03-05 00:00:00,108,94,71,7325,0.05465648900543168,0,other,0,benign,0
h048,2024-03-05 00:00:00,67,61,31,196128,0.6000015746407346,0,other,0,benign,0
h049,2024-03-05 00:00:00,56,52,28,173410,0.6119881423722776,0,other,0,benign,0
h050,2024-03-05 00:00:00,6,3,5,65691,0.35699572001567453,0,http,0,benign,0
h051,2024-03-05 00:00:00,6,2,4,18359,0.6230640195048951,0,http,0,benign,0
h052,2024-03-05 00:00:00,9,4,5,68399,0.4795344452046535,0,http,0,benign,0
h053,2024-03-05 00:00:00,58,53,30,186487,0.5024755648444116,0,other,0,benign,0
h054,2024-03-05 00:00:00,19,5,8,49389,0.6082591321661962,0,http,0,benign,0
h055,2024-03-05 00:00:00,14,5,6,32584,0.5395847491940253,0,http,0,benign,0
h056,2024-03-05 00:00:00,18,4,7,57737,0.5161956513365011,0,http,0,benign,0
h057,2024-03-05 00:00:00,9,3,5,16990,0.3261584859020671,0,http,0,benign,0
h058,2024-03-05 00:00:00,18,5,8,30673,0.5476304979808547,0,http,0,benign,0
h059,2024-03-05 00:00:00,32,4,8,123216,0.6836584527468731,0,http,0,benign,0
h000,2024-03-05 01:00:00,9,5,5,33664,0.3956694288699464,0,http,1,benign,0
h001,2024-03-05 01:00:00,100,91,67,6422,0.06057506553930765,0,other,1,portscan,1
h002,2024-03-05 01:00:00,10,4,6,21987,1.2776738136682486,0,http,0,benign,0
h003,2024-03-05 01:00:00,4,3,3,7137,0.583508907411117,0,http,0,benign,0
h004,2024-03-05 01:00:00,13,5,7,29818,0.6370278777350001,0,http,0,benign,0
h005,2024-03-05 01:00:00,2,1,2,15226,0.816299871945686,0,http,0,benign,0
h006,2024-03-05 01:00:00,53,50,30,116589,0.628918627652836,0,other,0,benign,0
h007,2024-03-05 01:00:00,13,4,6,89565,0.7093386060170638,0,http,0,benign,0
h008,2024-03-05 01:00:00,14,4,6,45740,0.730080929773955,0,http,0,benign,0
h009,2024-03-05 01:00:00,19,4,7,51507,0.7664990503841594,0,http,0,benign,0
h010,2024-03-05 01:00:00,8,4,5,54778,0.5606517816452361,0,http,0,benign,0
h011,2024-03-05 01:00:00,16,3,6,31539,0.45437165053400785,0,http,0,benign,0
h012,2024-03-05 01:00:00,9,3,5,29272,0.5754248087767039,0,http,0,benign,0
h013,2024-03-05 01:00:00,24,4,8,52263,0.6230477455937118,0,http,0,benign,0
h014,2024-03-05 01:00:00,3,3,3,17738,0.3900816985508208,0,http,0,benign,0
h015,2024-03-05 01:00:00,19,5,7,58668,0.5618399878272125,1,http,0,benign,0
h016,2024-03-05 01:00:00,17,5,8,130912,0.7141348196957988,0,http,0,benign,0
h017,2024-03-05 01:00:00,7,4,6,39348,0.1638733931468164,0,http,0,benign,0
h018,2024-03-05 01:00:00,2,2,2,7255,0.18498001874115286,0,http,0,benign,0
h019,2024-03-05 01:00:00,20,5,8,38389,0.7261175368626152,0,http,0,benign,0
h020,2024-03-05 01:00:00,17,4,7,95777,0.5390199285191224,0,http,0,benign,0
h021,2024-03-05 01:00:00,14,4,7,80757,0.3680670745483205,0,http,0,benign,0
h022,2024-03-05 01:00:00,11,4,6,31945,0.7658043559576371,1,http,0,benign,0
h023,2024-03-05 01:00:00,19,4,7,63698,0.5444868712932823,0,http,0,benign,0
h024,2024-03-05 01:00:00,6,4,3,15867,0.48753752104156317,0,http,0,benign,0
h025,2024-03-05 01:00:00,34,5,8,138605,0.5618991393983935,0,http,0,benign,0
h026,2024-03-05 01:00:00,12,5,7,59706,0.7900949565781858,1,http,0,benign,0
h027,2024-03-05 01:00:00,4,2,1,804774,20.860831372634586,0,http,1,exfil,1
h028,2024-03-05 01:00:00,7,4,4,57363,0.42290764761710775,0,http,0,benign,0
h029,2024-03-05 01:00:00,19,4,7,53802,0.8655039619442474,0,http,0,benign,0
h030,2024-03-05 01:00:00,23,4,7,89611,0.4414747200069189,0,http,0,benign,0
h031,2024-03-05 01:00:00,15,4,8,35938,0.34959682486684973,1,http,0,benign,0
h032,2024-03-05 01:00:00,16,4,7,67301,0.4438605143242024,0,http,0,benign,0
h033,2024-03-05 01:00:00,26,5,8,180475,0.7145667000848215,0,http,0,benign,0
h034,2024-03-05 01:00:00,13,3,7,57833,0.8125293416189062,0,http,0,benign,0
h035,2024-03-05 01:00:00,43,5,8,138458,0.7684654087856568,1,http,1,benign,0
h036,2024-03-05 01:00:00,14,4,7,65482,0.6682689357102468,0,http,0,benign,0
h037,2024-03-05 01:00:00,17,4,7,63125,0.5983333538582527,0,http,0,benign,0
h038,2024-03-05 01:00:00,14,4,7,60974,0.6528394147068595,0,http,0,benign,0
h039,2024-03-05 01:00:00,117,108,86,7069,0.05456755973009514,0,other,1,portscan,1
h040,2024-03-05 01:00:00,59,56,30,178386,0.576197856345112,0,other,0,benign,0
h041,2024-03-05 01:00:00,27,5,8,96943,0.4009038380648291,1,http,0,benign,0
h042,2024-03-05 01:00:00,16,5,7,74668,0.4574013717717301,2,http,0,benign,0
h043,2024-03-05 01:00:00,11,4,5,57928,0.448001018275992,0,http,0,benign,0
h044,2024-03-05 01:00:00,8,2,4,14881,0.6343770445782959,0,http,0,benign,0
h045,2024-03-05 01:00:00,60,5,8,194636,0.6204653996810945,1,http,0,benign,0
h046,2024-03-05 01:00:00,34,5,7,124616,0.7636594545795924,0,http,0,benign,0
h047,2024-03-05 01:00:00,25,5,8,66101,0.5972395303940443,1,http,0,benign,0
h048,2024-03-05 01:00:00,2,1,1,362247,71.26315438653054,0,ssh,0,benign,0
h049,2024-03-05 01:00:00,1,1,1,6404,1.1313976759075959,0,dns,0,benign,0
h050,2024-03-05 01:00:00,15,4,6,37187,0.7654511446724176,0,http,0,benign,0
h051,2024-03-05 01:00:00,4,2,4,11641,0.4811309515333094,0,http,0,benign,0
h052,2024-03-05 01:00:00,9,4,6,17186,0.512864632466452,0,http,0,benign,0
h053,2024-03-05 01:00:00,8,3,4,47920,0.9942433550851449,0,http,0,benign,0
h054,2024-03-05 01:00:00,4,3,3,25827,0.42859223955854114,1,http,0,benign,0
h055,2024-03-05 01:00:00,4,2,3,26466,1.1358665255183213,0,dns,0,benign,0
h056,2024-03-05 01:00:00,10,3,5,34467,0.6290670859702752,0,http,0,benign,0
h057,2024-03-05 01:00:00,7,3,5,20638,0.573196029679942,0,http,0,benign,0
h058,2024-03-05 01:00:00,4,3,4,14650,0.4076021947396093,0,dns,0,benign,0
h059,2024-03-05 01:00:00,79,73,58,4499,0.05072406945545096,0,other,1,portscan,1
h000,2024-03-05 02:00:00,31,5,8,112451,0.5010032307665347,0,http,0,benign,0
h001,2024-03-05 02:00:00,14,3,8,43906,0.5668557461816703,0,http,0,benign,0
h002,2024-03-05 02:00:00,62,1,3,10725,0.2350151986047552,57,ssh,1,bruteforce,1
h003,2024-03-05 02:00:00,5,2,2,2228942,27.087547563890563,0,http,0,benign,0
h004,2024-03-05 02:00:00,9,4,5,34082,0.6658340425806673,0,http,0,benign,0
h005,2024-03-05 02:00:00,3,2,2,7103,0.3835388530964472,0,http,0,benign,0
h006,2024-03-05 02:00:00,25,5,8,112402,0.6916410135371133,2,http,0,benign,0
h007,2024-03-05 02:00:00,17,4,7,39226,0.5235582453004279,1,http,1,benign,0
h008,2024-03-05 02:00:00,17,4,7,48078,0.5086831442469145,0,http,0,benign,0
h009,2024-03-05 02:00:00,15,4,8,83591,0.2906790535292131,0,http,0,benign,0
h010,2024-03-05 02:00:00,113,105,78,7189,0.05930260526775819,0,other,0,benign,0
h011,2024-03-05 02:00:00,27,5,7,138153,0.4275078111752105,0,http,0,benign,0
h012,2024-03-05 02:00:00,29,3,8,181254,0.5288687199953176,1,http,0,benign,0
h013,2024-03-05 02:00:00,1,1,1,55,3.4184018420292017,0,http,0,benign,0
h014,2024-03-05 02:00:00,14,4,8,53545,0.4293784709480017,0,http,0,benign,0
h015,2024-03-05 02:00:00,9,4,4,28986,0.7031445454335732,1,http,0,benign,0
h016,2024-03-05 02:00:00,38,5,8,102352,0.4750660877891008,2,http,0,benign,0
h017,2024-03-05 02:00:00,4,2,3,12769,1.0189780838583569,0,http,0,benign,0
h018,2024-03-05 02:00:00,20,5,8,32444,0.6018905217056576,0,http,0,benign,0
h019,2024-03-05 02:00:00,17,5,7,81114,0.7480033164565206,1,http,0,benign,0
h020,2024-03-05 02:00:00,3,2,3,14634,0.40511352677397067,0,dns,0,benign,0
h021,2024-03-05 02:00:00,2,1,1,743205,13.850649346167309,0,http,0,benign,0
h022,2024-03-05 02:00:00,32,5,7,226108,0.7304977922862416,0,http,0,benign,0
h023,2024-03-05 02:00:00,19,5,8,59349,0.5947222596779941,1,http,0,benign,0
h024,2024-03-05 02:00:00,3,3,3,7142,0.3005946582592661,0,ssh,0,benign,0
h025,2024-03-05 02:00:00,10,4,4,22927,0.4382828771378229,0,http,0,benign,0
h026,2024-03-05 02:00:00,45,5,8,150656,0.43284502242933404,0,http,0,benign,0
h027,2024-03-05 02:00:00,8,3,5,22444,0.6007236955327744,0,http,0,benign,0
h028,2024-03-05 02:00:00,33,5,8,69817,0.7510353688386145,0,http,0,benign,0
h029,2024-03-05 02:00:00,6,2,2,3733431,17.308320036561046,0,ssh,0,benign,0
h030,2024-03-05 02:00:00,16,4,8,56459,0.650724386232227,0,http,0,benign,0
h031,2024-03-05 02:00:00,7,4,4,53538,0.684397741224381,0,http,0,benign,0
h032,2024-03-05 02:00:00,5,4,2,9249,0.47107371498443573,0,http,0,benign,0
h033,2024-03-05 02:00:00,17,5,6,63053,0.3937931892963479,1,http,0,benign,0
h034,2024-03-05 02:00:00,12,4,6,93561,0.5450017226141968,0,http,0,benign,0
h035,2024-03-05 02:00:00,6,3,4,37565,1.078671231024414,0,http,0,benign,0
h036,2024-03-05 02:00:00,2,1,2,17728,0.24969618649131262,0,dns,0,benign,0
h037,2024-03-05 02:00:00,12,4,6,14534,0.5901510608339339,0,http,0,benign,0
h038,2024-03-05 02:00:00,19,4,7,70253,0.7380891637302549,0,http,0,benign,0
h039,2024-03-05 02:00:00,14,4,7,90965,0.5801842338232266,0,http,0,benign,0
h040,2024-03-05 02:00:00,5,2,4,12431,0.40182947665496815,0,http,0,benign,0
h041,2024-03-05 02:00:00,2,1,1,1142474,18.116675408423816,0,ssh,0,benign,0
h042,2024-03-05 02:00:00,5,2,4,21553,0.43450722128412717,0,http,0,benign,0
h043,2024-03-05 02:00:00,10,3,5,13057,0.5097284963191571,0,http,0,benign,0
h044,2024-03-05 02:00:00,3,2,1,2821680,22.65292536786583,0,ssh,1,exfil,1
h045,2024-03-05 02:00:00,5,3,5,21454,1.1369397018813672,0,http,0,benign,0
h046,2024-03-05 02:00:00,2,2,2,8330,0.46777479110842185,0,http,0,benign,0
h047,2024-03-05 02:00:00,24,4,7,110002,0.5367473069608685,0,http,0,benign,0
h048,2024-03-05 02:00:00,13,3,6,43393,0.550128644560423,0,http,0,benign,0
h049,2024-03-05 02:00:00,11,3,6,42025,0.36308608837256784,0,http,0,benign,0
h050,2024-03-05 02:00:00,9,3,5,17762,0.5437359432321885,1,http,0,benign,0
h051,2024-03-05 02:00:00,12,3,6,46126,0.39150154943865556,0,http,0,benign,0
h052,2024-03-05 02:00:00,15,5,7,155737,0.4520523653681299,1,http,0,benign,0
h053,2024-03-05 02:00:00,22,4,8,96800,0.586896718117298,0,http,0,benign,0
h054,2024-03-05 02:00:00,27,5,8,99492,0.63915290065325,1,http,0,benign,0
h055,2024-03-05 02:00:00,53,51,30,182235,0.567218822744345,0,other,0,benign,0
h056,2024-03-05 02:00:00,5,4,4,6119,0.33248752476941934,0,http,0,benign,0
h057,2024-03-05 02:00:00,58,1,3,9514,0.24824055046613983,52,ssh,0,benign,0
h058,2024-03-05 02:00:00,2,2,2,2689,0.8353655944700745,0,ssh,0,benign,0
h059,2024-03-05 02:00:00,13,4,5,46660,0.4894778593370535,0,http,0,benign,0
h000,2024-03-05 03:00:00,8,4,6,64922,0.9023883797798428,0,http,0,benign,0
h001,2024-03-05 03:00:00,19,4,7,63243,0.5940110213508127,0,http,0,benign,0
h002,2024-03-05 03:00:00,48,46,28,115001,0.5413078263107428,0,other,0,benign,0
h003,2024-03-05 03:00:00,2,2,2,1438,0.4594048825997019,0,ssh,0,benign,0
h004,2024-03-05 03:00:00,29,5,8,128067,0.7555284582866916,0,http,0,benign,0
h005,2024-03-05 03:00:00,2,1,2,2485,2.504481356899037,0,http,0,benign,0
h006,2024-03-05 03:00:00,2,2,2,7760,2.1031107549038106,1,ssh,0,benign,0
h007,2024-03-05 03:00:00,11,4,5,33446,0.5738741042431806,0,http,0,benign,0
h008,2024-03-05 03:00:00,16,5,6,65481,0.6094737745377801,0,http,0,benign,0
h009,2024-03-05 03:00:00,14,3,8,42154,0.3496802604002733,0,http,0,benign,0
h010,2024-03-05 03:00:00,12,3,6,44866,1.1976603946993498,0,http,0,benign,0
h011,2024-03-05 03:00:00,1,1,1,147,1.456717643518054,0,http,0,benign,0
h012,2024-03-05 03:00:00,52,49,29,175214,0.6816243233758108,0,other,0,benign,0
h013,2024-03-05 03:00:00,5,3,4,16710,0.6532535341229156,0,http,0,benign,0
h014,2024-03-05 03:00:00,3,3,2,4690,0.5032728129331079,0,http,0,benign,0
h015,2024-03-05 03:00:00,13,5,7,32161,0.4527894508792064,0,http,0,benign,0
h016,2024-03-05 03:00:00,10,4,6,62228,0.517610510469652,0,http,0,benign,0
h017,2024-03-05 03:00:00,19,4,8,96132,0.6727737938058932,1,http,0,benign,0
h018,2024-03-05 03:00:00,12,4,8,32032,0.9661201836998546,1,http,0,benign,0
h019,2024-03-05 03:00:00,134,121,83,8564,0.05967800550042933,0,other,1,portscan,1
h020,2024-03-05 03:00:00,1,1,1,2992,0.39233060306355116,0,http,0,benign,0
h021,2024-03-05 03:00:00,6,2,1,15954385,25.004194353135194,0,http,1,exfil,1
h022,2024-03-05 03:00:00,15,4,8,57471,0.3817080818875062,0,http,0,benign,0
h023,2024-03-05 03:00:00,3,2,3,5364,0.17458058929622358,0,http,0,benign,0
h024,2024-03-05 03:00:00,41,5,8,157659,0.520431374092123,0,http,0,benign,0
h025,2024-03-05 03:00:00,4,3,3,22117,0.42834756168337307,0,http,0,benign,0
h026,2024-03-05 03:00:00,15,4,8,60694,0.5016401704959578,0,http,0,benign,0
h027,2024-03-05 03:00:00,20,4,7,96694,0.706494141802444,0,http,0,benign,0
h028,2024-03-05 03:00:00,35,5,7,208354,0.4986175495188752,0,http,0,benign,0
h029,2024-03-05 03:00:00,59,56,32,223359,0.6525097490904331,0,other,0,benign,0
h030,2024-03-05 03:00:00,7,4,5,32183,0.4475050777025835,0,http,0,benign,0
h031,2024-03-05 03:00:00,111,105,75,6951,0.05565977125086165,0,other,1,portscan,1
h032,2024-03-05 03:00:00,10,4,5,59794,0.5582016379433655,0,http,0,benign,0
h033,2024-03-05 03:00:00,9,3,4,13033,0.8672785362649962,0,http,0,benign,0
h034,2024-03-05 03:00:00,14,4,6,106473,0.4994474769121086,0,http,0,benign,0
h035,2024-03-05 03:00:00,13,3,8,22673,0.7910395309012042,0,http,0,benign,0
h036,2024-03-05 03:00:00,11,4,5,67507,0.5545583879110743,0,http,0,benign,0
h037,2024-03-05 03:00:00,141,131,98,9090,0.05404581167887773,0,other,1,portscan,1
h038,2024-03-05 03:00:00,24,5,8,91846,0.4206691702986425,0,http,0,benign,0
h039,2024-03-05 03:00:00,10,5,7,25899,0.4701784838876992,1,http,0,benign,0
h040,2024-03-05 03:00:00,12,4,7,57862,0.6205483563166441,0,http,0,benign,0
h041,2024-03-05 03:00:00,15,4,8,43751,0.4288489478365655,0,http,0,benign,0
h042,2024-03-05 03:00:00,20,5,6,113110,0.45848610268848533,0,http,0,benign,0
h043,2024-03-05 03:00:00,10,4,7,19033,0.5674541939120821,0,http,0,benign,0
h044,2024-03-05 03:00:00,13,4,7,84787,0.4331220903393541,0,http,0,benign,0
h045,2024-03-05 03:00:00,19,4,8,93103,0.3416358550055807,0,http,0,benign,0
h046,2024-03-05 03:00:00,18,5,7,331744,0.6020112628691768,0,http,1,benign,0
h047,2024-03-05 03:00:00,7,5,5,18872,0.2927710375573723,0,http,0,benign,0
h048,2024-03-05 03:00:00,3,2,2,4499940,17.777831662077407,0,ssh,0,benign,0
h049,2024-03-05 03:00:00,19,5,8,71574,0.5970113564119558,0,http,0,benign,0
h050,2024-03-05 03:00:00,16,5,6,23577,0.4865005204350428,0,http,0,benign,0
h051,2024-03-05 03:00:00,8,3,4,38055,0.33087147145471635,0,http,0,benign,0
h052,2024-03-05 03:00:00,15,4,8,88344,0.8442960266331935,0,http,0,benign,0
h053,2024-03-05 03:00:00,47,44,28,144522,0.6039277990474551,0,other,0,benign,0
h054,2024-03-05 03:00:00,10,4,7,16918,0.3443244413945587,0,http,0,benign,0
h055,2024-03-05 03:00:00,7,2,2,2122723,17.741018792408976,0,http,0,benign,0
h056,2024-03-05 03:00:00,7,5,6,12563,0.6528528018687435,0,http,0,benign,0
h057,2024-03-05 03:00:00,9,4,5,16085,0.5459563720110848,0,http,0,benign,0
h058,2024-03-05 03:00:00,22,4,8,59038,0.926691773901382,0,http,0,benign,0
h059,2024-03-05 03:00:00,6,3,3,31009,0.5440621710965287,0,http,0,benign,0
h000,2024-03-05 04:00:00,24,4,7,142148,1.554270119962214,0,http,0,benign,0
h001,2024-03-05 04:00:00,8,3,5,16416,0.5613936471663267,0,http,0,benign,0
h002,2024-03-05 04:00:00,2,2,2,3121,0.3032434048578647,0,ssh,0,benign,0
h003,2024-03-05 04:00:00,19,4,7,82478,0.7256890463555795,0,http,0,benign,0
h004,2024-03-05 04:00:00,1,1,1,1926,0.5786953684524656,0,http,0,benign,0
h005,2024-03-05 04:00:00,5,3,2,18796,0.7030142183648305,0,http,0,benign,0
h006,2024-03-05 04:00:00,8,3,6,11885,0.6857452387543381,0,http,0,benign,0
h007,2024-03-05 04:00:00,12,4,7,53842,0.291193631612278,0,http,0,benign,0
h008,2024-03-05 04:00:00,13,4,7,35669,0.9493689422091871,0,http,0,benign,0
h009,2024-03-05 04:00:00,6,2,2,1565769,15.383282728982941,0,ssh,0,benign,0
h010,2024-03-05 04:00:00,48,45,28,135106,0.550827796205571,0,other,0,benign,0
h011,2024-03-05 04:00:00,17,5,7,74162,0.3422989171487025,0,http,0,benign,0
h012,2024-03-05 04:00:00,15,3,8,142216,0.8523076926960461,1,http,0,benign,0
h013,2024-03-05 04:00:00,1,1,1,575,0.7124845478548988,0,http,0,benign,0
h014,2024-03-05 04:00:00,10,5,5,79144,0.902274394868346,0,http,0,benign,0
h015,2024-03-05 04:00:00,25,5,8,135913,0.40661963040574584,0,http,0,benign,0
h016,2024-03-05 04:00:00,24,5,8,103903,0.36521678902705595,1,http,0,benign,0
h017,2024-03-05 04:00:00,23,5,8,79918,0.5487184222596757,0,http,0,benign,0
h018,2024-03-05 04:00:00,4,2,1,2384617,28.433159228871144,0,ssh,1,exfil,1
h019,2024-03-05 04:00:00,23,5,7,93383,0.8437634946360155,0,http,0,benign,0
h020,2024-03-05 04:00:00,20,5,7,95638,0.7026947466709836,0,http,0,benign,0
h021,2024-03-05 04:00:00,20,5,7,57416,0.8926887898792287,1,http,0,benign,0
h022,2024-03-05 04:00:00,40,5,8,154185,0.6928409093677173,0,http,1,benign,0
h023,2024-03-05 04:00:00,7,3,4,13488,0.3918860972987973,0,http,0,benign,0
h024,2024-03-05 04:00:00,6,4,3,57075,1.2737343501176561,0,http,0,benign,0
h025,2024-03-05 04:00:00,11,2,6,30327,0.5683397041100209,0,http,0,benign,0
h026,2024-03-05 04:00:00,9,2,6,28669,0.3976638521967797,0,http,0,benign,0
h027,2024-03-05 04:00:00,5,3,5,115668,0.7982903364108944,0,http,0,benign,0
h028,2024-03-05 04:00:00,24,5,7,105986,0.6590126177437567,0,http,0,benign,0
h029,2024-03-05 04:00:00,6,4,6,18213,0.1976474059828509,0,http,0,benign,0
h030,2024-03-05 04:00:00,8,3,4,77658,0.8920092585173397,0,http,0,benign,0
h031,2024-03-05 04:00:00,34,5,8,103911,0.4814015377508558,1,http,0,benign,0
h032,2024-03-05 04:00:00,12,4,7,87968,0.8985717129630736,0,http,0,benign,0
h033,2024-03-05 04:00:00,2,1,1,3885,1.1601183071217431,0,dns,0,benign,0
h034,2024-03-05 04:00:00,5,3,5,14763,0.39173488220807506,0,http,0,benign,0
h035,2024-03-05 04:00:00,14,4,6,38695,0.5394736399312524,1,http,0,benign,0
h036,2024-03-05 04:00:00,13,5,6,36261,0.49121627635666115,1,http,1,benign,0
h037,2024-03-05 04:00:00,3,1,2,37331,0.46612716943843396,0,http,0,benign,0
h038,2024-03-05 04:00:00,17,4,7,159138,0.37836771176480954,0,http,0,benign,0
h039,2024-03-05 04:00:00,1,1,1,19212,0.30586336552537746,0,http,0,benign,0
h040,2024-03-05 04:00:00,41,5,8,232378,0.5945536587704461,0,http,0,benign,0
h041,2024-03-05 04:00:00,16,4,8,65057,0.8437167225810693,0,http,0,benign,0
h042,2024-03-05 04:00:00,1,1,1,4257,0.3156026287901981,0,http,0,benign,0
h043,2024-03-05 04:00:00,10,4,6,28371,1.3830455943699878,0,http,0,benign,0
h044,2024-03-05 04:00:00,10,4,6,20371,0.585672694756324,1,http,0,benign,0
h045,2024-03-05 04:00:00,4,2,2,462944,35.069571413020235,0,ssh,0,benign,0
h046,2024-03-05 04:00:00,7,3,5,17681,0.4215164741448608,1,dns,0,benign,0
h047,2024-03-05 04:00:00,22,5,8,66533,0.878163196911153,0,http,0,benign,0
h048,2024-03-05 04:00:00,11,4,6,27722,0.5452499075173645,0,http,0,benign,0
h049,2024-03-05 04:00:00,22,4,7,102848,0.7822571659397592,0,http,0,benign,0
h050,2024-03-05 04:00:00,11,4,6,30960,0.46165404482088507,0,http,0,benign,0
h051,2024-03-05 04:00:00,26,4,8,144459,0.6685070611087162,0,http,0,benign,0
h052,2024-03-05 04:00:00,19,5,8,168287,0.4945334508443918,0,http,0,benign,0
h053,2024-03-05 04:00:00,6,3,5,9834,1.1909760671178453,0,smtp,0,benign,0
h054,2024-03-05 04:00:00,7,3,4,15227,0.2546796393595242,0,http,0,benign,0
h055,2024-03-05 04:00:00,3,2,2,6982,0.36030005122528924,0,http,0,benign,0
h056,2024-03-05 04:00:00,5,4,4,11723,0.4678095295823235,0,dns,0,benign,0
h057,2024-03-05 04:00:00,26,5,7,60263,0.599944337705329,0,http,0,benign,0
h058,2024-03-05 04:00:00,4,2,3,9241,1.0035882422779456,0,http,0,benign,0
h059,2024-03-05 04:00:00,31,5,8,183625,0.5057222327027591,0,http,0,benign,0
h000,2024-03-05 05:00:00,4,4,2,11706,0.4773287724272014,0,http,0,benign,0
h001,2024-03-05 05:00:00,7,3,5,39741,0.6762792751661003,0,http,0,benign,0
h002,2024-03-05 05:00:00,8,2,6,121274,0.7225699645756214,0,http,0,benign,0
h003,2024-03-05 05:00:00,13,3,7,59848,0.49499329748226273,0,http,0,benign,0
h004,2024-03-05 05:00:00,4,1,3,6985,0.36361005252811873,0,http,0,benign,0
h005,2024-03-05 05:00:00,8,5,5,14227,0.5412705387480407,0,http,0,benign,0
h006,2024-03-05 05:00:00,9,3,7,29888,0.6334892708528437,0,http,0,benign,0
h007,2024-03-05 05:00:00,11,5,7,41682,0.63221927814123,0,http,0,benign,0
h008,2024-03-05 05:00:00,13,4,8,36092,0.6631192606109201,0,http,0,benign,0
h009,2024-03-05 05:00:00,9,3,4,37598,0.39312846519962846,0,http,0,benign,0
h010,2024-03-05 05:00:00,48,46,26,141051,0.6907336798566139,0,other,0,benign,0
h011,2024-03-05 05:00:00,6,2,5,11907,0.678208449590549,0,http,1,benign,0
h012,2024-03-05 05:00:00,8,4,5,35406,0.4920609059025111,0,http,0,benign,0
h013,2024-03-05 05:00:00,34,5,8,111137,0.6523261148529989,1,http,0,benign,0
h014,2024-03-05 05:00:00,6,3,5,29817,0.3316546321434171,0,http,0,benign,0
h015,2024-03-05 05:00:00,7,2,5,13021,0.31075875847779627,0,http,0,benign,0
h016,2024-03-05 05:00:00,13,4,8,51118,1.0077879807953958,0,http,0,benign,0
h017,2024-03-05 05:00:00,14,5,6,40269,0.45835943899875276,0,http,0,benign,0
h018,2024-03-05 05:00:00,44,44,28,134478,0.559282131802565,0,other,0,benign,0
h019,2024-03-05 05:00:00,13,4,6,51284,0.5352347717609148,0,http,0,benign,0
h020,2024-03-05 05:00:00,12,4,7,103934,0.7721731766904893,0,http,0,benign,0
h021,2024-03-05 05:00:00,10,4,7,19622,0.7553537849025977,0,http,0,benign,0
h022,2024-03-05 05:00:00,2,2,2,5350,0.5927915345712693,0,http,0,benign,0
h023,2024-03-05 05:00:00,19,4,8,57801,0.40372445609687097,0,http,0,benign,0
h024,2024-03-05 05:00:00,13,3,6,96134,0.286784469610372,0,http,0,benign,0
h025,2024-03-05 05:00:00,15,4,8,29962,0.9163082882173982,0,http,0,benign,0
h026,2024-03-05 05:00:00,5,5,3,43653,0.5104610334124555,0,http,0,benign,0
h027,2024-03-05 05:00:00,10,4,7,26890,0.7563119095048838,0,http,0,benign,0
h028,2024-03-05 05:00:00,1,1,1,2626,5.504366438345171,0,http,0,benign,0
h029,2024-03-05 05:00:00,26,5,8,56697,0.45472943605410837,0,http,0,benign,0
h030,2024-03-05 05:00:00,23,5,8,101565,0.6013352443689083,0,http,1,benign,0
h031,2024-03-05 05:00:00,8,4,4,47326,0.6396590005594119,0,http,1,benign,0
h032,2024-03-05 05:00:00,27,5,8,73205,0.592011358120026,0,http,0,benign,0
h033,2024-03-05 05:00:00,98,90,62,6146,0.05443802699060557,0,other,1,portscan,1
h034,2024-03-05 05:00:00,6,4,6,14196,0.6798062757630218,0,http,0,benign,0
h035,2024-03-05 05:00:00,6,3,4,36318,0.8072509761825569,0,http,0,benign,0
h036,2024-03-05 05:00:00,6,3,4,60562,0.3041021902039715,0,http,0,benign,0
h037,2024-03-05 05:00:00,17,4,7,48894,0.5287843134389316,1,http,0,benign,0
h038,2024-03-05 05:00:00,47,44,28,141973,0.6448159196176854,0,other,0,benign,0
h039,2024-03-05 05:00:00,26,5,8,57515,0.618943737804569,0,http,0,benign,0
h040,2024-03-05 05:00:00,3,3,2,8264,0.4040072089463707,0,http,0,benign,0
h041,2024-03-05 05:00:00,13,5,8,68643,0.7151461580216767,0,http,0,benign,0
h042,2024-03-05 05:00:00,26,5,8,106707,0.45423935738695953,1,http,0,benign,0
h043,2024-03-05 05:00:00,4,3,3,143129,1.6374973780195827,0,dns,0,benign,0
h044,2024-03-05 05:00:00,9,3,5,67067,0.2934725542190316,0,http,0,benign,0
h045,2024-03-05 05:00:00,56,51,27,188824,0.5515597528343376,0,other,0,benign,0
h046,2024-03-05 05:00:00,10,4,7,61194,0.5100890994449362,0,http,0,benign,0
h047,2024-03-05 05:00:00,11,5,5,23105,0.8900708830211961,0,http,0,benign,0
h048,2024-03-05 05:00:00,15,4,7,31677,0.3112183434444755,0,http,0,benign,0
h049,2024-03-05 05:00:00,8,4,5,28167,0.5105199591308537,0,http,0,benign,0
h050,2024-03-05 05:00:00,3,2,1,1033326,16.845445872774224,0,http,1,exfil,1
h051,2024-03-05 05:00:00,6,3,6,34182,0.636116401413704,0,http,0,benign,0
h052,2024-03-05 05:00:00,20,4,8,71383,0.41850391132707976,0,http,0,benign,0
h053,2024-03-05 05:00:00,4,4,3,13665,0.3430568755379026,0,http,0,benign,0
h054,2024-03-05 05:00:00,15,5,8,61241,0.9516510358457375,0,http,0,benign,0
h055,2024-03-05 05:00:00,156,143,112,10269,0.0542082963030025,0,other,1,portscan,1
h056,2024-03-05 05:00:00,12,4,7,62843,0.7830748578798482,0,http,1,benign,0
h057,2024-03-05 05:00:00,32,5,8,126115,0.5448122834295106,0,http,0,benign,0
h058,2024-03-05 05:00:00,37,5,8,248411,0.680702852297405,0,http,0,benign,0
h059,2024-03-05 05:00:00,13,3,6,35549,0.5177796271691535,0,http,0,benign,0
h000,2024-03-05 06:00:00,1,1,1,856,1.794273473385184,0,http,0,benign,0
h001,2024-03-05 06:00:00,16,5,7,72028,0.6268837927082771,0,http,0,benign,0
h002,2024-03-05 06:00:00,10,4,7,22582,0.9190309566056831,0,http,0,benign,0
h003,2024-03-05 06:00:00,13,4,7,35543,0.42663678970675684,0,http,0,benign,0
h004,2024-03-05 06:00:00,3,2,3,8653,0.22606343175147217,0,http,0,benign,0
h005,2024-03-05 06:00:00,12,4,7,49850,0.774173009006395,0,http,0,benign,0
h006,2024-03-05 06:00:00,7,2,5,9576,0.4283052993366533,0,http,0,benign,0
h007,2024-03-05 06:00:00,8,3,5,13994,0.6283414738912847,0,http,0,benign,0
h008,2024-03-05 06:00:00,116,102,79,7652,0.05588684112374702,0,other,1,portscan,1
h009,2024-03-05 06:00:00,2,2,2,4603,0.3077194995950733,0,http,0,benign,0
h010,2024-03-05 06:00:00,11,5,5,43113,0.4107742335248078,0,http,0,benign,0
h011,2024-03-05 06:00:00,160,135,103,11340,0.05543771412132762,0,other,1,portscan,1
h012,2024-03-05 06:00:00,80,71,55,5520,0.05254748840161009,0,other,1,portscan,1
h013,2024-03-05 06:00:00,52,5,8,211210,0.663273935232639,0,http,0,benign,0
h014,2024-03-05 06:00:00,6,3,4,26195,0.3819261905916072,0,http,0,benign,0
h015,2024-03-05 06:00:00,3,3,3,3415,0.3713718844201545,0,ssh,1,benign,0
h016,2024-03-05 06:00:00,62,1,3,9454,0.2839267056895308,52,ssh,1,bruteforce,1
h017,2024-03-05 06:00:00,13,4,7,80091,0.5555637010957037,0,http,0,benign,0
h018,2024-03-05 06:00:00,19,3,8,67301,0.7635650611983869,1,http,0,benign,0
h019,2024-03-05 06:00:00,4,2,2,943297,9.604836665165374,0,ssh,0,benign,0
h020,2024-03-05 06:00:00,14,5,7,44908,0.8296315485369566,0,http,0,benign,0
h021,2024-03-05 06:00:00,2,1,2,3044,0.22978410371745886,0,http,0,benign,0
h022,2024-03-05 06:00:00,5,3,4,23323,0.4050973376753763,0,http,0,benign,0
h023,2024-03-05 06:00:00,18,5,8,67235,0.4432790540106883,0,http,0,benign,0
h024,2024-03-05 06:00:00,13,4,6,26515,0.9089500541153406,0,http,0,benign,0
h025,2024-03-05 06:00:00,31,5,8,95250,0.6102694936366603,0,http,0,benign,0
h026,2024-03-05 06:00:00,9,4,4,30714,0.41530720925296394,0,http,0,benign,0
h027,2024-03-05 06:00:00,96,91,72,6465,0.05884706687294992,0,other,1,portscan,1
h028,2024-03-05 06:00:00,14,3,5,36867,0.5522138931364059,0,http,0,benign,0
h029,2024-03-05 06:00:00,14,4,6,136843,0.8384038592831952,0,http,0,benign,0
h030,2024-03-05 06:00:00,12,5,6,30330,0.5415469874626286,1,http,0,benign,0
h031,2024-03-05 06:00:00,3,1,1,2295734,20.27511128767151,0,http,0,benign,0
h032,2024-03-05 06:00:00,6,4,3,7479,0.196312979337497,0,http,0,benign,0
h033,2024-03-05 06:00:00,8,4,6,51369,0.3843177183673534,1,http,0,benign,0
h034,2024-03-05 06:00:00,10,4,6,29320,0.6108415580932667,0,http,0,benign,0
h035,2024-03-05 06:00:00,32,5,8,159630,0.9666293692392082,0,http,0,benign,0
h036,2024-03-05 06:00:00,10,4,7,34490,0.7874126960489592,0,http,1,benign,0
h037,2024-03-05 06:00:00,68,62,44,3358,0.05912699499011859,0,other,1,portscan,1
h038,2024-03-05 06:00:00,50,1,3,8776,0.2459869720654638,46,ssh,1,bruteforce,1
h039,2024-03-05 06:00:00,11,4,5,30971,0.6183644517811411,0,http,0,benign,0
h040,2024-03-05 06:00:00,2,2,1,886204,40.942274021529165,0,ssh,1,exfil,1
h041,2024-03-05 06:00:00,11,3,7,27821,0.9331439391876533,0,http,0,benign,0
h042,2024-03-05 06:00:00,18,4,7,78569,0.7568258930868395,0,http,0,benign,0
h043,2024-03-05 06:00:00,9,4,7,35339,0.6521377417770451,0,http,0,benign,0
h044,2024-03-05 06:00:00,17,5,7,40051,0.547768741685854,0,http,0,benign,0
h045,2024-03-05 06:00:00,13,5,6,30921,0.6794620757773422,1,http,1,benign,0
h046,2024-03-05 06:00:00,14,4,7,110133,0.5617846066203624,1,http,0,benign,0
h047,2024-03-05 06:00:00,21,4,8,151644,0.4685992332449719,1,http,0,benign,0
h048,2024-03-05 06:00:00,6,3,5,27586,0.7061548963447727,0,http,0,benign,0
h049,2024-03-05 06:00:00,11,5,7,39448,0.6057577095829486,0,http,0,benign,0
h050,2024-03-05 06:00:00,140,130,90,8760,0.054164249631142844,0,other,1,portscan,1
h051,2024-03-05 06:00:00,38,4,8,138408,0.5778644253955009,1,http,0,benign,0
h052,2024-03-05 06:00:00,10,4,7,19581,0.8781241361574441,0,http,0,benign,0
h053,2024-03-05 06:00:00,20,4,8,54951,0.9873178590906605,0,http,0,benign,0
h054,2024-03-05 06:00:00,31,4,8,168622,0.44938260138737596,1,http,1,benign,0
h055,2024-03-05 06:00:00,3,3,2,3882,3.2543284896798066,0,smtp,0,benign,0
h056,2024-03-05 06:00:00,2,2,1,1803827,33.99341261047027,0,ssh,1,exfil,1
h057,2024-03-05 06:00:00,46,45,24,136990,0.7112410799808372,0,other,0,benign,0
h058,2024-03-05 06:00:00,8,2,1,10355942,37.92133200467549,0,ssh,1,exfil,1
h059,2024-03-05 06:00:00,17,4,7,43877,0.5236457662749446,0,http,0,benign,0
h000,2024-03-05 07:00:00,12,3,6,32651,0.3464823524118703,1,http,0,benign,0
h001,2024-03-05 07:00:00,16,3,7,67644,0.7324168861309169,0,http,0,benign,0
h002,2024-03-05 07:00:00,5,1,5,21401,0.28128320760941855,0,http,0,benign,0
h003,2024-03-05 07:00:00,4,4,3,7772,0.9854344669899939,0,http,0,benign,0
h004,2024-03-05 07:00:00,5,3,4,44228,0.3504664488930559,0,http,0,benign,0
h005,2024-03-05 07:00:00,142,134,100,9329,0.05558088400319596,0,other,0,benign,0
h006,2024-03-05 07:00:00,17,3,7,85832,0.5722573330980365,1,http,0,benign,0
h007,2024-03-05 07:00:00,37,5,8,204736,0.4343928894962357,1,http,0,benign,0
h008,2024-03-05 07:00:00,21,5,8,56029,0.4938610069042943,0,http,0,benign,0
h009,2024-03-05 07:00:00,7,3,4,9032,0.45910358316725475,0,http,0,benign,0
h010,2024-03-05 07:00:00,6,3,6,11333,0.38870643903455876,0,http,0,benign,0
h011,2024-03-05 07:00:00,7,4,5,16322,0.4257238966842907,0,http,0,benign,0
h012,2024-03-05 07:00:00,14,3,7,34755,0.519149880273526,1,http,0,benign,0
h013,2024-03-05 07:00:00,55,50,32,213574,0.6543859237935726,0,other,1,benign,0
h014,2024-03-05 07:00:00,13,5,5,35911,0.5130274915610948,0,http,0,benign,0
h015,2024-03-05 07:00:00,6,4,3,35400,0.19272052287598918,0,http,0,benign,0
h016,2024-03-05 07:00:00,15,5,6,50193,0.4823643787855349,0,http,0,benign,0
h017,2024-03-05 07:00:00,20,5,7,74574,0.6009587466084562,0,http,0,benign,0
h018,2024-03-05 07:00:00,1,1,1,125,0.5185853354106821,0,dns,0,benign,0
h019,2024-03-05 07:00:00,101,98,64,6266,0.0565723926346151,0,other,1,portscan,1
h020,2024-03-05 07:00:00,5,2,1,1131157,16.064977063787598,0,ssh,0,benign,0
h021,2024-03-05 07:00:00,4,2,1,3435707,29.337040913174473,0,http,0,benign,0
h022,2024-03-05 07:00:00,6,3,4,18254,0.5102343779974728,0,http,0,benign,0
h023,2024-03-05 07:00:00,6,2,2,1389677,15.168525532808914,0,http,0,benign,0
h024,2024-03-05 07:00:00,14,4,8,14268,0.4352513943810311,0,http,0,benign,0
h025,2024-03-05 07:00:00,5,3,4,10747,0.45560848336697324,2,http,0,benign,0
h026,2024-03-05 07:00:00,17,5,8,33677,0.5562774113996186,0,http,0,benign,0
h027,2024-03-05 07:00:00,11,4,6,46313,0.5029449155956951,0,http,0,benign,0
h028,2024-03-05 07:00:00,8,5,5,25381,0.4204800128185683,0,http,0,benign,0
h029,2024-03-05 07:00:00,15,5,7,45271,0.4273681917211152,1,http,0,benign,0
h030,2024-03-05 07:00:00,8,2,5,23482,0.5048461002443977,0,http,0,benign,0
h031,2024-03-05 07:00:00,16,5,7,29116,0.9410124165271598,0,http,0,benign,0
h032,2024-03-05 07:00:00,29,5,8,169455,0.5117186523083799,0,http,0,benign,0
h033,2024-03-05 07:00:00,41,5,8,176126,0.7680271180056155,1,http,0,benign,0
h034,2024-03-05 07:00:00,5,3,4,35514,0.9421781119811827,0,http,0,benign,0
h035,2024-03-05 07:00:00,8,3,5,12651,0.6747425422549383,1,http,0,benign,0
h036,2024-03-05 07:00:00,12,4,6,101736,0.9061602653641073,0,http,0,benign,0
h037,2024-03-05 07:00:00,10,4,7,86371,0.5695599447631734,0,http,0,benign,0
h038,2024-03-05 07:00:00,12,5,6,30937,0.9030240842938636,0,http,0,benign,0
h039,2024-03-05 07:00:00,2,2,2,4645,0.6877017154247953,0,http,0,benign,0
h040,2024-03-05 07:00:00,2,2,2,4094,1.6544196008723258,0,http,0,benign,0
h041,2024-03-05 07:00:00,81,74,57,5010,0.05269230835635547,0,other,1,portscan,1
h042,2024-03-05 07:00:00,7,3,4,43619,0.351403173366903,1,http,0,benign,0
h043,2024-03-05 07:00:00,8,4,6,16961,0.2351749540084412,0,http,0,benign,0
h044,2024-03-05 07:00:00,10,2,6,37436,0.5050302845254148,0,http,0,benign,0
h045,2024-03-05 07:00:00,3,1,1,6788815,33.26482321646898,0,ssh,1,exfil,1
h046,2024-03-05 07:00:00,3,2,3,24071,0.16216226885395602,0,http,0,benign,0
h047,2024-03-05 07:00:00,17,4,8,145695,0.6263857054308718,0,http,0,benign,0
h048,2024-03-05 07:00:00,6,4,4,21489,0.7331596497036842,0,http,0,benign,0
h049,2024-03-05 07:00:00,7,3,3,15659,0.6345548901281529,0,http,0,benign,0
h050,2024-03-05 07:00:00,5,3,4,39386,1.1257184385637071,0,http,0,benign,0
h051,2024-03-05 07:00:00,14,5,7,26311,0.5307544902035969,1,http,0,benign,0
h052,2024-03-05 07:00:00,8,3,5,9229,0.6974235872758469,0,http,0,benign,0
h053,2024-03-05 07:00:00,14,5,8,51321,0.5955365398194455,0,http,0,benign,0
h054,2024-03-05 07:00:00,8,4,7,34173,0.30157924520685775,0,http,0,benign,0
h055,2024-03-05 07:00:00,6,3,6,8878,0.3078182746832183,0,http,0,benign,0
h056,2024-03-05 07:00:00,1,1,1,6979,0.3478386977718002,0,http,0,benign,0
h057,2024-03-05 07:00:00,23,5,8,80069,0.8704906870243028,0,http,0,benign,0
h058,2024-03-05 07:00:00,28,4,8,74709,0.6072890069284153,0,http,0,benign,0
h059,2024-03-05 07:00:00,38,5,8,113796,0.7688784886738047,0,http,0,benign,0
h000,2024-03-05 08:00:00,16,4,8,113555,0.5435337674643537,1,http,0,benign,0
h001,2024-03-05 08:00:00,11,5,6,40741,0.46582635662680066,0,http,1,benign,0
h002,2024-03-05 08:00:00,8,4,6,30091,0.5665562740980032,0,http,0,benign,0
h003,2024-03-05 08:00:00,5,3,3,10650,0.6853019950009148,0,http,0,benign,0
h004,2024-03-05 08:00:00,20,5,8,57213,0.5317642422960599,0,http,0,benign,0
h005,2024-03-05 08:00:00,12,3,5,31874,0.2611070078281413,0,http,0,benign,0
h006,2024-03-05 08:00:00,15,4,8,42911,0.5857398276090272,0,http,0,benign,0
h007,2024-03-05 08:00:00,13,4,8,143822,0.5942443926657497,0,http,0,benign,0
h008,2024-03-05 08:00:00,9,4,6,34338,0.5745555956891287,0,http,0,benign,0
h009,2024-03-05 08:00:00,3,3,3,8878,0.6501151307300207,0,http,0,benign,0
h010,2024-03-05 08:00:00,27,5,8,58150,0.7133534538328195,0,http,0,benign,0
h011,2024-03-05 08:00:00,6,2,2,2905709,17.2148818114165,0,http,1,benign,0
h012,2024-03-05 08:00:00,22,5,8,75111,0.5738832140202302,1,http,0,benign,0
h013,2024-03-05 08:00:00,69,63,46,4841,0.05377848336084916,0,other,1,portscan,1
h014,2024-03-05 08:00:00,12,5,7,81170,0.6043406923860872,0,http,0,benign,0
h015,2024-03-05 08:00:00,5,3,4,5682,0.31406251298331334,0,http,0,benign,0
h016,2024-03-05 08:00:00,39,5,8,320744,0.5082683009818305,0,http,0,benign,0
h017,2024-03-05 08:00:00,46,1,3,7212,0.2764876924557895,35,ssh,1,bruteforce,1
h018,2024-03-05 08:00:00,2,2,2,870,0.11583586569156865,0,dns,0,benign,0
h019,2024-03-05 08:00:00,3,3,3,5603,0.38403843241182933,0,http,0,benign,0
h020,2024-03-05 08:00:00,9,3,4,69652,0.6019775053045086,0,http,0,benign,0
h021,2024-03-05 08:00:00,15,4,8,119737,0.6426853296271016,0,http,0,benign,0
h022,2024-03-05 08:00:00,11,4,6,38395,0.6009954761002048,1,http,0,benign,0
h023,2024-03-05 08:00:00,14,4,6,26715,0.45771410243255983,0,http,0,benign,0
h024,2024-03-05 08:00:00,4,1,4,19641,0.5682474942223545,0,http,0,benign,0
h025,2024-03-05 08:00:00,11,4,7,44288,0.5298297749957309,1,http,0,benign,0
h026,2024-03-05 08:00:00,10,3,6,42201,0.5551267996365872,0,http,0,benign,0
h027,2024-03-05 08:00:00,6,3,6,10060,0.5054374605279343,0,http,0,benign,0
h028,2024-03-05 08:00:00,30,5,7,87754,0.45521497405639816,0,http,0,benign,0
h029,2024-03-05 08:00:00,8,3,4,21942,0.8828420593105664,1,http,0,benign,0
h030,2024-03-05 08:00:00,11,4,5,15821,0.8172364443227739,0,http,0,benign,0
h031,2024-03-05 08:00:00,4,2,4,4000,0.33630169948688793,0,http,0,benign,0
h032,2024-03-05 08:00:00,3,1,2,8983,0.31078515331693496,0,dns,0,benign,0
h033,2024-03-05 08:00:00,120,109,89,7959,0.052777433458494775,0,other,1,portscan,1
h034,2024-03-05 08:00:00,7,2,5,16901,0.5583999751061847,0,http,0,benign,0
h035,2024-03-05 08:00:00,25,5,8,107032,0.49295638639435096,0,http,0,benign,0
h036,2024-03-05 08:00:00,8,4,5,21905,0.6561548987279403,0,http,0,benign,0
h037,2024-03-05 08:00:00,7,3,4,91205,0.45789659526034043,0,http,0,benign,0
h038,2024-03-05 08:00:00,9,3,4,21501,0.6108100796115762,0,http,0,benign,0
h039,2024-03-05 08:00:00,81,74,51,4807,0.054176936144945335,0,other,1,portscan,1
h040,2024-03-05 08:00:00,9,4,5,23232,0.3407318819475972,0,http,0,benign,0
h041,2024-03-05 08:00:00,148,138,104,9926,0.05188897404883612,0,other,1,portscan,1
h042,2024-03-05 08:00:00,9,4,6,19144,0.5618623636936078,1,http,0,benign,0
h043,2024-03-05 08:00:00,8,3,7,50027,0.6101208467592908,0,http,0,benign,0
h044,2024-03-05 08:00:00,11,4,7,25997,0.9277295072891216,1,http,0,benign,0
h045,2024-03-05 08:00:00,10,3,6,34340,0.6163045762981223,0,http,0,benign,0
h046,2024-03-05 08:00:00,39,5,8,196013,0.32919795565561355,0,http,1,benign,0
h047,2024-03-05 08:00:00,18,4,8,77734,0.7117260553967611,1,http,0,benign,0
h048,2024-03-05 08:00:00,11,3,6,34230,0.5656250981949837,0,http,0,benign,0
h049,2024-03-05 08:00:00,15,4,6,75277,0.5260579627607359,0,http,0,benign,0
h050,2024-03-05 08:00:00,27,5,8,115514,0.6023972545127025,0,http,0,benign,0
h051,2024-03-05 08:00:00,23,4,7,81604,0.6445526850672046,0,http,0,benign,0
h052,2024-03-05 08:00:00,24,4,8,85248,0.3797556392289196,1,http,0,benign,0
h053,2024-03-05 08:00:00,7,4,5,10290,0.5881999414245207,0,http,0,benign,0
h054,2024-03-05 08:00:00,1,1,1,133670,4.502602378410389,0,http,0,benign,0
h055,2024-03-05 08:00:00,102,93,68,6157,0.05464792997118245,0,other,1,portscan,1
h056,2024-03-05 08:00:00,14,4,7,53148,0.7309892909198619,0,http,0,benign,0
h057,2024-03-05 08:00:00,4,1,4,7648,0.6391785627613289,0,http,0,benign,0
h058,2024-03-05 08:00:00,5,4,3,34650,1.2221904129963945,0,http,0,benign,0
h059,2024-03-05 08:00:00,6,2,5,12945,0.6735221511828858,0,http,0,benign,0
h000,2024-03-05 09:00:00,6,4,4,93259,0.7902000105061507,0,http,0,benign,0
h001,2024-03-05 09:00:00,20,5,7,67883,0.6683052616337904,0,http,1,benign,0
h002,2024-03-05 09:00:00,11,4,8,45535,0.410009372374493,0,http,0,benign,0
h003,2024-03-05 09:00:00,13,5,6,75258,0.505586481560673,1,http,0,benign,0
h004,2024-03-05 09:00:00,18,4,7,48486,0.4613280348141349,0,http,0,benign,0
h005,2024-03-05 09:00:00,8,3,5,16777,0.570091099943953,0,http,0,benign,0
h006,2024-03-05 09:00:00,11,4,6,61872,0.664211257977784,0,http,0,benign,0
h007,2024-03-05 09:00:00,7,4,4,19958,0.36753707939189767,0,http,0,benign,0
h008,2024-03-05 09:00:00,8,3,5,69503,0.5394943550347379,0,http,0,benign,0
h009,2024-03-05 09:00:00,7,2,2,4405757,7.274535592607852,0,ssh,0,benign,0
h010,2024-03-05 09:00:00,10,4,6,76224,0.41703658620734696,0,http,0,benign,0
h011,2024-03-05 09:00:00,1,1,1,1445,2.105406307041885,0,http,0,benign,0
h012,2024-03-05 09:00:00,19,5,7,72590,0.47741416839413386,0,http,0,benign,0
h013,2024-03-05 09:00:00,16,4,6,63364,0.41465390435605454,0,http,0,benign,0
h014,2024-03-05 09:00:00,12,2,2,6126284,14.550976587389888,0,http,0,benign,0
h015,2024-03-05 09:00:00,6,2,2,3072816,12.625965356838416,0,ssh,0,benign,0
h016,2024-03-05 09:00:00,40,1,3,7166,0.23900142987651277,33,ssh,1,bruteforce,1
h017,2024-03-05 09:00:00,24,5,7,81707,0.5902469595245883,0,http,0,benign,0
h018,2024-03-05 09:00:00,4,2,4,16936,2.1340159033697566,0,http,0,benign,0
h019,2024-03-05 09:00:00,5,2,4,67702,0.3767743619180878,0,http,0,benign,0
h020,2024-03-05 09:00:00,38,5,8,85243,0.4447533655033407,0,http,0,benign,0
h021,2024-03-05 09:00:00,159,148,99,9592,0.05391803150427912,0,other,0,benign,0
h022,2024-03-05 09:00:00,26,3,8,43076,0.5224298753844516,0,http,0,benign,0
h023,2024-03-05 09:00:00,11,5,7,31028,0.5591913031897576,0,http,0,benign,0
h024,2024-03-05 09:00:00,2,2,2,5757,1.248871882816664,0,http,0,benign,0
h025,2024-03-05 09:00:00,9,4,6,25852,1.088301948561168,0,http,0,benign,0
h026,2024-03-05 09:00:00,7,4,4,14902,0.7453464295559183,0,http,0,benign,0
h027,2024-03-05 09:00:00,30,5,8,124408,0.9237899522895262,1,http,0,benign,0
h028,2024-03-05 09:00:00,87,78,59,6150,0.055221119079122756,0,other,0,benign,0
h029,2024-03-05 09:00:00,21,4,8,102820,0.8166120599071688,0,http,0,benign,0
h030,2024-03-05 09:00:00,6,3,5,23563,0.48140988008213087,0,http,0,benign,0
h031,2024-03-05 09:00:00,2,1,2,3968,0.26000018741912356,0,http,0,benign,0
h032,2024-03-05 09:00:00,8,4,5,26792,0.622865203165622,0,http,0,benign,0
h033,2024-03-05 09:00:00,9,4,4,20354,0.8878286917007463,0,http,0,benign,0
h034,2024-03-05 09:00:00,4,2,4,11731,0.7821422651721845,0,http,0,benign,0
h035,2024-03-05 09:00:00,4,3,4,33042,0.26952602989176155,0,smtp,0,benign,0
h036,2024-03-05 09:00:00,23,5,8,73176,0.6475268075928623,1,http,1,benign,0
h037,2024-03-05 09:00:00,14,3,7,53510,0.7212072857157817,0,http,0,benign,0
h038,2024-03-05 09:00:00,16,5,6,42120,0.9710982107390889,0,http,0,benign,0
h039,2024-03-05 09:00:00,4,3,4,5749,0.9857124782594634,0,dns,0,benign,0
h040,2024-03-05 09:00:00,20,4,7,146839,0.8445891581504601,0,http,0,benign,0
h041,2024-03-05 09:00:00,6,2,4,16578,0.5945392193560964,0,http,0,benign,0
h042,2024-03-05 09:00:00,35,5,8,101407,0.8618444035416004,0,http,0,benign,0
h043,2024-03-05 09:00:00,8,5,6,34043,0.547490440990059,0,http,0,benign,0
h044,2024-03-05 09:00:00,3,2,3,12967,0.4387047132372192,0,http,0,benign,0
h045,2024-03-05 09:00:00,8,2,2,2128076,12.802372561447742,0,http,0,benign,0
h046,2024-03-05 09:00:00,15,4,7,23927,0.4605198128650881,0,http,0,benign,0
h047,2024-03-05 09:00:00,15,5,7,142820,0.47189653264278036,0,http,0,benign,0
h048,2024-03-05 09:00:00,12,4,6,35366,0.5140000498492231,0,http,0,benign,0
h049,2024-03-05 09:00:00,61,1,3,10699,0.24969295311945472,55,ssh,1,bruteforce,1
h050,2024-03-05 09:00:00,13,4,7,35142,0.5085976079725735,0,http,0,benign,0
h051,2024-03-05 09:00:00,3,1,1,5396475,57.070751421072025,0,ssh,1,exfil,1
h052,2024-03-05 09:00:00,2,2,2,8917,0.6359142455781437,0,smtp,0,benign,0
h053,2024-03-05 09:00:00,13,5,5,70367,0.9137565883307018,0,http,0,benign,0
h054,2024-03-05 09:00:00,111,106,74,6740,0.053667202486143734,0,other,1,portscan,1
h055,2024-03-05 09:00:00,6,3,5,24923,0.6765883553872033,0,http,0,benign,0
h056,2024-03-05 09:00:00,46,45,26,149803,0.5058223742719966,0,other,1,benign,0
h057,2024-03-05 09:00:00,13,4,6,30467,0.5820616985276339,0,http,0,benign,0
h058,2024-03-05 09:00:00,4,2,3,4104,0.20872986471081534,0,http,0,benign,0
h059,2024-03-05 09:00:00,12,5,7,34795,0.46552473184951976,0,http,0,benign,0
h000,2024-03-05 10:00:00,9,3,5,45438,0.63363919830628,0,http,0,benign,0
h001,2024-03-05 10:00:00,22,5,8,72946,0.6335395673123926,0,http,0,benign,0
h002,2024-03-05 10:00:00,49,5,8,185105,0.6950728764145577,1,http,0,benign,0
h003,2024-03-05 10:00:00,147,131,97,9576,0.05640051133800046,0,other,1,portscan,1
h004,2024-03-05 10:00:00,21,4,7,50247,0.44291221649383994,0,http,0,benign,0
h005,2024-03-05 10:00:00,13,4,7,53945,0.581697509729586,0,http,1,benign,0
h006,2024-03-05 10:00:00,16,4,8,27581,0.7506223140710028,0,http,0,benign,0
h007,2024-03-05 10:00:00,2,1,2,1092530,10.713877464167533,0,ssh,0,benign,0
h008,2024-03-05 10:00:00,66,63,46,4435,0.05585514457466521,0,other,1,portscan,1
h009,2024-03-05 10:00:00,6,3,4,14870,0.24809151367368368,0,http,0,benign,0
h010,2024-03-05 10:00:00,3,3,2,54644,0.8447089977828389,0,http,0,benign,0
h011,2024-03-05 10:00:00,5,2,3,14284,0.43687614378837497,0,http,0,benign,0
h012,2024-03-05 10:00:00,15,4,7,19220,0.5165441732520616,1,http,0,benign,0
h013,2024-03-05 10:00:00,29,5,8,110120,0.7489801336135216,0,http,0,benign,0
h014,2024-03-05 10:00:00,10,4,7,34677,0.43339547725236,0,http,0,benign,0
h015,2024-03-05 10:00:00,13,4,7,51922,0.6599427326190355,0,http,0,benign,0
h016,2024-03-05 10:00:00,9,3,5,27880,0.45701190311588896,0,http,0,benign,0
h017,2024-03-05 10:00:00,5,2,4,19271,0.5015094330318124,0,http,0,benign,0
h018,2024-03-05 10:00:00,16,3,7,64003,0.46043755301049305,0,http,0,benign,0
h019,2024-03-05 10:00:00,7,3,6,51109,0.9144912274255164,0,http,0,benign,0
h020,2024-03-05 10:00:00,15,4,8,45491,0.4672096891287005,0,http,0,benign,0
h021,2024-03-05 10:00:00,29,4,7,101456,0.5286972114477285,1,http,0,benign,0
h022,2024-03-05 10:00:00,4,3,3,19006,0.33981916205314905,0,http,0,benign,0
h023,2024-03-05 10:00:00,49,46,33,207823,0.5458865564204016,0,other,0,benign,0
h024,2024-03-05 10:00:00,6,4,4,8146,0.3441635706939326,0,http,1,benign,0
h025,2024-03-05 10:00:00,26,5,8,173503,0.601086430128114,0,http,0,benign,0
h026,2024-03-05 10:00:00,12,4,6,15263,0.47164684893905995,0,http,0,benign,0
h027,2024-03-05 10:00:00,7,3,5,11323,0.5756019266247687,0,http,0,benign,0
h028,2024-03-05 10:00:00,2,2,2,7405,0.5473626612010674,0,ssh,0,benign,0
h029,2024-03-05 10:00:00,5,2,2,1935771,13.718947287213036,0,http,0,benign,0
h030,2024-03-05 10:00:00,57,53,27,202966,0.658563920253837,0,other,0,benign,0
h031,2024-03-05 10:00:00,8,5,7,7299,0.35647866366350645,0,http,0,benign,0
h032,2024-03-05 10:00:00,25,5,8,113538,0.5479274594651198,0,http,0,benign,0
h033,2024-03-05 10:00:00,15,4,7,74274,0.470207211862161,0,http,0,benign,0
h034,2024-03-05 10:00:00,13,5,6,98164,0.6290936479312361,1,http,0,benign,0
h035,2024-03-05 10:00:00,10,2,5,31346,0.4231780984681932,0,http,0,benign,0
h036,2024-03-05 10:00:00,6,3,3,9518,0.8675723016286031,0,http,0,benign,0
h037,2024-03-05 10:00:00,7,3,5,14748,0.41729536576385934,0,http,0,benign,0
h038,2024-03-05 10:00:00,2,1,2,2509,0.8322676874023675,0,http,0,benign,0
h039,2024-03-05 10:00:00,4,3,4,13426,0.5625690075097798,0,http,0,benign,0
h040,2024-03-05 10:00:00,14,4,6,57251,0.42382652911647467,1,http,0,benign,0
h041,2024-03-05 10:00:00,20,5,7,53093,0.6113783139956711,0,http,0,benign,0
h042,2024-03-05 10:00:00,26,5,7,140683,0.4740628546398321,0,http,0,benign,0
h043,2024-03-05 10:00:00,23,4,6,64625,0.40275211341658945,1,http,0,benign,0
h044,2024-03-05 10:00:00,28,4,8,103348,0.6433219318419968,1,http,0,benign,0
h045,2024-03-05 10:00:00,45,1,3,6738,0.2478913937397322,32,ssh,1,bruteforce,1
h046,2024-03-05 10:00:00,2,2,1,8426,0.27188720592889853,0,ssh,0,benign,0
h047,2024-03-05 10:00:00,10,3,4,32616,0.779406267609255,0,http,0,benign,0
h048,2024-03-05 10:00:00,8,3,6,17498,0.3803048266850355,0,http,0,benign,0
h049,2024-03-05 10:00:00,10,5,6,70005,0.7775216441618753,0,http,0,benign,0
h050,2024-03-05 10:00:00,5,3,4,13419,0.4251206303620155,0,http,0,benign,0
h051,2024-03-05 10:00:00,8,2,5,30832,0.9833462714745849,0,http,0,benign,0
h052,2024-03-05 10:00:00,15,5,6,68854,0.3794016353167993,0,http,0,benign,0
h053,2024-03-05 10:00:00,9,4,5,63309,0.5809206048755686,0,http,0,benign,0
h054,2024-03-05 10:00:00,15,4,7,64157,0.8309808511763764,0,http,0,benign,0
h055,2024-03-05 10:00:00,5,2,2,661053,15.583910493215683,0,ssh,0,benign,0
h056,2024-03-05 10:00:00,3,2,3,46667,0.31166218301792675,0,http,0,benign,0
h057,2024-03-05 10:00:00,24,5,8,101117,0.6714166634963652,1,http,0,benign,0
h058,2024-03-05 10:00:00,5,2,3,27010,0.3972666173544466,0,http,0,benign,0
h059,2024-03-05 10:00:00,21,5,7,58440,0.6854580126354751,0,http,0,benign,0
h000,2024-03-05 11:00:00,14,5,8,59503,0.7644596627878758,0,http,0,benign,0
h001,2024-03-05 11:00:00,22,5,8,86950,0.6211841834194491,1,http,0,benign,0
h002,2024-03-05 11:00:00,17,5,7,57474,0.38059660557427044,1,http,0,benign,0
h003,2024-03-05 11:00:00,5,2,4,10562,0.4825994151574628,0,http,0,benign,0
h004,2024-03-05 11:00:00,8,3,5,27799,0.6019842068084102,0,http,0,benign,0
h005,2024-03-05 11:00:00,64,1,3,10049,0.23265785375637518,57,ssh,1,bruteforce,1
h006,2024-03-05 11:00:00,14,4,8,101802,0.3749884185878893,0,http,0,benign,0
h007,2024-03-05 11:00:00,22,5,7,74979,0.47936976132347625,0,http,0,benign,0
h008,2024-03-05 11:00:00,53,51,39,3873,0.0524639882691703,0,other,1,portscan,1
h009,2024-03-05 11:00:00,3,3,2,5022,0.2779371442670442,0,dns,0,benign,0
h010,2024-03-05 11:00:00,4,2,2,1318257,9.534299605328378,0,http,0,benign,0
h011,2024-03-05 11:00:00,8,4,5,27591,0.3159737306129562,0,http,0,benign,0
h012,2024-03-05 11:00:00,2,1,1,3470,0.18916935355823716,0,http,0,benign,0
h013,2024-03-05 11:00:00,6,4,5,46754,0.5909531103416303,0,http,0,benign,0
h014,2024-03-05 11:00:00,3,2,2,1388659,20.356142309602326,0,http,0,benign,0
h015,2024-03-05 11:00:00,18,5,8,40966,0.6098798461699799,0,http,0,benign,0
h016,2024-03-05 11:00:00,16,3,8,194208,0.6860525029237328,1,http,0,benign,0
h017,2024-03-05 11:00:00,18,4,7,75238,0.7038491511464898,0,http,0,benign,0
h018,2024-03-05 11:00:00,13,4,7,73021,0.23454749635682967,0,http,0,benign,0
h019,2024-03-05 11:00:00,7,3,4,9338,1.4718266730318668,0,http,0,benign,0
h020,2024-03-05 11:00:00,8,4,5,28447,0.46175816871499153,0,http,0,benign,0
h021,2024-03-05 11:00:00,9,4,4,27677,0.5837486780303579,0,http,0,benign,0
h022,2024-03-05 11:00:00,9,4,7,24927,0.36509689999251566,0,http,0,benign,0
h023,2024-03-05 11:00:00,122,112,88,7730,0.05594261498097389,0,other,1,portscan,1
h024,2024-03-05 11:00:00,4,3,3,42935,0.2228442590867553,0,http,0,benign,0
h025,2024-03-05 11:00:00,11,5,5,34577,0.41504787108107716,0,http,0,benign,0
h026,2024-03-05 11:00:00,54,1,3,9037,0.2428243674822108,49,ssh,1,bruteforce,1
h027,2024-03-05 11:00:00,13,4,6,97830,0.6403442134158659,1,http,0,benign,0
h028,2024-03-05 11:00:00,6,3,4,33233,0.45178458251615017,0,http,0,benign,0
h029,2024-03-05 11:00:00,5,3,4,12785,2.063213698984017,0,http,0,benign,0
h030,2024-03-05 11:00:00,13,4,7,39481,0.7894961045668759,0,http,0,benign,0
h031,2024-03-05 11:00:00,78,71,53,4715,0.05804142507840153,0,other,0,benign,0
h032,2024-03-05 11:00:00,11,2,7,51688,0.3417839589900511,0,http,0,benign,0
h033,2024-03-05 11:00:00,2,1,2,10653,0.8003093350775525,0,http,0,benign,0
h034,2024-03-05 11:00:00,5,2,4,14374,1.0280591939956378,0,http,0,benign,0
h035,2024-03-05 11:00:00,11,3,5,29419,0.47477587613993016,0,http,0,benign,0
h036,2024-03-05 11:00:00,10,3,5,31508,0.7610895672907103,0,http,0,benign,0
h037,2024-03-05 11:00:00,9,3,5,37808,0.6329352113677889,0,http,0,benign,0
h038,2024-03-05 11:00:00,15,3,7,74270,0.39137527866105465,0,http,0,benign,0
h039,2024-03-05 11:00:00,11,5,6,32257,0.5040795735679886,0,http,0,benign,0
h040,2024-03-05 11:00:00,98,89,63,5964,0.06042116996697674,0,other,1,portscan,1
h041,2024-03-05 11:00:00,9,3,7,32314,0.5901489222423393,0,http,0,benign,0
h042,2024-03-05 11:00:00,6,3,4,19011,0.9874170224231328,0,http,0,benign,0
h043,2024-03-05 11:00:00,6,5,4,15626,0.5239208704526946,0,http,0,benign,0
h044,2024-03-05 11:00:00,9,4,4,40395,0.5306564662071017,0,http,0,benign,0
h045,2024-03-05 11:00:00,49,47,32,154662,0.4913411696074511,0,other,0,benign,0
h046,2024-03-05 11:00:00,20,4,7,96752,0.6216903794100073,0,http,0,benign,0
h047,2024-03-05 11:00:00,14,4,6,64272,0.5435748803522417,0,http,0,benign,0
h048,2024-03-05 11:00:00,34,5,7,241515,0.4857532472301893,0,http,0,benign,0
h049,2024-03-05 11:00:00,8,3,6,46624,0.26743812094677666,0,http,0,benign,0
h050,2024-03-05 11:00:00,4,2,3,10840,0.5457106439912633,0,http,0,benign,0
h051,2024-03-05 11:00:00,7,2,6,34391,0.6227684048386865,0,http,0,benign,0
h052,2024-03-05 11:00:00,12,3,7,52246,0.5003605434951179,0,http,0,benign,0
h053,2024-03-05 11:00:00,6,4,3,8767,2.4100023506037602,1,http,0,benign,0
h054,2024-03-05 11:00:00,3,2,1,1336286,24.54768692666467,0,http,0,benign,0
h055,2024-03-05 11:00:00,5,3,5,14129,1.3084674093755848,0,http,0,benign,0
h056,2024-03-05 11:00:00,2,2,2,14883,0.1979055114313828,0,smtp,0,benign,0
h057,2024-03-05 11:00:00,9,4,7,13793,0.6139092419564008,0,http,0,benign,0
h058,2024-03-05 11:00:00,39,5,8,214820,0.6592649923641277,0,http,0,benign,0
h059,2024-03-05 11:00:00,1,1,1,2144,0.3288616103202731,0,smtp,0,benign,0
h000,2024-03-05 12:00:00,10,3,5,55734,0.31306303835424576,0,http,0,benign,0
h001,2024-03-05 12:00:00,122,115,85,8412,0.05756875791323969,0,other,1,portscan,1
h002,2024-03-05 12:00:00,2,1,2,1592,0.1563287561382729,0,http,0,benign,0
h003,2024-03-05 12:00:00,3,3,3,2251,0.4553016406776928,0,http,0,benign,0
h004,2024-03-05 12:00:00,13,3,7,25214,0.4795511733947186,0,http,0,benign,0
h005,2024-03-05 12:00:00,16,5,8,52072,0.5651898726313863,1,http,0,benign,0
h006,2024-03-05 12:00:00,24,4,8,114605,0.6756024135648163,1,http,0,benign,0
h007,2024-03-05 12:00:00,20,5,7,73400,0.5170887903490734,1,http,0,benign,0
h008,2024-03-05 12:00:00,48,45,26,144886,0.6092588000266188,0,other,0,benign,0
h009,2024-03-05 12:00:00,12,4,6,65339,0.527491783431693,1,http,0,benign,0
h010,2024-03-05 12:00:00,26,4,7,96119,0.5288053836399403,1,http,0,benign,0
h011,2024-03-05 12:00:00,39,1,3,6260,0.21422781448244088,30,ssh,1,bruteforce,1
h012,2024-03-05 12:00:00,17,5,8,116198,0.5780698341860665,0,http,0,benign,0
h013,2024-03-05 12:00:00,13,4,8,50912,0.416853810909552,0,http,0,benign,0
h014,2024-03-05 12:00:00,5,2,2,2156710,18.210673512903934,0,ssh,0,benign,0
h015,2024-03-05 12:00:00,18,5,8,57430,0.5656211174379752,0,http,1,benign,0
h016,2024-03-05 12:00:00,16,5,7,67012,1.121556018588391,0,http,0,benign,0
h017,2024-03-05 12:00:00,52,1,3,7454,0.26325955017421937,45,ssh,1,bruteforce,1
h018,2024-03-05 12:00:00,15,5,7,144221,0.9543464758337284,0,http,0,benign,0
h019,2024-03-05 12:00:00,20,5,7,45169,0.6820281089879446,0,http,0,benign,0
h020,2024-03-05 12:00:00,8,4,5,30601,0.5606532504130489,0,http,0,benign,0
h021,2024-03-05 12:00:00,129,120,87,8121,0.05627665671356017,0,other,1,portscan,1
h022,2024-03-05 12:00:00,4,2,4,6606,1.703313085352927,0,http,0,benign,0
h023,2024-03-05 12:00:00,126,115,92,8172,0.05473628525145154,0,other,0,benign,0
h024,2024-03-05 12:00:00,10,4,6,24221,0.3850769609429491,0,http,0,benign,0
h025,2024-03-05 12:00:00,20,4,8,46652,0.7496792376385546,0,http,0,benign,0
h026,2024-03-05 12:00:00,33,5,8,166319,0.5481423371051353,0,http,0,benign,0
h027,2024-03-05 12:00:00,14,4,7,36417,0.4394197985872654,0,http,0,benign,0
h028,2024-03-05 12:00:00,15,3,6,43511,0.42893317710919293,0,http,0,benign,0
h029,2024-03-05 12:00:00,11,4,5,46584,0.5882435226629342,0,dns,0,benign,0
h030,2024-03-05 12:00:00,7,4,5,50026,0.4724991715860594,0,http,0,benign,0
h031,2024-03-05 12:00:00,5,3,3,14412,0.8843731428282254,0,http,0,benign,0
h032,2024-03-05 12:00:00,36,5,8,104581,0.5112176919978175,0,http,0,benign,0
h033,2024-03-05 12:00:00,5,2,1,2096324,32.05107251686033,0,ssh,1,exfil,1
h034,2024-03-05 12:00:00,4,3,3,7715,0.5833441613881234,0,http,0,benign,0
h035,2024-03-05 12:00:00,2,2,2,7445,0.4551021305092208,0,smtp,0,benign,0
h036,2024-03-05 12:00:00,6,2,2,2722732,15.418523053326917,0,http,0,benign,0
h037,2024-03-05 12:00:00,3,2,1,4711739,24.111111788042603,0,ssh,0,benign,0
h038,2024-03-05 12:00:00,30,1,3,5009,0.24632554802806833,20,ssh,1,bruteforce,1
h039,2024-03-05 12:00:00,12,5,7,74854,0.5609385058073212,0,http,0,benign,0
h040,2024-03-05 12:00:00,16,5,7,141121,0.5402136395755189,0,http,0,benign,0
h041,2024-03-05 12:00:00,6,4,5,20646,0.46871887671564455,0,dns,0,benign,0
h042,2024-03-05 12:00:00,34,5,8,103020,0.6324770833332626,0,http,0,benign,0
h043,2024-03-05 12:00:00,10,3,5,44007,0.5032275232653336,0,http,0,benign,0
h044,2024-03-05 12:00:00,5,3,5,15797,0.35432254318690765,0,dns,0,benign,0
h045,2024-03-05 12:00:00,7,3,4,29353,0.39977351541744927,0,http,0,benign,0
h046,2024-03-05 12:00:00,30,5,8,113580,0.7273954284655765,0,http,0,benign,0
h047,2024-03-05 12:00:00,9,3,5,145407,0.6925029801937623,0,http,0,benign,0
h048,2024-03-05 12:00:00,10,3,7,35963,0.4439793629797137,0,http,0,benign,0
h049,2024-03-05 12:00:00,102,95,70,6318,0.05792764508821936,0,other,1,portscan,1
h050,2024-03-05 12:00:00,17,4,8,40227,0.6504582940653825,0,http,0,benign,0
h051,2024-03-05 12:00:00,17,3,8,73340,0.6064223081474174,0,http,0,benign,0
h052,2024-03-05 12:00:00,6,4,5,5197,0.33093203904740187,0,http,0,benign,0
h053,2024-03-05 12:00:00,27,5,8,124040,0.6381803032377646,0,http,0,benign,0
h054,2024-03-05 12:00:00,6,2,4,33871,0.3115417549565279,0,http,0,benign,0
h055,2024-03-05 12:00:00,11,3,6,65970,0.7539980760100747,0,http,0,benign,0
h056,2024-03-05 12:00:00,3,1,1,2132428,37.78603206015793,0,ssh,1,exfil,1
h057,2024-03-05 12:00:00,6,4,5,28894,0.48129655742879635,0,http,0,benign,0
h058,2024-03-05 12:00:00,6,4,3,30813,0.29916333340110773,0,http,0,benign,0
h059,2024-03-05 12:00:00,7,3,4,15546,0.5503101253065836,0,http,0,benign,0
h000,2024-03-05 13:00:00,7,3,5,64437,0.6136279547206823,0,http,0,benign,0
h001,2024-03-05 13:00:00,7,2,2,2201019,14.95866952296441,0,http,0,benign,0
h002,2024-03-05 13:00:00,6,3,3,8761,0.42727394762841486,0,http,1,benign,0
h003,2024-03-05 13:00:00,21,4,7,95584,0.8096354157564397,1,http,0,benign,0
h004,2024-03-05 13:00:00,26,5,8,80592,0.55170039998422,0,http,0,benign,0
h005,2024-03-05 13:00:00,6,3,4,14452,0.7077934997660376,0,http,0,benign,0
h006,2024-03-05 13:00:00,8,4,5,13898,0.5709592606888465,0,http,0,benign,0
h007,2024-03-05 13:00:00,5,2,3,10605,0.4228396155511304,0,http,0,benign,0
h008,2024-03-05 13:00:00,3,2,3,20057,0.6731808773814826,0,http,0,benign,0
h009,2024-03-05 13:00:00,9,5,6,116567,0.4649941437822134,0,http,0,benign,0
h010,2024-03-05 13:00:00,3,2,2,1781771,12.620542129956023,0,http,0,benign,0
h011,2024-03-05 13:00:00,8,5,5,43330,0.8174185179409852,0,http,0,benign,0
h012,2024-03-05 13:00:00,101,93,76,6356,0.05723673927560734,0,other,1,portscan,1
h013,2024-03-05 13:00:00,13,5,7,34043,0.31390449929912373,1,http,0,benign,0
h014,2024-03-05 13:00:00,7,3,4,20846,0.34025210219024604,0,http,0,benign,0
h015,2024-03-05 13:00:00,11,5,6,34027,0.523418698346328,0,http,0,benign,0
h016,2024-03-05 13:00:00,129,122,87,8986,0.058595700157843975,0,other,1,portscan,1
h017,2024-03-05 13:00:00,20,5,7,52952,0.7496950156105714,0,http,0,benign,0
h018,2024-03-05 13:00:00,4,2,4,8052,1.1210627870983885,0,http,0,benign,0
h019,2024-03-05 13:00:00,20,5,8,84908,0.3916625668516457,0,http,0,benign,0
h020,2024-03-05 13:00:00,7,4,5,17717,0.7757518892509327,0,http,0,benign,0
h021,2024-03-05 13:00:00,10,4,6,48021,0.6915419568019996,0,http,0,benign,0
h022,2024-03-05 13:00:00,13,4,7,60820,0.38263004269739564,0,http,0,benign,0
h023,2024-03-05 13:00:00,50,1,3,7148,0.2395301317876716,39,ssh,1,bruteforce,1
h024,2024-03-05 13:00:00,24,4,7,101473,0.823372439102288,0,http,0,benign,0
h025,2024-03-05 13:00:00,14,4,7,35813,0.5851025585600106,0,http,0,benign,0
h026,2024-03-05 13:00:00,22,5,7,133274,0.5180484420983322,0,http,0,benign,0
h027,2024-03-05 13:00:00,17,3,8,65542,0.386553326782955,0,http,0,benign,0
h028,2024-03-05 13:00:00,76,68,46,4566,0.0550852302977068,0,other,1,portscan,1
h029,2024-03-05 13:00:00,23,4,8,75992,0.4675297370639498,0,http,0,benign,0
h030,2024-03-05 13:00:00,2,1,1,286090,9.133964505802336,0,ssh,0,benign,0
h031,2024-03-05 13:00:00,4,2,4,6195,0.3813902258441694,0,http,0,benign,0
h032,2024-03-05 13:00:00,5,4,4,6655,0.8928523938158929,0,http,0,benign,0
h033,2024-03-05 13:00:00,28,5,8,103218,0.5137877335372336,1,http,0,benign,0
h034,2024-03-05 13:00:00,14,4,8,47046,1.3607128743374042,0,http,0,benign,0
h035,2024-03-05 13:00:00,4,2,3,20649,0.6634187981662294,1,http,0,benign,0
h036,2024-03-05 13:00:00,3,2,3,28359,0.21165894376240257,0,http,0,benign,0
h037,2024-03-05 13:00:00,12,4,6,50081,0.9040374743663344,0,http,0,benign,0
h038,2024-03-05 13:00:00,7,2,2,1643181,22.141689648397097,0,http,0,benign,0
h039,2024-03-05 13:00:00,67,1,3,11044,0.23237669301082972,63,ssh,1,bruteforce,1
h040,2024-03-05 13:00:00,6,2,2,1494381,14.027349165246603,0,http,0,benign,0
h041,2024-03-05 13:00:00,12,4,6,20738,0.3380808474269527,0,http,0,benign,0
h042,2024-03-05 13:00:00,7,4,5,42205,0.5512137430415452,0,http,0,benign,0
h043,2024-03-05 13:00:00,16,4,7,23965,0.4265113982555435,0,http,0,benign,0
h044,2024-03-05 13:00:00,13,3,5,58598,0.7676318397433951,0,http,0,benign,0
h045,2024-03-05 13:00:00,26,4,8,102678,0.43825812632484057,0,http,0,benign,0
h046,2024-03-05 13:00:00,35,5,8,150793,0.40984707942010096,1,http,0,benign,0
h047,2024-03-05 13:00:00,9,5,4,36364,0.46884945139770173,0,http,0,benign,0
h048,2024-03-05 13:00:00,5,3,3,13408,0.5596096043684875,0,http,1,benign,0
h049,2024-03-05 13:00:00,2,2,2,4280,0.6762200701974185,0,http,0,benign,0
h050,2024-03-05 13:00:00,10,5,5,56337,0.5641854461511637,0,http,0,benign,0
h051,2024-03-05 13:00:00,11,5,4,26164,0.6178024940062332,0,http,0,benign,0
h052,2024-03-05 13:00:00,10,3,6,94007,0.5518710914713059,0,http,0,benign,0
h053,2024-03-05 13:00:00,6,3,4,28867,0.4004694844706787,0,dns,0,benign,0
h054,2024-03-05 13:00:00,96,94,69,5846,0.05705524306022689,0,other,1,portscan,1
h055,2024-03-05 13:00:00,6,2,2,1625875,18.18361394066906,0,http,0,benign,0
h056,2024-03-05 13:00:00,32,5,8,98371,0.4138124197542576,0,http,0,benign,0
h057,2024-03-05 13:00:00,3,2,2,1560102,13.52009872140936,0,http,0,benign,0
h058,2024-03-05 13:00:00,47,45,29,147586,0.6929953233876183,0,other,0,benign,0
h059,2024-03-05 13:00:00,28,5,7,191585,0.8205813528291053,0,http,0,benign,0
h000,2024-03-05 14:00:00,12,5,5,32363,0.6523787614245274,0,http,0,benign,0
h001,2024-03-05 14:00:00,9,4,6,30957,0.7710829293058713,0,http,0,benign,0
h002,2024-03-05 14:00:00,15,4,6,73621,0.35331537957727993,0,http,0,benign,0
h003,2024-03-05 14:00:00,6,3,3,7996,0.30770285985115353,0,http,0,benign,0
h004,2024-03-05 14:00:00,59,5,8,250272,0.5657399934391503,1,http,1,benign,0
h005,2024-03-05 14:00:00,2,1,2,19759,0.3340796573040901,0,http,0,benign,0
h006,2024-03-05 14:00:00,52,45,28,126397,0.571999443306959,0,other,0,benign,0
h007,2024-03-05 14:00:00,167,158,114,11643,0.05787451171317618,0,other,1,portscan,1
h008,2024-03-05 14:00:00,9,4,7,24766,0.3890523944173638,0,http,0,benign,0
h009,2024-03-05 14:00:00,16,4,8,45288,0.5445168590360276,1,http,0,benign,0
h010,2024-03-05 14:00:00,3,3,3,24736,0.7475708660743448,0,http,0,benign,0
h011,2024-03-05 14:00:00,23,4,8,113145,0.6882068915851014,0,http,0,benign,0
h012,2024-03-05 14:00:00,13,4,7,50335,0.5021179163393333,0,http,0,benign,0
h013,2024-03-05 14:00:00,153,138,97,10392,0.055375967307378,0,other,0,benign,0
h014,2024-03-05 14:00:00,11,5,6,31882,0.5356508202339453,0,http,0,benign,0
h015,2024-03-05 14:00:00,15,4,8,62379,0.5127746710723214,0,http,0,benign,0
h016,2024-03-05 14:00:00,3,3,3,7603,0.6005854407410507,0,http,0,benign,0
h017,2024-03-05 14:00:00,10,4,6,93060,0.6585358108158041,0,http,0,benign,0
h018,2024-03-05 14:00:00,5,3,3,22543,0.43669450351457667,0,http,0,benign,0
h019,2024-03-05 14:00:00,3,2,3,16838,0.38170553358912596,0,http,0,benign,0
h020,2024-03-05 14:00:00,17,4,7,78673,0.525020042030579,0,http,0,benign,0
h021,2024-03-05 14:00:00,7,3,6,20139,0.6109504845067838,0,http,0,benign,0
h022,2024-03-05 14:00:00,30,4,8,55975,0.5170588351399572,0,http,0,benign,0
h023,2024-03-05 14:00:00,9,3,5,57334,0.5878640686461631,0,http,0,benign,0
h024,2024-03-05 14:00:00,7,2,5,30963,1.4255247714194792,1,http,0,benign,0
h025,2024-03-05 14:00:00,2,2,1,1027,0.5404961502392899,0,dns,0,benign,0
h026,2024-03-05 14:00:00,9,4,5,32131,0.6367740021731344,0,http,0,benign,0
h027,2024-03-05 14:00:00,4,1,2,3385630,24.28602857780089,0,http,1,benign,0
h028,2024-03-05 14:00:00,6,3,4,17321,0.40880002181807445,0,http,0,benign,0
h029,2024-03-05 14:00:00,10,4,6,87620,0.6280390076969262,0,http,0,benign,0
h030,2024-03-05 14:00:00,2,2,2,10126,0.6466079470994881,0,dns,0,benign,0
h031,2024-03-05 14:00:00,4,3,3,13953,0.61046370773837,0,http,0,benign,0
h032,2024-03-05 14:00:00,10,5,6,65128,0.4798159514609271,0,http,0,benign,0
h033,2024-03-05 14:00:00,5,1,4,16990,0.46537370544677764,0,http,0,benign,0
h034,2024-03-05 14:00:00,71,1,3,11138,0.27033375565216183,65,ssh,0,benign,0
h035,2024-03-05 14:00:00,6,3,4,9429,0.2479062331430936,0,http,0,benign,0
h036,2024-03-05 14:00:00,18,4,7,72483,0.6435981491605464,0,http,0,benign,0
h037,2024-03-05 14:00:00,5,3,3,24506,0.48421821076046595,0,http,0,benign,0
h038,2024-03-05 14:00:00,6,2,1,1606098,12.55636314102803,0,ssh,1,exfil,1
h039,2024-03-05 14:00:00,55,52,27,135978,0.5985427660232202,0,other,0,benign,0
h040,2024-03-05 14:00:00,6,3,4,14525,0.5523101588082028,0,http,0,benign,0
h041,2024-03-05 14:00:00,8,5,6,21953,0.23291583537363172,0,http,0,benign,0
h042,2024-03-05 14:00:00,8,3,5,42197,0.3940068802216157,0,http,0,benign,0
h043,2024-03-05 14:00:00,17,5,7,57595,0.747846238670616,0,http,0,benign,0
h044,2024-03-05 14:00:00,11,3,6,75139,0.5823936831354464,0,http,0,benign,0
h045,2024-03-05 14:00:00,12,4,7,102276,0.4186094791436197,0,http,0,benign,0
h046,2024-03-05 14:00:00,29,5,8,138185,0.6777806389723919,0,http,0,benign,0
h047,2024-03-05 14:00:00,7,3,4,16663,0.5909736423463087,1,http,0,benign,0
h048,2024-03-05 14:00:00,14,5,7,45828,0.3918656635793408,0,http,0,benign,0
h049,2024-03-05 14:00:00,4,2,2,1479026,11.096206243043712,0,http,0,benign,0
h050,2024-03-05 14:00:00,14,5,7,46416,0.5977550438261051,0,http,0,benign,0
h051,2024-03-05 14:00:00,6,2,6,48756,0.32997166339610595,0,smtp,0,benign,0
h052,2024-03-05 14:00:00,19,5,8,37022,0.469009761867183,1,http,0,benign,0
h053,2024-03-05 14:00:00,1,1,1,5260,0.05420434228477947,0,http,0,benign,0
h054,2024-03-05 14:00:00,5,2,5,41859,0.48331617097602375,0,http,0,benign,0
h055,2024-03-05 14:00:00,17,5,8,70036,0.5342080741101933,0,http,0,benign,0
h056,2024-03-05 14:00:00,7,4,5,34224,0.4582065248657757,0,http,0,benign,0
h057,2024-03-05 14:00:00,40,1,3,6562,0.24612297323200508,30,ssh,1,bruteforce,1
h058,2024-03-05 14:00:00,12,4,6,65546,0.5522051979122508,0,http,0,benign,0
h059,2024-03-05 14:00:00,14,5,6,87250,0.5622235539400683,0,http,0,benign,0
h000,2024-03-05 15:00:00,3,2,3,4472,0.40947396895363436,0,http,0,benign,0
h001,2024-03-05 15:00:00,7,3,5,40356,0.8520050620597553,0,http,0,benign,0
h002,2024-03-05 15:00:00,13,4,6,52474,0.5824537230758093,1,http,0,benign,0
h003,2024-03-05 15:00:00,9,2,1,5666941,18.537848379850537,0,http,1,exfil,1
h004,2024-03-05 15:00:00,13,4,7,52869,0.6629383306901584,0,http,0,benign,0
h005,2024-03-05 15:00:00,23,5,8,312932,0.4361590755041886,1,http,0,benign,0
h006,2024-03-05 15:00:00,4,4,3,59951,1.8233444489241304,0,http,0,benign,0
h007,2024-03-05 15:00:00,8,4,5,51043,0.5156399944573157,0,http,0,benign,0
h008,2024-03-05 15:00:00,9,3,6,30001,0.33918054357349536,0,http,0,benign,0
h009,2024-03-05 15:00:00,24,5,6,57311,0.5184435944199868,0,http,0,benign,0
h010,2024-03-05 15:00:00,21,4,8,180175,0.5459300539639812,0,http,0,benign,0
h011,2024-03-05 15:00:00,6,2,4,25516,1.0905590521131354,0,dns,0,benign,0
h012,2024-03-05 15:00:00,4,2,3,15321,0.32364309322399454,0,http,0,benign,0
h013,2024-03-05 15:00:00,64,1,3,11495,0.23466958500786178,55,ssh,1,bruteforce,1
h014,2024-03-05 15:00:00,19,5,7,55896,0.4869693987378535,0,http,0,benign,0
h015,2024-03-05 15:00:00,72,1,3,11932,0.2514238520958137,65,ssh,1,bruteforce,1
h016,2024-03-05 15:00:00,44,42,25,112945,0.5152851324328492,0,other,0,benign,0
h017,2024-03-05 15:00:00,44,5,8,125908,0.7660051771648021,0,http,0,benign,0
h018,2024-03-05 15:00:00,13,5,8,58350,0.44604420426156016,0,http,0,benign,0
h019,2024-03-05 15:00:00,9,4,7,32592,0.3809854245429455,0,http,0,benign,0
h020,2024-03-05 15:00:00,8,4,6,14089,0.748481690038294,0,http,1,benign,0
h021,2024-03-05 15:00:00,15,4,5,41677,0.7134722211649548,1,http,0,benign,0
h022,2024-03-05 15:00:00,48,1,3,7859,0.2512331014391466,40,ssh,0,benign,0
h023,2024-03-05 15:00:00,9,5,6,34691,0.7319538298303477,0,http,0,benign,0
h024,2024-03-05 15:00:00,55,1,3,8487,0.2721000022749088,40,ssh,1,bruteforce,1
h025,2024-03-05 15:00:00,28,4,7,85692,0.6052729003086277,0,http,0,benign,0
h026,2024-03-05 15:00:00,16,4,6,47476,0.38415845875009386,0,http,0,benign,0
h027,2024-03-05 15:00:00,8,4,6,44667,0.3838431275510677,1,http,0,benign,0
h028,2024-03-05 15:00:00,20,5,7,97765,0.6391435519140973,0,http,0,benign,0
h029,2024-03-05 15:00:00,3,2,2,9821,0.319560419827238,0,dns,0,benign,0
h030,2024-03-05 15:00:00,46,5,8,149202,0.5402675702785238,0,http,0,benign,0
h031,2024-03-05 15:00:00,15,5,8,37376,0.676995151664489,0,http,0,benign,0
h032,2024-03-05 15:00:00,8,4,5,19978,0.5287454574339369,0,http,0,benign,0
h033,2024-03-05 15:00:00,13,5,6,93996,0.4612893337674334,0,http,0,benign,0
h034,2024-03-05 15:00:00,14,3,6,53747,0.48066054335084524,0,http,0,benign,0
h035,2024-03-05 15:00:00,3,2,1,5871906,15.359622947853374,0,http,1,exfil,1
h036,2024-03-05 15:00:00,7,3,6,10554,0.297062558162683,0,dns,0,benign,0
h037,2024-03-05 15:00:00,55,51,33,134410,0.49854209338449557,0,other,0,benign,0
h038,2024-03-05 15:00:00,6,3,4,25168,0.5975966958909811,0,http,0,benign,0
h039,2024-03-05 15:00:00,3,2,1,4489342,35.03053356224458,0,ssh,1,exfil,1
h040,2024-03-05 15:00:00,72,65,49,4455,0.05758347014575322,0,other,1,portscan,1
h041,2024-03-05 15:00:00,8,4,7,25980,0.5780078299709129,0,http,0,benign,0
h042,2024-03-05 15:00:00,1,1,1,2018,1.5121533633686075,0,dns,0,benign,0
h043,2024-03-05 15:00:00,18,5,6,34370,0.8211612157387224,0,http,0,benign,0
h044,2024-03-05 15:00:00,13,4,7,57870,0.5561061439732213,1,http,0,benign,0
h045,2024-03-05 15:00:00,5,3,4,6190,0.6115632595971557,0,http,0,benign,0
h046,2024-03-05 15:00:00,5,3,5,41681,0.7626155570298383,0,http,0,benign,0
h047,2024-03-05 15:00:00,40,1,3,6183,0.2532371071891638,24,ssh,1,bruteforce,1
h048,2024-03-05 15:00:00,8,3,5,14320,1.0720870344688695,0,http,0,benign,0
h049,2024-03-05 15:00:00,10,4,5,71563,0.3877850890833193,0,http,0,benign,0
h050,2024-03-05 15:00:00,40,1,3,6728,0.20816218141292925,36,ssh,1,bruteforce,1
h051,2024-03-05 15:00:00,46,5,8,136075,0.477422526302481,0,http,0,benign,0
h052,2024-03-05 15:00:00,127,115,84,8366,0.05609753237728438,0,other,1,portscan,1
h053,2024-03-05 15:00:00,16,3,8,35961,0.8200491746438434,0,http,0,benign,0
h054,2024-03-05 15:00:00,25,5,7,117373,0.8696840447542747,0,http,0,benign,0
h055,2024-03-05 15:00:00,11,4,7,59696,0.7287222689227054,0,http,0,benign,0
h056,2024-03-05 15:00:00,3,2,1,1709382,15.073467304622445,0,ssh,0,benign,0
h057,2024-03-05 15:00:00,10,5,7,99449,0.6224084376146723,0,http,0,benign,0
h058,2024-03-05 15:00:00,20,5,6,76246,0.630474978747535,0,http,0,benign,0
h059,2024-03-05 15:00:00,3,2,2,6865,0.18491791958314108,0,dns,0,benign,0
h000,2024-03-05 16:00:00,3,2,2,7985,0.38358653149951016,0,http,0,benign,0
h001,2024-03-05 16:00:00,8,4,4,31344,2.0564488872668245,0,http,0,benign,0
h002,2024-03-05 16:00:00,7,2,2,1650778,12.705616409290204,0,ssh,0,benign,0
h003,2024-03-05 16:00:00,3,2,1,2033586,31.79483654018205,0,http,1,exfil,1
h004,2024-03-05 16:00:00,25,4,8,111489,0.6959358277644085,0,http,0,benign,0
h005,2024-03-05 16:00:00,1,1,1,2422,0.11958242205099365,0,ssh,0,benign,0
h006,2024-03-05 16:00:00,71,69,48,4722,0.05361184077646484,0,other,1,portscan,1
h007,2024-03-05 16:00:00,123,115,92,8561,0.0582397263269304,0,other,1,portscan,1
h008,2024-03-05 16:00:00,121,114,85,7920,0.06005750025707106,0,other,1,portscan,1
h009,2024-03-05 16:00:00,9,5,5,37744,0.3975177834452902,0,http,0,benign,0
h010,2024-03-05 16:00:00,6,4,5,12483,0.5487595548238119,0,http,0,benign,0
h011,2024-03-05 16:00:00,23,5,7,67516,0.6512838895061221,0,http,0,benign,0
h012,2024-03-05 16:00:00,2,2,2,1217,0.6869056385217801,0,ssh,0,benign,0
h013,2024-03-05 16:00:00,16,4,7,187430,0.6462825080820301,2,http,0,benign,0
h014,2024-03-05 16:00:00,53,52,34,233047,0.6353391889756217,0,other,0,benign,0
h015,2024-03-05 16:00:00,10,2,2,2659759,16.569571085782563,0,http,0,benign,0
h016,2024-03-05 16:00:00,53,52,29,116047,0.5881858934518016,0,other,0,benign,0
h017,2024-03-05 16:00:00,60,4,8,225087,0.5740709567146435,0,http,1,benign,0
h018,2024-03-05 16:00:00,8,3,4,7320,0.6843911902778704,0,http,0,benign,0
h019,2024-03-05 16:00:00,20,5,6,68462,0.30786939703234717,0,http,0,benign,0
h020,2024-03-05 16:00:00,26,4,8,64383,0.5448055035284743,1,http,0,benign,0
h021,2024-03-05 16:00:00,9,4,6,40748,0.33807515728823817,0,http,0,benign,0
h022,2024-03-05 16:00:00,76,70,57,4607,0.05582111381077831,0,other,1,portscan,1
h023,2024-03-05 16:00:00,6,2,4,73200,0.5909048463342018,0,http,0,benign,0
h024,2024-03-05 16:00:00,60,1,3,10784,0.24941735741213134,53,ssh,1,bruteforce,1
h025,2024-03-05 16:00:00,157,137,112,10910,0.053489452303209076,0,other,1,portscan,1
h026,2024-03-05 16:00:00,10,3,5,37450,0.3430240001408408,0,http,0,benign,0
h027,2024-03-05 16:00:00,5,4,5,22973,0.6841796943830804,0,http,0,benign,0
h028,2024-03-05 16:00:00,4,2,3,13989,0.3520539951695051,0,http,0,benign,0
h029,2024-03-05 16:00:00,3,3,2,7293,0.49143152087443026,0,dns,0,benign,0
h030,2024-03-05 16:00:00,28,5,8,107298,0.7341532913543457,1,http,0,benign,0
h031,2024-03-05 16:00:00,3,2,1,1645295,54.23392481918116,0,http,1,exfil,1
h032,2024-03-05 16:00:00,22,5,8,93514,0.8331608107058834,0,http,0,benign,0
h033,2024-03-05 16:00:00,22,5,7,86812,0.4264925981671965,0,http,0,benign,0
h034,2024-03-05 16:00:00,11,3,6,38546,0.5670778150456536,0,http,0,benign,0
h035,2024-03-05 16:00:00,22,5,7,96446,0.4224560956802298,0,http,0,benign,0
h036,2024-03-05 16:00:00,6,4,4,19873,0.2787018621598542,0,http,0,benign,0
h037,2024-03-05 16:00:00,69,67,48,4763,0.050738694488409654,0,other,1,portscan,1
h038,2024-03-05 16:00:00,9,3,7,25043,0.8150055232126243,0,http,0,benign,0
h039,2024-03-05 16:00:00,4,3,4,22334,0.6875854224029602,0,http,0,benign,0
h040,2024-03-05 16:00:00,1,1,1,2100,0.9893313579830676,0,http,0,benign,0
h041,2024-03-05 16:00:00,41,5,8,206398,0.49791907196595614,0,http,0,benign,0
h042,2024-03-05 16:00:00,8,3,6,37286,0.4397907196413959,1,http,0,benign,0
h043,2024-03-05 16:00:00,17,5,7,70555,0.5397344997355085,0,http,0,benign,0
h044,2024-03-05 16:00:00,4,3,4,9482,0.8273762974578771,0,http,0,benign,0
h045,2024-03-05 16:00:00,14,4,6,36517,0.7469599951770318,0,http,0,benign,0
h046,2024-03-05 16:00:00,12,4,6,33460,0.46893884347585657,1,http,0,benign,0
h047,2024-03-05 16:00:00,9,3,6,49611,1.2333227609794535,0,http,0,benign,0
h048,2024-03-05 16:00:00,3,3,3,6878,0.4393322365941345,0,http,0,benign,0
h049,2024-03-05 16:00:00,8,3,5,84193,0.5159263625111566,0,http,0,benign,0
h050,2024-03-05 16:00:00,7,4,5,20150,0.6920562918399805,0,http,0,benign,0
h051,2024-03-05 16:00:00,11,5,7,33782,0.5068249395577106,0,http,0,benign,0
h052,2024-03-05 16:00:00,14,5,8,34183,0.6440331437114218,0,http,0,benign,0
h053,2024-03-05 16:00:00,4,3,4,44298,0.6688246358142151,0,http,0,benign,0
h054,2024-03-05 16:00:00,10,4,7,25386,0.30480670203462934,1,http,0,benign,0
h055,2024-03-05 16:00:00,23,5,8,58211,0.5556450042447462,1,http,0,benign,0
h056,2024-03-05 16:00:00,22,4,8,106171,0.5677252384311606,0,http,0,benign,0
h057,2024-03-05 16:00:00,8,4,5,73610,0.459887634948357,0,http,0,benign,0
h058,2024-03-05 16:00:00,18,5,8,41793,0.5504730139605747,0,http,0,benign,0
h059,2024-03-05 16:00:00,8,4,4,36874,0.46507947931201105,0,http,0,benign,0
h000,2024-03-05 17:00:00,6,3,4,13581,0.4941747922234883,0,http,0,benign,0
h001,2024-03-05 17:00:00,56,53,30,188980,0.49827912004413727,0,other,0,benign,0
h002,2024-03-05 17:00:00,16,5,7,33212,0.593034908203775,1,http,0,benign,0
h003,2024-03-05 17:00:00,16,3,6,71722,0.5324754987518755,0,http,0,benign,0
h004,2024-03-05 17:00:00,59,54,35,139352,0.6686264740537018,0,other,0,benign,0
h005,2024-03-05 17:00:00,29,4,8,183417,0.6453193697277247,1,http,0,benign,0
h006,2024-03-05 17:00:00,98,95,75,6501,0.06045545215871521,0,other,1,portscan,1
h007,2024-03-05 17:00:00,11,5,6,16348,0.4432045959267232,0,http,0,benign,0
h008,2024-03-05 17:00:00,10,2,6,55137,0.49126581780560413,0,http,0,benign,0
h009,2024-03-05 17:00:00,15,4,7,91135,0.4376004782946365,0,http,0,benign,0
h010,2024-03-05 17:00:00,15,5,7,58703,1.31526294127076,0,http,0,benign,0
h011,2024-03-05 17:00:00,8,4,5,23349,0.4119280021144188,0,http,0,benign,0
h012,2024-03-05 17:00:00,11,5,6,33811,0.36887774363687953,0,http,0,benign,0
h013,2024-03-05 17:00:00,34,5,8,157024,0.6702855613173689,2,http,0,benign,0
h014,2024-03-05 17:00:00,5,3,4,20315,0.863449349858832,0,http,0,benign,0
h015,2024-03-05 17:00:00,13,4,6,78410,0.7949988983270152,0,http,0,benign,0
h016,2024-03-05 17:00:00,12,5,6,27581,0.4495193059757141,1,http,0,benign,0
h017,2024-03-05 17:00:00,8,4,6,32584,0.9235708620584456,0,http,0,benign,0
h018,2024-03-05 17:00:00,5,2,5,31212,0.32345402922932653,0,http,1,benign,0
h019,2024-03-05 17:00:00,11,4,8,35651,0.45739129952887847,0,http,0,benign,0
h020,2024-03-05 17:00:00,8,4,5,19938,0.5632118709526465,0,http,0,benign,0
h021,2024-03-05 17:00:00,7,2,1,8708050,21.637791056304362,0,ssh,1,exfil,1
h022,2024-03-05 17:00:00,13,5,7,32764,0.733341783715354,0,http,0,benign,0
h023,2024-03-05 17:00:00,61,1,3,9674,0.26797607322037625,47,ssh,0,benign,0
h024,2024-03-05 17:00:00,46,1,3,7380,0.2420755573663271,38,ssh,0,benign,0
h025,2024-03-05 17:00:00,22,4,7,107368,0.7838623453199016,0,http,0,benign,0
h026,2024-03-05 17:00:00,6,2,1,2389033,14.72206170682248,0,ssh,1,exfil,1
h027,2024-03-05 17:00:00,26,4,7,78777,0.7632832730751661,0,http,0,benign,0
h028,2024-03-05 17:00:00,5,2,1,2016210,11.75644347863847,0,ssh,0,benign,0
h029,2024-03-05 17:00:00,5,3,4,29125,0.1366531854627043,1,http,0,benign,0
h030,2024-03-05 17:00:00,25,5,7,66865,0.5583932391337142,0,http,0,benign,0
h031,2024-03-05 17:00:00,20,5,8,91610,0.32252742537792123,0,http,0,benign,0
h032,2024-03-05 17:00:00,77,69,51,4625,0.05959143856080938,0,other,1,portscan,1
h033,2024-03-05 17:00:00,2,2,2,1766,0.6060604660011185,0,smtp,0,benign,0
h034,2024-03-05 17:00:00,5,2,2,886175,15.514474375753313,0,http,0,benign,0
h035,2024-03-05 17:00:00,6,3,4,9257,0.927632816707341,0,http,0,benign,0
h036,2024-03-05 17:00:00,6,3,4,73589,1.0384426746681281,0,http,0,benign,0
h037,2024-03-05 17:00:00,9,3,5,27615,0.7171110735604885,0,http,0,benign,0
h038,2024-03-05 17:00:00,12,4,6,33536,0.26312410898949046,0,http,0,benign,0
h039,2024-03-05 17:00:00,4,2,2,1538290,13.530061458610653,0,http,0,benign,0
h040,2024-03-05 17:00:00,11,4,7,59482,0.49255434074487975,0,http,0,benign,0
h041,2024-03-05 17:00:00,11,5,6,26152,1.2812395453239047,0,http,0,benign,0
h042,2024-03-05 17:00:00,135,126,99,10073,0.0539927766940628,0,other,1,portscan,1
h043,2024-03-05 17:00:00,11,5,7,30820,0.850148567736608,0,http,0,benign,0
h044,2024-03-05 17:00:00,45,5,8,122446,0.623103065662804,1,http,0,benign,0
h045,2024-03-05 17:00:00,27,4,8,136232,0.6697365997182722,0,http,0,benign,0
h046,2024-03-05 17:00:00,29,4,8,109260,0.4929629819439531,1,http,0,benign,0
h047,2024-03-05 17:00:00,88,81,61,5633,0.05545647898994491,0,other,1,portscan,1
h048,2024-03-05 17:00:00,53,52,40,3080,0.055185155502012466,0,other,1,portscan,1
h049,2024-03-05 17:00:00,9,4,4,40673,0.46679082416615736,0,http,0,benign,0
h050,2024-03-05 17:00:00,12,4,7,25402,0.6754448912859151,0,http,0,benign,0
h051,2024-03-05 17:00:00,23,5,8,146280,0.5029350297653443,0,http,0,benign,0
h052,2024-03-05 17:00:00,15,3,7,70168,0.7374958272169526,0,http,0,benign,0
h053,2024-03-05 17:00:00,8,3,6,40919,0.43768053901229065,0,http,0,benign,0
h054,2024-03-05 17:00:00,18,5,8,149047,0.35978396899095333,1,http,0,benign,0
h055,2024-03-05 17:00:00,37,5,8,128738,0.5148731370012456,1,http,0,benign,0
h056,2024-03-05 17:00:00,49,47,29,164786,0.6517566353254048,0,other,0,benign,0
h057,2024-03-05 17:00:00,16,5,7,49346,1.0044700012325718,0,http,0,benign,0
h058,2024-03-05 17:00:00,6,4,4,42765,0.7752908764571632,1,http,0,benign,0
h059,2024-03-05 17:00:00,13,3,8,78871,0.7679317320017026,0,http,0,benign,0
h000,2024-03-05 18:00:00,3,3,3,39643,1.0214358637372196,0,http,0,benign,0
h001,2024-03-05 18:00:00,8,3,4,76059,0.33516456600073385,0,http,0,benign,0
h002,2024-03-05 18:00:00,4,2,4,25979,0.20572861249261998,0,http,0,benign,0
h003,2024-03-05 18:00:00,13,5,6,42423,0.25857781100209737,0,http,0,benign,0
h004,2024-03-05 18:00:00,8,4,6,24039,0.646339757240523,0,http,0,benign,0
h005,2024-03-05 18:00:00,5,3,5,16365,0.6686379333610564,0,http,0,benign,0
h006,2024-03-05 18:00:00,15,5,6,57087,0.5146047713796265,0,http,0,benign,0
h007,2024-03-05 18:00:00,23,4,8,134237,0.4465853873730993,0,http,0,benign,0
h008,2024-03-05 18:00:00,27,5,8,206899,0.49491191473116425,0,http,0,benign,0
h009,2024-03-05 18:00:00,13,5,8,73410,0.4236390285356142,0,http,0,benign,0
h010,2024-03-05 18:00:00,2,2,2,6637,1.007162640761145,0,http,0,benign,0
h011,2024-03-05 18:00:00,4,2,1,1331328,22.0906148959756,0,http,0,benign,0
h012,2024-03-05 18:00:00,20,5,6,49617,0.5127182746662531,0,http,0,benign,0
h013,2024-03-05 18:00:00,29,5,8,113274,0.792531082699345,0,http,0,benign,0
h014,2024-03-05 18:00:00,3,2,3,3024,0.5362008430665325,0,http,0,benign,0
h015,2024-03-05 18:00:00,20,5,5,38909,0.49002657701938085,0,http,0,benign,0
h016,2024-03-05 18:00:00,12,3,6,40118,0.48108117052637617,0,http,0,benign,0
h017,2024-03-05 18:00:00,3,2,2,10414,0.3952808525638372,0,dns,0,benign,0
h018,2024-03-05 18:00:00,112,103,81,7197,0.054357650933369965,0,other,1,portscan,1
h019,2024-03-05 18:00:00,8,3,5,12087,0.4279909101405944,0,http,0,benign,0
h020,2024-03-05 18:00:00,2,1,1,7121,0.6976563195068176,0,http,0,benign,0
h021,2024-03-05 18:00:00,35,4,8,174507,0.5394516604879918,0,http,0,benign,0
h022,2024-03-05 18:00:00,4,3,4,14870,0.150559500404865,0,ssh,0,benign,0
h023,2024-03-05 18:00:00,6,3,3,37407,0.308711445137067,0,http,0,benign,0
h024,2024-03-05 18:00:00,30,5,8,106283,0.3423655685130346,1,http,0,benign,0
h025,2024-03-05 18:00:00,53,48,32,154002,0.7297436212056008,0,other,0,benign,0
h026,2024-03-05 18:00:00,25,4,8,81316,0.5138039016614178,0,http,0,benign,0
h027,2024-03-05 18:00:00,5,2,2,1206395,12.775292814908894,0,ssh,0,benign,0
h028,2024-03-05 18:00:00,6,4,3,30393,0.8612360654959158,0,http,0,benign,0
h029,2024-03-05 18:00:00,55,52,26,121081,0.5676760368106857,0,other,0,benign,0
h030,2024-03-05 18:00:00,4,3,4,8495,0.45233661893460825,0,http,0,benign,0
h031,2024-03-05 18:00:00,22,5,7,75047,0.7246000223384057,1,http,0,benign,0
h032,2024-03-05 18:00:00,6,3,3,21578,0.4464983091430423,0,http,0,benign,0
h033,2024-03-05 18:00:00,3,3,3,7118,0.5081199699251507,0,dns,0,benign,0
h034,2024-03-05 18:00:00,154,131,97,9767,0.06034891896576434,0,other,1,portscan,1
h035,2024-03-05 18:00:00,10,5,5,62511,1.255305065472042,0,http,0,benign,0
h036,2024-03-05 18:00:00,39,4,8,200845,0.5504009627742108,0,http,0,benign,0
h037,2024-03-05 18:00:00,117,108,80,7086,0.05365113192162108,0,other,1,portscan,1
h038,2024-03-05 18:00:00,3,2,3,6093,0.30449332225799103,0,http,0,benign,0
h039,2024-03-05 18:00:00,13,3,6,56871,0.9343429300806457,0,http,0,benign,0
h040,2024-03-05 18:00:00,8,5,4,23982,0.5994839253836478,0,http,0,benign,0
h041,2024-03-05 18:00:00,8,3,7,26231,0.523758338089424,0,http,0,benign,0
h042,2024-03-05 18:00:00,31,5,8,105228,0.5520638663043322,0,http,0,benign,0
h043,2024-03-05 18:00:00,12,5,6,48638,0.7089230667916828,0,http,0,benign,0
h044,2024-03-05 18:00:00,12,4,5,56959,0.6810094009693911,0,http,0,benign,0
h045,2024-03-05 18:00:00,13,3,8,149665,0.4257857930774111,0,http,0,benign,0
h046,2024-03-05 18:00:00,1,1,1,10624,0.2793023846301764,0,dns,0,benign,0
h047,2024-03-05 18:00:00,74,70,51,4897,0.05218245027116209,0,other,0,benign,0
h048,2024-03-05 18:00:00,11,4,6,28805,0.778862806248911,0,http,0,benign,0
h049,2024-03-05 18:00:00,11,3,5,41205,0.5701120950882398,0,http,0,benign,0
h050,2024-03-05 18:00:00,8,4,5,12090,0.570283295684602,0,http,1,benign,0
h051,2024-03-05 18:00:00,10,4,5,32413,0.6214304285246153,0,http,0,benign,0
h052,2024-03-05 18:00:00,55,52,31,116715,0.49404336327484366,0,other,0,benign,0
h053,2024-03-05 18:00:00,2,2,2,115038,0.4171539840927545,0,http,0,benign,0
h054,2024-03-05 18:00:00,17,4,7,61816,0.5638287270741907,0,http,0,benign,0
h055,2024-03-05 18:00:00,7,2,5,19706,0.632136587537411,0,http,0,benign,0
h056,2024-03-05 18:00:00,77,70,54,5019,0.06019816247973743,0,other,1,portscan,1
h057,2024-03-05 18:00:00,10,4,6,21070,0.4292950281494149,0,http,0,benign,0
h058,2024-03-05 18:00:00,5,2,1,2125130,33.90595220379198,0,http,0,benign,0
h059,2024-03-05 18:00:00,3,3,3,17999,0.58247415295211,0,smtp,0,benign,0
h000,2024-03-05 19:00:00,13,4,6,51503,0.297736088009381,1,http,0,benign,0
h001,2024-03-05 19:00:00,130,117,84,8926,0.06300915421137163,0,other,1,portscan,1
h002,2024-03-05 19:00:00,7,5,5,25479,0.5773764768032139,0,http,0,benign,0
h003,2024-03-05 19:00:00,13,5,6,38482,0.4362260545908224,0,http,0,benign,0
h004,2024-03-05 19:00:00,2,2,2,1101,0.6139294180077383,0,dns,0,benign,0
h005,2024-03-05 19:00:00,80,75,57,4664,0.05951716889243484,0,other,1,portscan,1
h006,2024-03-05 19:00:00,47,46,32,2562,0.05122261814246696,0,other,0,benign,0
h007,2024-03-05 19:00:00,4,2,4,12662,0.2951078884233775,0,http,0,benign,0
h008,2024-03-05 19:00:00,12,4,5,73837,0.7030977214828042,0,http,0,benign,0
h009,2024-03-05 19:00:00,78,73,58,4945,0.05580789562446484,0,other,1,portscan,1
h010,2024-03-05 19:00:00,4,3,3,31544,0.42993920049679996,0,http,0,benign,0
h011,2024-03-05 19:00:00,15,4,8,86995,0.7022561124912333,0,http,0,benign,0
h012,2024-03-05 19:00:00,11,4,6,24874,0.7714904270750768,0,http,0,benign,0
h013,2024-03-05 19:00:00,7,3,4,19515,0.2911840219154734,1,http,0,benign,0
h014,2024-03-05 19:00:00,7,3,5,9105,0.6188376387491827,0,http,0,benign,0
h015,2024-03-05 19:00:00,10,4,5,32525,0.1610873451045129,0,http,0,benign,0
h016,2024-03-05 19:00:00,8,2,2,6982286,16.274404325166778,0,http,0,benign,0
h017,2024-03-05 19:00:00,12,4,6,73088,0.3267262851750882,0,http,0,benign,0
h018,2024-03-05 19:00:00,5,2,1,1707333,9.513683375878301,0,http,1,benign,0
h019,2024-03-05 19:00:00,14,5,7,124977,0.7146838483944841,0,http,0,benign,0
h020,2024-03-05 19:00:00,10,4,6,40901,1.3844085976383895,0,http,0,benign,0
h021,2024-03-05 19:00:00,15,4,6,55049,0.6818360888448419,0,http,0,benign,0
h022,2024-03-05 19:00:00,14,4,7,53846,0.8942568104013376,0,http,0,benign,0
h023,2024-03-05 19:00:00,19,4,8,76504,0.6172442192443391,1,http,0,benign,0
h024,2024-03-05 19:00:00,2,2,2,2101,0.19342240632309032,0,http,0,benign,0
h025,2024-03-05 19:00:00,8,3,4,61957,0.5949217193138061,0,http,0,benign,0
h026,2024-03-05 19:00:00,79,73,53,5606,0.05184040082034175,0,other,1,portscan,1
h027,2024-03-05 19:00:00,3,1,3,28384,2.5720548163014842,0,http,0,benign,0
h028,2024-03-05 19:00:00,4,3,4,18327,0.3635065833883647,0,http,0,benign,0
h029,2024-03-05 19:00:00,17,4,7,43558,0.5630085052719076,1,http,0,benign,0
h030,2024-03-05 19:00:00,1,1,1,537,1.3212114283363303,0,http,0,benign,0
h031,2024-03-05 19:00:00,27,5,8,138481,0.5348388848902333,0,http,0,benign,0
h032,2024-03-05 19:00:00,21,4,8,97822,0.5238228970935079,0,http,0,benign,0
h033,2024-03-05 19:00:00,5,2,2,1347207,21.700695338218356,0,ssh,0,benign,0
h034,2024-03-05 19:00:00,11,4,7,40144,0.3486935954832276,0,http,0,benign,0
h035,2024-03-05 19:00:00,10,3,5,64133,0.4184244661145232,0,http,0,benign,0
h036,2024-03-05 19:00:00,2,1,1,1387414,20.770931041926616,0,http,1,exfil,1
h037,2024-03-05 19:00:00,1,1,1,388,0.8861462567921805,0,http,0,benign,0
h038,2024-03-05 19:00:00,32,1,3,5748,0.2628920912672735,24,ssh,1,bruteforce,1
h039,2024-03-05 19:00:00,12,5,5,26450,0.5581763224037551,0,http,0,benign,0
h040,2024-03-05 19:00:00,13,5,7,74170,0.9091981646432523,0,http,0,benign,0
h041,2024-03-05 19:00:00,3,2,3,17039,1.360407016214376,0,http,0,benign,0
h042,2024-03-05 19:00:00,10,4,5,20031,0.4072312318689465,0,http,0,benign,0
h043,2024-03-05 19:00:00,2,1,1,4095,0.9806300355924337,0,http,0,benign,0
h044,2024-03-05 19:00:00,9,3,6,23472,0.2902534582845757,0,http,0,benign,0
h045,2024-03-05 19:00:00,18,5,7,39285,1.0513317639840494,0,http,0,benign,0
h046,2024-03-05 19:00:00,10,4,7,51010,0.5676312976062536,0,http,0,benign,0
h047,2024-03-05 19:00:00,11,4,6,37716,1.041401237410079,1,http,0,benign,0
h048,2024-03-05 19:00:00,3,3,3,3598,1.0252187130353392,0,http,0,benign,0
h049,2024-03-05 19:00:00,6,3,4,72262,0.6523479808129625,0,dns,0,benign,0
h050,2024-03-05 19:00:00,17,4,6,34198,0.3690840787725282,0,http,0,benign,0
h051,2024-03-05 19:00:00,16,5,7,71532,0.5300850307887839,0,http,0,benign,0
h052,2024-03-05 19:00:00,9,5,5,35684,0.7222270658436173,0,http,0,benign,0
h053,2024-03-05 19:00:00,9,4,4,23014,0.6651947779511075,0,http,0,benign,0
h054,2024-03-05 19:00:00,39,1,3,6432,0.2541007693532348,29,ssh,1,bruteforce,1
h055,2024-03-05 19:00:00,22,5,7,123819,0.6030491779176782,0,http,0,benign,0
h056,2024-03-05 19:00:00,21,5,8,85011,0.5157612470224416,0,http,0,benign,0
h057,2024-03-05 19:00:00,4,2,3,11867,2.8601164131237926,0,http,0,benign,0
h058,2024-03-05 19:00:00,9,3,5,19741,0.46598943647144125,0,http,0,benign,0
h059,2024-03-05 19:00:00,6,4,6,63454,1.2166179427968484,0,smtp,0,benign,0
h000,2024-03-05 20:00:00,141,134,94,9660,0.05317022862656203,0,other,1,portscan,1
h001,2024-03-05 20:00:00,7,4,3,96512,0.5456586250625893,0,ssh,0,benign,0
h002,2024-03-05 20:00:00,33,1,3,5320,0.260675536396431,18,ssh,1,bruteforce,1
h003,2024-03-05 20:00:00,3,2,3,5132,0.46763503578140164,1,http,0,benign,0
h004,2024-03-05 20:00:00,4,3,2,9225,0.12484070718073759,0,http,0,benign,0
h005,2024-03-05 20:00:00,14,4,8,68217,0.6847771834800025,0,http,0,benign,0
h006,2024-03-05 20:00:00,19,5,8,57846,1.1845510275937923,0,http,0,benign,0
h007,2024-03-05 20:00:00,3,2,2,6601,0.613168619470201,0,smtp,0,benign,0
h008,2024-03-05 20:00:00,3,3,3,2933,0.8373770895774509,0,http,0,benign,0
h009,2024-03-05 20:00:00,11,3,7,48115,0.5836412672599386,1,http,0,benign,0
h010,2024-03-05 20:00:00,5,4,3,21459,0.5257171973761771,0,http,0,benign,0
h011,2024-03-05 20:00:00,24,5,8,115456,0.3863211592457274,1,http,0,benign,0
h012,2024-03-05 20:00:00,24,4,8,76724,0.5873938257026996,1,http,0,benign,0
h013,2024-03-05 20:00:00,106,101,72,6114,0.05857365304457473,0,other,1,portscan,1
h014,2024-03-05 20:00:00,6,3,6,22244,0.6397055276563487,0,http,0,benign,0
h015,2024-03-05 20:00:00,15,4,7,49361,0.3453899253868992,0,http,0,benign,0
h016,2024-03-05 20:00:00,13,5,6,38360,0.692168423278386,0,http,0,benign,0
h017,2024-03-05 20:00:00,1,1,1,2174,0.17905784205223121,0,ssh,0,benign,0
h018,2024-03-05 20:00:00,10,5,6,34761,0.518060293253282,0,http,0,benign,0
h019,2024-03-05 20:00:00,165,157,118,10246,0.05847937096038639,0,other,1,portscan,1
h020,2024-03-05 20:00:00,49,47,28,142205,0.6449750580393182,0,other,0,benign,0
h021,2024-03-05 20:00:00,3,2,3,11356,0.7134571229780375,0,http,0,benign,0
h022,2024-03-05 20:00:00,8,2,2,3722628,14.951620952524463,0,http,0,benign,0
h023,2024-03-05 20:00:00,8,3,5,31351,0.5393055396524554,0,http,0,benign,0
h024,2024-03-05 20:00:00,16,4,7,83239,0.47214161321941,0,http,0,benign,0
h025,2024-03-05 20:00:00,9,4,5,40690,0.467951662247465,0,http,0,benign,0
h026,2024-03-05 20:00:00,17,4,7,59173,0.6476046213720668,0,http,0,benign,0
h027,2024-03-05 20:00:00,26,5,8,91472,0.519460187025129,0,http,0,benign,0
h028,2024-03-05 20:00:00,9,3,5,26653,0.33411864237958117,0,http,0,benign,0
h029,2024-03-05 20:00:00,14,4,7,77730,0.5181688306626653,0,http,0,benign,0
h030,2024-03-05 20:00:00,10,4,6,101283,0.3869235904823297,0,http,0,benign,0
h031,2024-03-05 20:00:00,44,1,3,7963,0.258331739047294,32,ssh,1,bruteforce,1
h032,2024-03-05 20:00:00,4,2,4,10728,0.7175276020171832,0,http,0,benign,0
h033,2024-03-05 20:00:00,17,5,7,79934,0.6299968417684196,1,http,0,benign,0
h034,2024-03-05 20:00:00,7,4,4,15936,0.3763351803757054,0,http,0,benign,0
h035,2024-03-05 20:00:00,13,5,6,48992,0.7164357457713092,0,http,0,benign,0
h036,2024-03-05 20:00:00,9,5,7,58173,0.7495680904432191,0,http,0,benign,0
h037,2024-03-05 20:00:00,10,5,6,53693,0.7543786982878151,0,http,0,benign,0
h038,2024-03-05 20:00:00,9,3,5,29936,0.4480133992461398,0,http,0,benign,0
h039,2024-03-05 20:00:00,7,3,3,20308,0.6453271497521662,0,http,0,benign,0
h040,2024-03-05 20:00:00,17,4,7,88219,0.8678611242065699,0,http,0,benign,0
h041,2024-03-05 20:00:00,23,5,8,163905,0.49893541135383856,1,http,0,benign,0
h042,2024-03-05 20:00:00,10,2,6,34126,0.5252717839687377,0,http,0,benign,0
h043,2024-03-05 20:00:00,5,3,5,15807,0.7625670036769969,0,http,0,benign,0
h044,2024-03-05 20:00:00,18,5,8,49184,0.5326571543996721,0,http,0,benign,0
h045,2024-03-05 20:00:00,11,4,6,49092,0.6319581062697174,0,http,0,benign,0
h046,2024-03-05 20:00:00,16,5,8,94643,0.5091649864755234,0,http,0,benign,0
h047,2024-03-05 20:00:00,6,4,5,16680,0.5106932307152781,0,http,0,benign,0
h048,2024-03-05 20:00:00,44,39,28,144153,0.5675228944462576,0,other,0,benign,0
h049,2024-03-05 20:00:00,124,116,76,8743,0.05544272377550494,0,other,1,portscan,1
h050,2024-03-05 20:00:00,19,4,8,51826,0.6410071200208662,0,http,0,benign,0
h051,2024-03-05 20:00:00,2,2,1,11711,0.35798525832196093,0,http,0,benign,0
h052,2024-03-05 20:00:00,12,5,5,88862,0.7862936036832643,0,http,0,benign,0
h053,2024-03-05 20:00:00,19,5,8,113490,0.4225417519769299,0,http,0,benign,0
h054,2024-03-05 20:00:00,12,3,7,67909,0.7678640041007944,0,dns,0,benign,0
h055,2024-03-05 20:00:00,58,56,37,3781,0.04959937228433529,0,other,1,portscan,1
h056,2024-03-05 20:00:00,1,1,1,3588,2.24259160608916,0,http,0,benign,0
h057,2024-03-05 20:00:00,8,3,5,46998,0.8496531538841219,0,http,0,benign,0
h058,2024-03-05 20:00:00,46,44,26,97975,0.5989260985925897,0,other,0,benign,0
h059,2024-03-05 20:00:00,12,4,6,46176,0.5643307187197496,0,http,0,benign,0
h000,2024-03-05 21:00:00,9,4,4,25766,0.6162330483999787,0,http,0,benign,0
h001,2024-03-05 21:00:00,33,5,8,125245,1.0614981361356675,0,http,0,benign,0
h002,2024-03-05 21:00:00,24,5,8,74808,0.6136776963120797,0,http,0,benign,0
h003,2024-03-05 21:00:00,37,5,8,89022,0.7465839193084727,0,http,0,benign,0
h004,2024-03-05 21:00:00,49,4,8,185309,0.6593933466978362,0,http,0,benign,0
h005,2024-03-05 21:00:00,85,80,58,5973,0.055783248426031454,0,other,1,portscan,1
h006,2024-03-05 21:00:00,72,66,47,4626,0.05556326878300767,0,other,0,benign,0
h007,2024-03-05 21:00:00,4,3,3,17115,0.7411174536025895,0,http,0,benign,0
h008,2024-03-05 21:00:00,11,4,6,48823,0.999605926283941,1,http,0,benign,0
h009,2024-03-05 21:00:00,20,4,7,115771,0.4757448344710736,0,http,0,benign,0
h010,2024-03-05 21:00:00,53,5,8,184643,0.44657012735050144,0,http,0,benign,0
h011,2024-03-05 21:00:00,30,1,3,5520,0.2632120192578353,23,ssh,1,bruteforce,1
h012,2024-03-05 21:00:00,12,4,6,24325,0.6323321310540396,0,http,0,benign,0
h013,2024-03-05 21:00:00,16,5,8,95968,0.5808621786382766,0,http,0,benign,0
h014,2024-03-05 21:00:00,17,4,6,96318,0.42657417280034143,0,http,0,benign,0
h015,2024-03-05 21:00:00,3,3,3,3620,0.4694265206243908,0,dns,0,benign,0
h016,2024-03-05 21:00:00,13,4,7,30399,0.7471363106674397,0,http,0,benign,0
h017,2024-03-05 21:00:00,10,4,6,20029,1.2649832897389897,0,http,0,benign,0
h018,2024-03-05 21:00:00,29,5,7,134670,0.7074036232704654,1,http,0,benign,0
h019,2024-03-05 21:00:00,10,5,6,69991,0.5175033002782803,0,http,0,benign,0
h020,2024-03-05 21:00:00,8,5,5,34905,0.6410969238509446,0,http,0,benign,0
h021,2024-03-05 21:00:00,1,1,1,226,1.2948592861985166,0,dns,0,benign,0
h022,2024-03-05 21:00:00,22,5,8,75120,0.4916090908499825,0,http,0,benign,0
h023,2024-03-05 21:00:00,6,2,2,2800319,23.970912396369638,0,http,0,benign,0
h024,2024-03-05 21:00:00,18,5,8,86662,0.6945952287737885,0,http,0,benign,0
h025,2024-03-05 21:00:00,4,2,3,12297,0.7724188781743174,0,http,0,benign,0
h026,2024-03-05 21:00:00,28,5,8,69052,0.5835698857098307,0,http,0,benign,0
h027,2024-03-05 21:00:00,4,3,4,8105,0.1539104404529821,0,http,0,benign,0
h028,2024-03-05 21:00:00,28,4,8,104989,0.6568851859562228,1,http,0,benign,0
h029,2024-03-05 21:00:00,10,4,5,18324,0.4146495768114553,0,http,0,benign,0
h030,2024-03-05 21:00:00,9,3,5,30824,0.7258199047496866,0,http,0,benign,0
h031,2024-03-05 21:00:00,21,5,7,111550,0.4171912254205906,0,http,0,benign,0
h032,2024-03-05 21:00:00,6,4,4,47192,0.6591015246606678,0,http,0,benign,0
h033,2024-03-05 21:00:00,17,4,7,64032,0.4761951401488342,0,http,0,benign,0
h034,2024-03-05 21:00:00,3,2,3,29024,0.7345585516506921,0,http,0,benign,0
h035,2024-03-05 21:00:00,14,5,7,56763,0.6017228238578927,0,http,0,benign,0
h036,2024-03-05 21:00:00,7,3,4,23794,0.43358953955648566,0,http,0,benign,0
h037,2024-03-05 21:00:00,5,2,4,14773,0.6625009959112187,0,dns,0,benign,0
h038,2024-03-05 21:00:00,34,5,8,90804,0.5615282705095567,1,http,0,benign,0
h039,2024-03-05 21:00:00,3,2,2,12725,1.1951428226253453,0,http,0,benign,0
h040,2024-03-05 21:00:00,18,4,8,28152,0.783913861277807,0,http,0,benign,0
h041,2024-03-05 21:00:00,4,3,4,9267,0.4739360795890605,0,http,0,benign,0
h042,2024-03-05 21:00:00,5,2,1,2461005,33.804752418764565,0,http,1,exfil,1
h043,2024-03-05 21:00:00,56,5,8,228755,0.4715540871130451,1,http,0,benign,0
h044,2024-03-05 21:00:00,9,5,6,24219,0.2360766639486923,0,dns,0,benign,0
h045,2024-03-05 21:00:00,25,5,7,377004,0.7289794473012055,0,http,0,benign,0
h046,2024-03-05 21:00:00,6,3,4,24183,0.3177646232782012,0,http,0,benign,0
h047,2024-03-05 21:00:00,14,5,8,19428,0.902240504330371,1,http,0,benign,0
h048,2024-03-05 21:00:00,3,2,2,380140,13.392798492955821,0,http,0,benign,0
h049,2024-03-05 21:00:00,2,1,2,7494,0.4043744270454332,0,ssh,0,benign,0
h050,2024-03-05 21:00:00,7,3,5,51120,0.44272695783002675,0,http,0,benign,0
h051,2024-03-05 21:00:00,128,115,87,7928,0.05883634801868017,0,other,1,portscan,1
h052,2024-03-05 21:00:00,22,4,8,81833,0.41777307439307854,0,http,0,benign,0
h053,2024-03-05 21:00:00,15,5,7,43011,0.5670953130651005,0,http,0,benign,0
h054,2024-03-05 21:00:00,9,5,5,19745,0.3605709165196024,0,dns,0,benign,0
h055,2024-03-05 21:00:00,106,96,69,6321,0.05899043177927897,0,other,1,portscan,1
h056,2024-03-05 21:00:00,4,4,3,15298,0.20290343363564367,1,http,0,benign,0
h057,2024-03-05 21:00:00,4,2,2,3662,1.0103864079132296,0,http,0,benign,0
h058,2024-03-05 21:00:00,9,2,4,49484,0.8498394634654142,0,http,0,benign,0
h059,2024-03-05 21:00:00,16,4,8,75314,0.44124770697938237,1,http,0,benign,0
h000,2024-03-05 22:00:00,28,5,8,52296,0.8305872644943678,0,http,0,benign,0
h001,2024-03-05 22:00:00,50,44,26,139287,0.5696649033445476,0,other,0,benign,0
h002,2024-03-05 22:00:00,26,5,7,80689,0.6056676371822518,0,http,0,benign,0
h003,2024-03-05 22:00:00,19,4,8,63908,0.7694074014423712,0,http,0,benign,0
h004,2024-03-05 22:00:00,17,5,8,84973,0.6192456212777979,0,http,0,benign,0
h005,2024-03-05 22:00:00,3,3,3,12069,1.7961642436452419,0,http,0,benign,0
h006,2024-03-05 22:00:00,15,5,6,67748,0.5274549346062742,1,http,0,benign,0
h007,2024-03-05 22:00:00,25,5,8,49374,0.6856647763309796,0,http,0,benign,0
h008,2024-03-05 22:00:00,7,3,4,45722,0.47379281606155216,0,http,0,benign,0
h009,2024-03-05 22:00:00,11,3,6,40797,0.5181246079457383,0,http,0,benign,0
h010,2024-03-05 22:00:00,11,5,6,34229,0.5514154459234962,1,http,0,benign,0
h011,2024-03-05 22:00:00,11,4,7,27609,0.5516548041030513,0,http,0,benign,0
h012,2024-03-05 22:00:00,7,4,4,25120,0.4465193830658412,0,http,0,benign,0
h013,2024-03-05 22:00:00,16,5,7,51750,0.8624856512957839,0,http,0,benign,0
h014,2024-03-05 22:00:00,46,44,27,149750,0.7173230962910122,0,other,0,benign,0
h015,2024-03-05 22:00:00,11,5,6,51935,0.7607367823661056,0,http,0,benign,0
h016,2024-03-05 22:00:00,2,1,2,779,0.23685723982470303,0,http,0,benign,0
h017,2024-03-05 22:00:00,7,3,6,16715,0.30359010191158353,0,http,0,benign,0
h018,2024-03-05 22:00:00,27,4,7,142581,0.4687565997688027,1,http,0,benign,0
h019,2024-03-05 22:00:00,12,4,7,29209,0.4367314136732691,0,http,0,benign,0
h020,2024-03-05 22:00:00,2,1,2,620057,23.108510259604703,0,ssh,0,benign,0
h021,2024-03-05 22:00:00,5,2,2,2973354,13.456714692314483,0,ssh,0,benign,0
h022,2024-03-05 22:00:00,56,51,36,3628,0.056310096797483014,0,other,1,portscan,1
h023,2024-03-05 22:00:00,11,3,7,24696,1.4965745376718909,0,http,0,benign,0
h024,2024-03-05 22:00:00,6,3,5,45893,1.0635223554031679,0,http,0,benign,0
h025,2024-03-05 22:00:00,20,5,7,67693,0.599237432684894,0,http,0,benign,0
h026,2024-03-05 22:00:00,28,5,8,85106,0.5317563943972866,0,http,0,benign,0
h027,2024-03-05 22:00:00,34,1,3,6167,0.24761838690728968,21,ssh,1,bruteforce,1
h028,2024-03-05 22:00:00,69,1,3,10744,0.27252718709853135,64,ssh,1,bruteforce,1
h029,2024-03-05 22:00:00,8,3,6,44635,0.540652889816872,0,http,0,benign,0
h030,2024-03-05 22:00:00,6,4,5,24268,0.5475302386143928,0,http,0,benign,0
h031,2024-03-05 22:00:00,51,49,30,158238,0.7251607664881671,0,other,0,benign,0
h032,2024-03-05 22:00:00,3,2,2,14805,0.7305193352484399,0,dns,0,benign,0
h033,2024-03-05 22:00:00,22,5,8,77237,0.8569384285180862,0,http,0,benign,0
h034,2024-03-05 22:00:00,6,2,1,2232318,32.385604847985356,0,http,1,exfil,1
h035,2024-03-05 22:00:00,12,3,6,58056,0.4207183271904437,0,http,0,benign,0
h036,2024-03-05 22:00:00,17,5,8,81889,0.48120278620751833,0,http,0,benign,0
h037,2024-03-05 22:00:00,10,4,7,33405,0.6089045402449236,0,http,0,benign,0
h038,2024-03-05 22:00:00,107,99,76,6891,0.05612310044382278,0,other,1,portscan,1
h039,2024-03-05 22:00:00,2,2,2,5455,1.038650122301581,0,http,0,benign,0
h040,2024-03-05 22:00:00,7,2,1,3191911,16.27389104890528,0,ssh,0,benign,0
h041,2024-03-05 22:00:00,8,4,6,31949,0.41696046105581186,0,http,0,benign,0
h042,2024-03-05 22:00:00,5,4,5,44978,0.2797020967291045,0,ssh,0,benign,0
h043,2024-03-05 22:00:00,17,5,8,110826,0.602617123351653,0,http,0,benign,0
h044,2024-03-05 22:00:00,56,1,3,9419,0.2673753001373243,52,ssh,1,bruteforce,1
h045,2024-03-05 22:00:00,24,4,8,68263,0.5446336310774237,1,http,0,benign,0
h046,2024-03-05 22:00:00,21,5,8,74788,0.784667914142465,2,http,0,benign,0
h047,2024-03-05 22:00:00,16,4,6,22978,0.9132351522011204,0,http,0,benign,0
h048,2024-03-05 22:00:00,9,4,6,28815,0.32794261843884814,0,http,0,benign,0
h049,2024-03-05 22:00:00,5,4,3,32947,0.5733408076822633,0,http,0,benign,0
h050,2024-03-05 22:00:00,28,1,3,4729,0.26693907292711067,21,ssh,1,bruteforce,1
h051,2024-03-05 22:00:00,8,3,5,30662,0.4100276551718783,0,http,0,benign,0
h052,2024-03-05 22:00:00,11,4,7,121295,0.49370529107382455,0,http,0,benign,0
h053,2024-03-05 22:00:00,13,5,6,79874,0.5730378045050505,0,http,0,benign,0
h054,2024-03-05 22:00:00,7,3,4,18750,0.8586841559523217,0,http,0,benign,0
h055,2024-03-05 22:00:00,6,2,1,1303958,64.11530956418773,0,http,0,benign,0
h056,2024-03-05 22:00:00,5,2,1,1291220,28.50066001009701,0,ssh,1,exfil,1
h057,2024-03-05 22:00:00,24,5,8,183543,0.80120803311043,0,http,0,benign,0
h058,2024-03-05 22:00:00,3,2,2,6001,0.2528671189179817,0,ssh,0,benign,0
h059,2024-03-05 22:00:00,11,5,5,73873,0.6926086842230876,1,http,0,benign,0
h000,2024-03-05 23:00:00,11,3,6,21700,0.9827220956652565,0,http,0,benign,0
h001,2024-03-05 23:00:00,12,4,7,33066,0.4331124919049292,0,http,0,benign,0
h002,2024-03-05 23:00:00,3,2,2,24544,0.20614886250954467,0,http,0,benign,0
h003,2024-03-05 23:00:00,21,4,8,59145,0.9232895290705064,0,http,0,benign,0
h004,2024-03-05 23:00:00,10,4,6,54500,0.32588404936656223,0,http,0,benign,0
h005,2024-03-05 23:00:00,18,5,8,41743,0.7600166983718013,0,http,0,benign,0
h006,2024-03-05 23:00:00,4,3,4,4802,0.5896986172491864,0,http,0,benign,0
h007,2024-03-05 23:00:00,8,3,5,16270,0.44995973865569866,0,http,0,benign,0
h008,2024-03-05 23:00:00,7,3,6,16809,0.7145068224442278,0,http,0,benign,0
h009,2024-03-05 23:00:00,20,5,7,90329,0.5868253644530274,1,http,0,benign,0
h010,2024-03-05 23:00:00,51,51,29,121314,0.415149582453234,0,other,0,benign,0
h011,2024-03-05 23:00:00,5,3,4,34125,0.5514745089493769,0,http,0,benign,0
h012,2024-03-05 23:00:00,6,3,5,11151,0.35989804886066135,0,http,0,benign,0
h013,2024-03-05 23:00:00,8,4,6,43110,0.40250565232311386,0,http,0,benign,0
h014,2024-03-05 23:00:00,77,69,49,5384,0.05364164822848868,0,other,1,portscan,1
h015,2024-03-05 23:00:00,13,4,8,46741,0.4950072615862131,0,http,0,benign,0
h016,2024-03-05 23:00:00,1,1,1,129021,72.25393007044055,0,ssh,1,exfil,1
h017,2024-03-05 23:00:00,154,143,109,10106,0.05777831255034678,0,other,1,portscan,1
h018,2024-03-05 23:00:00,3,2,3,10889,0.3473528439415113,0,http,0,benign,0
h019,2024-03-05 23:00:00,47,1,3,7811,0.2454839092061207,40,ssh,1,bruteforce,1
h020,2024-03-05 23:00:00,3,2,3,2505,0.3897958097281949,0,http,0,benign,0
h021,2024-03-05 23:00:00,11,4,5,28088,0.760953841401486,0,http,0,benign,0
h022,2024-03-05 23:00:00,8,4,5,45021,0.6252825798465345,1,http,0,benign,0
h023,2024-03-05 23:00:00,23,4,8,82418,0.6582627728500808,0,http,0,benign,0
h024,2024-03-05 23:00:00,19,5,8,63630,0.5045213304422443,0,http,0,benign,0
h025,2024-03-05 23:00:00,15,5,7,34099,0.48887146022686234,1,http,0,benign,0
h026,2024-03-05 23:00:00,2,2,2,16635,0.39278996423953166,0,http,0,benign,0
h027,2024-03-05 23:00:00,15,3,6,44839,0.4795872479133921,0,http,0,benign,0
h028,2024-03-05 23:00:00,3,3,3,16663,0.2630594192952573,0,http,0,benign,0
h029,2024-03-05 23:00:00,4,3,4,6877,0.3881660511132473,0,http,0,benign,0
h030,2024-03-05 23:00:00,26,5,7,119830,0.47801348956357265,0,http,0,benign,0
h031,2024-03-05 23:00:00,6,3,5,13990,0.5484554990819744,0,http,0,benign,0
h032,2024-03-05 23:00:00,62,61,40,3994,0.0589379915549408,0,other,1,portscan,1
h033,2024-03-05 23:00:00,21,4,7,94126,0.4211443682570964,1,http,0,benign,0
h034,2024-03-05 23:00:00,6,3,4,23077,0.7767586668116574,0,http,0,benign,0
h035,2024-03-05 23:00:00,1,1,1,238,0.1388440017137154,0,http,0,benign,0
h036,2024-03-05 23:00:00,29,5,8,83243,0.9837073646092437,0,http,0,benign,0
h037,2024-03-05 23:00:00,5,4,3,22203,0.4569767698848886,0,http,0,benign,0
h038,2024-03-05 23:00:00,7,4,5,55381,0.4019492529864281,0,http,0,benign,0
h039,2024-03-05 23:00:00,13,3,7,26625,0.5100205643306451,0,http,0,benign,0
h040,2024-03-05 23:00:00,12,4,8,40407,0.8213366823352487,0,http,0,benign,0
h041,2024-03-05 23:00:00,11,3,6,40230,0.7616555625620116,0,http,0,benign,0
h042,2024-03-05 23:00:00,20,4,8,44762,0.6439344340803983,0,http,0,benign,0
h043,2024-03-05 23:00:00,4,4,3,6896,0.8135683964250856,0,http,0,benign,0
h044,2024-03-05 23:00:00,10,4,6,13589,0.9964449922552117,0,http,0,benign,0
h045,2024-03-05 23:00:00,9,5,7,15204,0.40992366064767527,0,http,0,benign,0
h046,2024-03-05 23:00:00,45,41,28,157215,0.9000538942352042,0,other,0,benign,0
h047,2024-03-05 23:00:00,8,4,6,13279,0.8355941063796709,0,http,0,benign,0
h048,2024-03-05 23:00:00,2,2,2,12285,0.2732932044500528,0,http,0,benign,0
h049,2024-03-05 23:00:00,20,5,8,68653,0.40472076843615123,0,http,0,benign,0
h050,2024-03-05 23:00:00,7,3,5,14922,0.3341866640973003,0,http,0,benign,0
h051,2024-03-05 23:00:00,8,3,5,19350,0.3032817955262312,1,http,0,benign,0
h052,2024-03-05 23:00:00,24,5,8,86653,0.4507282846580614,0,http,0,benign,0
h053,2024-03-05 23:00:00,5,3,3,6008,0.6819498881236885,0,http,0,benign,0
h054,2024-03-05 23:00:00,13,4,6,27359,0.6464398908287948,0,http,0,benign,0
h055,2024-03-05 23:00:00,13,5,7,44943,0.9883038964684869,0,http,0,benign,0
h056,2024-03-05 23:00:00,9,3,5,112189,0.4487008258631326,0,http,0,benign,0
h057,2024-03-05 23:00:00,49,49,29,135880,0.5887025325908343,0,other,0,benign,0
h058,2024-03-05 23:00:00,36,1,3,6034,0.2254730320869492,31,ssh,1,bruteforce,1
h059,2024-03-05 23:00:00,9,5,6,53429,1.6963852625623494,0,http,0,benign,0
